Run,ReleaseDate,LoadDate,spots,bases,spots_with_mates,avgLength,size_MB,AssemblyName,download_path,Experiment,LibraryName,LibraryStrategy,LibrarySelection,LibrarySource,LibraryLayout,InsertSize,InsertDev,Platform,Model,SRAStudy,BioProject,Study_Pubmed_id,ProjectID,Sample,BioSample,SampleType,TaxID,ScientificName,SampleName,g1k_pop_code,source,g1k_analysis_group,Subject_ID,Sex,Disease,Tumor,Affection_Status,Analyte_Type,Histological_Type,Body_Site,CenterName,Submission,dbgap_study_accession,Consent,RunHash,ReadHash
SRR12212662,2020/7/13 18:54,2020/7/13 18:42,12132,4813094,0,396,4,,https://sra-download.ncbi.nlm.nih.gov/traces/sra20/SRR/011926/SRR12212662,SRX8723251,20200411-1,AMPLICON,RT-PCR,VIRAL RNA,SINGLE,0,0,OXFORD_NANOPORE,MinION,SRP271670,PRJNA645970,,645970,SRS6998440,SAMN15520929,simple,2697049,Severe acute respiratory syndrome coronavirus 2,4144,,,,,,,no,,,,,SMORODINTSEV RESEARCH INSTITUTE OF INFLUENZA,SRA1098285,,public,FAAFA7707557EC4B2D8BB722C8BDC056,D6CEE4024C319A3BF68CEDF5C8B0381D
SRR12212651,2020/7/13 18:54,2020/7/13 18:42,115424,56926334,0,493,49,,https://sra-download.ncbi.nlm.nih.gov/traces/sra47/SRR/011926/SRR12212651,SRX8723262,20200331-8,AMPLICON,RT-PCR,VIRAL RNA,SINGLE,0,0,OXFORD_NANOPORE,MinION,SRP271670,PRJNA645970,,645970,SRS6998375,SAMN15520930,simple,2697049,Severe acute respiratory syndrome coronavirus 2,4307,,,,,,,no,,,,,SMORODINTSEV RESEARCH INSTITUTE OF INFLUENZA,SRA1098285,,public,5E8A950C9DDCA90C574CAEA21F54CCBF,5B80035D6817722DB6B5D61B6B792E67
SRR12212631,2020/7/13 18:54,2020/7/13 18:42,90493,47572905,0,525,42,,https://sra-download.ncbi.nlm.nih.gov/traces/sra2/SRR/011926/SRR12212631,SRX8723281,20200411-3,AMPLICON,RT-PCR,VIRAL RNA,SINGLE,0,0,OXFORD_NANOPORE,MinION,SRP271670,PRJNA645970,,645970,SRS6998481,SAMN15520931,simple,2697049,Severe acute respiratory syndrome coronavirus 2,4307V,,,,,,,no,,,,,SMORODINTSEV RESEARCH INSTITUTE OF INFLUENZA,SRA1098285,,public,F35A4996605C5F23B7C69594BABE2DAD,C759B1F38575B243DC3F5F60BADEF41B
SRR12212620,2020/7/13 18:54,2020/7/13 18:42,122885,58700377,0,477,51,,https://sra-download.ncbi.nlm.nih.gov/traces/sra29/SRR/011926/SRR12212620,SRX8723292,20200331-9,AMPLICON,RT-PCR,VIRAL RNA,SINGLE,0,0,OXFORD_NANOPORE,MinION,SRP271670,PRJNA645970,,645970,SRS6998491,SAMN15520932,simple,2697049,Severe acute respiratory syndrome coronavirus 2,4308,,,,,,,no,,,,,SMORODINTSEV RESEARCH INSTITUTE OF INFLUENZA,SRA1098285,,public,D1B507C7160AC7E1B983B73F407F0743,13104B44EC37A486EDD8C8AF527B0491
SRR12212609,2020/7/13 18:54,2020/7/13 18:42,36330,15222638,0,419,13,,https://sra-download.ncbi.nlm.nih.gov/traces/sra17/SRR/011926/SRR12212609,SRX8723303,20200411-4,AMPLICON,RT-PCR,VIRAL RNA,SINGLE,0,0,OXFORD_NANOPORE,MinION,SRP271670,PRJNA645970,,645970,SRS6998491,SAMN15520932,simple,2697049,Severe acute respiratory syndrome coronavirus 2,4308,,,,,,,no,,,,,SMORODINTSEV RESEARCH INSTITUTE OF INFLUENZA,SRA1098285,,public,3C1F5AF6C0A98F4DBFA3C0FDB91D5594,BE94F990153758133D1F6806ED76CFD2
SRR12212598,2020/7/13 18:54,2020/7/13 18:42,79497,42692542,0,537,37,,https://sra-download.ncbi.nlm.nih.gov/traces/sra25/SRR/011926/SRR12212598,SRX8723314,20200411-5,AMPLICON,RT-PCR,VIRAL RNA,SINGLE,0,0,OXFORD_NANOPORE,MinION,SRP271670,PRJNA645970,,645970,SRS6998513,SAMN15520933,simple,2697049,Severe acute respiratory syndrome coronavirus 2,4308V,,,,,,,no,,,,,SMORODINTSEV RESEARCH INSTITUTE OF INFLUENZA,SRA1098285,,public,8D594A4B59FF3E7165B7114E927FE233,4A00D157EF63384DD06AFE406B8F153F
SRR12212587,2020/7/13 19:02,2020/7/13 18:42,122655,57013034,0,464,49,,https://sra-download.ncbi.nlm.nih.gov/traces/sra8/SRR/011926/SRR12212587,SRX8723325,20200331-10,AMPLICON,RT-PCR,VIRAL RNA,SINGLE,0,0,OXFORD_NANOPORE,MinION,SRP271670,PRJNA645970,,645970,SRS6998522,SAMN15520934,simple,2697049,Severe acute respiratory syndrome coronavirus 2,4326,,,,,,,no,,,,,SMORODINTSEV RESEARCH INSTITUTE OF INFLUENZA,SRA1098285,,public,C87A4D327D117600A0871E8CBC195327,6152DF47B39F58CA36D5B529D3336527
SRR12212576,2020/7/13 18:57,2020/7/13 18:48,136946,60401015,0,441,52,,https://sra-download.ncbi.nlm.nih.gov/traces/sra47/SRR/011926/SRR12212576,SRX8723336,20200331-11,AMPLICON,RT-PCR,VIRAL RNA,SINGLE,0,0,OXFORD_NANOPORE,MinION,SRP271670,PRJNA645970,,645970,SRS6998534,SAMN15520935,simple,2697049,Severe acute respiratory syndrome coronavirus 2,4328,,,,,,,no,,,,,SMORODINTSEV RESEARCH INSTITUTE OF INFLUENZA,SRA1098285,,public,ADC1BFE40071074E0B23C51F642321E2,8F5D4CB7F0AD10785FAB093B1A0DE5A1
SRR12212668,2020/7/13 18:54,2020/7/13 18:43,30903,10306199,0,333,9,,https://sra-download.ncbi.nlm.nih.gov/traces/sra70/SRR/011926/SRR12212668,SRX8723245,20200421-25,AMPLICON,RT-PCR,VIRAL RNA,SINGLE,0,0,OXFORD_NANOPORE,MinION,SRP271670,PRJNA645970,,645970,SRS6998445,SAMN15520993,simple,2697049,Severe acute respiratory syndrome coronavirus 2,5029,,,,,,,no,,,,,SMORODINTSEV RESEARCH INSTITUTE OF INFLUENZA,SRA1098285,,public,4A8CD4017CDE48F7F8CC5C9C1888436D,D8AD5A81EA8232105B01ED88BAE09875
SRR12212667,2020/7/13 18:54,2020/7/13 18:42,40851,17700607,0,433,15,,https://sra-download.ncbi.nlm.nih.gov/traces/sra75/SRR/011926/SRR12212667,SRX8723246,20200421-26,AMPLICON,RT-PCR,VIRAL RNA,SINGLE,0,0,OXFORD_NANOPORE,MinION,SRP271670,PRJNA645970,,645970,SRS6998446,SAMN15520994,simple,2697049,Severe acute respiratory syndrome coronavirus 2,5033,,,,,,,no,,,,,SMORODINTSEV RESEARCH INSTITUTE OF INFLUENZA,SRA1098285,,public,4BC0A9CD6AC423F325D94C2B1D9E6328,94D6C55E52483ACAF60CD19A41B45FD2
SRR12212666,2020/7/13 18:54,2020/7/13 18:42,40444,14929301,0,369,13,,https://sra-download.ncbi.nlm.nih.gov/traces/sra72/SRR/011926/SRR12212666,SRX8723247,20200421-27,AMPLICON,RT-PCR,VIRAL RNA,SINGLE,0,0,OXFORD_NANOPORE,MinION,SRP271670,PRJNA645970,,645970,SRS6998447,SAMN15520995,simple,2697049,Severe acute respiratory syndrome coronavirus 2,5047,,,,,,,no,,,,,SMORODINTSEV RESEARCH INSTITUTE OF INFLUENZA,SRA1098285,,public,2E2E2B32FF570B904E46E46B4EE8C3DA,D50A5AF369AA8E05EB6C3B36685E5DB7
SRR12212665,2020/7/13 18:54,2020/7/13 18:42,19454,4095881,0,210,3,,https://sra-download.ncbi.nlm.nih.gov/traces/sra2/SRR/011926/SRR12212665,SRX8723248,20200421-28,AMPLICON,RT-PCR,VIRAL RNA,SINGLE,0,0,OXFORD_NANOPORE,MinION,SRP271670,PRJNA645970,,645970,SRS6998448,SAMN15520996,simple,2697049,Severe acute respiratory syndrome coronavirus 2,5169,,,,,,,no,,,,,SMORODINTSEV RESEARCH INSTITUTE OF INFLUENZA,SRA1098285,,public,D8A8E9975718F135ED2177D816435674,714C5B720FFA6EE152FA5027460D5A6A
SRR12212664,2020/7/13 18:54,2020/7/13 18:42,19387,4158314,0,214,3,,https://sra-download.ncbi.nlm.nih.gov/traces/sra11/SRR/011926/SRR12212664,SRX8723249,20200421-29,AMPLICON,RT-PCR,VIRAL RNA,SINGLE,0,0,OXFORD_NANOPORE,MinION,SRP271670,PRJNA645970,,645970,SRS6998450,SAMN15520997,simple,2697049,Severe acute respiratory syndrome coronavirus 2,5170,,,,,,,no,,,,,SMORODINTSEV RESEARCH INSTITUTE OF INFLUENZA,SRA1098285,,public,1A36B2C43114A2433191CC1B8E4CE95D,1B0B09275D01088F30713E2E882E9767
SRR12212663,2020/7/13 18:54,2020/7/13 18:42,62754,28961879,0,461,25,,https://sra-download.ncbi.nlm.nih.gov/traces/sra36/SRR/011926/SRR12212663,SRX8723250,20200421-30,AMPLICON,RT-PCR,VIRAL RNA,SINGLE,0,0,OXFORD_NANOPORE,MinION,SRP271670,PRJNA645970,,645970,SRS6998451,SAMN15520998,simple,2697049,Severe acute respiratory syndrome coronavirus 2,5244,,,,,,,no,,,,,SMORODINTSEV RESEARCH INSTITUTE OF INFLUENZA,SRA1098285,,public,E0D2B7D36FC56368FEF0D880494DDA9D,0A48054E8244493CFC5C7157D934CF1A
SRR12212661,2020/7/13 18:54,2020/7/13 18:43,91729,55285888,0,602,48,,https://sra-download.ncbi.nlm.nih.gov/traces/sra58/SRR/011926/SRR12212661,SRX8723252,20200421-31,AMPLICON,RT-PCR,VIRAL RNA,SINGLE,0,0,OXFORD_NANOPORE,MinION,SRP271670,PRJNA645970,,645970,SRS6998454,SAMN15520999,simple,2697049,Severe acute respiratory syndrome coronavirus 2,5247,,,,,,,no,,,,,SMORODINTSEV RESEARCH INSTITUTE OF INFLUENZA,SRA1098285,,public,1688A08AECCAA1B9DE1E9DA2D4AF973E,533EBB2D7114DB17C7D9D0E2BD0F52FD
SRR12212660,2020/7/13 18:54,2020/7/13 18:42,61347,24240870,0,395,21,,https://sra-download.ncbi.nlm.nih.gov/traces/sra25/SRR/011926/SRR12212660,SRX8723253,20200421-32,AMPLICON,RT-PCR,VIRAL RNA,SINGLE,0,0,OXFORD_NANOPORE,MinION,SRP271670,PRJNA645970,,645970,SRS6998452,SAMN15521000,simple,2697049,Severe acute respiratory syndrome coronavirus 2,5633,,,,,,,no,,,,,SMORODINTSEV RESEARCH INSTITUTE OF INFLUENZA,SRA1098285,,public,FBA8B8E5F295A4E0D1F5DF63B342AC2C,BC62AC0EBA70D019BA8A2CAA87859770
SRR12212659,2020/7/13 18:54,2020/7/13 18:42,63086,26457792,0,419,23,,https://sra-download.ncbi.nlm.nih.gov/traces/sra52/SRR/011926/SRR12212659,SRX8723254,20200421-33,AMPLICON,RT-PCR,VIRAL RNA,SINGLE,0,0,OXFORD_NANOPORE,MinION,SRP271670,PRJNA645970,,645970,SRS6998453,SAMN15521001,simple,2697049,Severe acute respiratory syndrome coronavirus 2,5634,,,,,,,no,,,,,SMORODINTSEV RESEARCH INSTITUTE OF INFLUENZA,SRA1098285,,public,54118D2F1E4F4AF57E086770D28F3336,87CF6DF97A981A46CAF7A6DA1BA66D7A
SRR12212658,2020/7/13 18:57,2020/7/13 18:48,90188,35946722,0,398,31,,https://sra-download.ncbi.nlm.nih.gov/traces/sra75/SRR/011926/SRR12212658,SRX8723255,20200421-34,AMPLICON,RT-PCR,VIRAL RNA,SINGLE,0,0,OXFORD_NANOPORE,MinION,SRP271670,PRJNA645970,,645970,SRS6998455,SAMN15521002,simple,2697049,Severe acute respiratory syndrome coronavirus 2,5635,,,,,,,no,,,,,SMORODINTSEV RESEARCH INSTITUTE OF INFLUENZA,SRA1098285,,public,14927A939CB137BACF37F6BD336C956A,44ABA02A58F1A0C5BAB9F98FD66C8A74
SRR12212657,2020/7/13 18:54,2020/7/13 18:42,61678,38753176,0,628,34,,https://sra-download.ncbi.nlm.nih.gov/traces/sra45/SRR/011926/SRR12212657,SRX8723256,20200502-1,AMPLICON,RT-PCR,VIRAL RNA,SINGLE,0,0,OXFORD_NANOPORE,MinION,SRP271670,PRJNA645970,,645970,SRS6998456,SAMN15521003,simple,2697049,Severe acute respiratory syndrome coronavirus 2,5635V,,,,,,,no,,,,,SMORODINTSEV RESEARCH INSTITUTE OF INFLUENZA,SRA1098285,,public,4FDE17423DDA31BE5DFD62137C290014,18949B6EA6D74D69C4538F2D426B250F
SRR12212656,2020/7/13 18:54,2020/7/13 18:42,78603,35774081,0,455,31,,https://sra-download.ncbi.nlm.nih.gov/traces/sra73/SRR/011926/SRR12212656,SRX8723257,20200421-35,AMPLICON,RT-PCR,VIRAL RNA,SINGLE,0,0,OXFORD_NANOPORE,MinION,SRP271670,PRJNA645970,,645970,SRS6998457,SAMN15521004,simple,2697049,Severe acute respiratory syndrome coronavirus 2,5642,,,,,,,no,,,,,SMORODINTSEV RESEARCH INSTITUTE OF INFLUENZA,SRA1098285,,public,6DABF307ADC02D1705ABC171F6A990AD,A374D0C3B8F68BFE9613DAE689267F48
SRR12212655,2020/7/13 18:54,2020/7/13 18:43,101324,65028702,0,641,56,,https://sra-download.ncbi.nlm.nih.gov/traces/sra60/SRR/011926/SRR12212655,SRX8723258,20200502-2,AMPLICON,RT-PCR,VIRAL RNA,SINGLE,0,0,OXFORD_NANOPORE,MinION,SRP271670,PRJNA645970,,645970,SRS6998458,SAMN15521005,simple,2697049,Severe acute respiratory syndrome coronavirus 2,5642V,,,,,,,no,,,,,SMORODINTSEV RESEARCH INSTITUTE OF INFLUENZA,SRA1098285,,public,59D57D8CF0810293C7E3FA8A10ECCD00,B1C761B39E1171247C04C52D1D9638F1
SRR12212654,2020/7/13 18:54,2020/7/13 18:42,83734,41619260,0,497,36,,https://sra-download.ncbi.nlm.nih.gov/traces/sra62/SRR/011926/SRR12212654,SRX8723259,20200421-36,AMPLICON,RT-PCR,VIRAL RNA,SINGLE,0,0,OXFORD_NANOPORE,MinION,SRP271670,PRJNA645970,,645970,SRS6998459,SAMN15521006,simple,2697049,Severe acute respiratory syndrome coronavirus 2,5643,,,,,,,no,,,,,SMORODINTSEV RESEARCH INSTITUTE OF INFLUENZA,SRA1098285,,public,0D8FEA125DD6E30FB109A87B0CA0C12B,E1CB2FA2D308481C01780266E3436BBA
SRR12212653,2020/7/13 18:54,2020/7/13 18:42,82912,55067148,0,664,48,,https://sra-download.ncbi.nlm.nih.gov/traces/sra27/SRR/011926/SRR12212653,SRX8723260,20200502-3,AMPLICON,RT-PCR,VIRAL RNA,SINGLE,0,0,OXFORD_NANOPORE,MinION,SRP271670,PRJNA645970,,645970,SRS6998460,SAMN15521007,simple,2697049,Severe acute respiratory syndrome coronavirus 2,5643V,,,,,,,no,,,,,SMORODINTSEV RESEARCH INSTITUTE OF INFLUENZA,SRA1098285,,public,6D8A47B98884D00C78CF462BE8C0F8F1,60DD7478CAA5859FB76057E0CCA6F4CD
SRR12212652,2020/7/13 18:54,2020/7/13 18:42,71969,31819756,0,442,28,,https://sra-download.ncbi.nlm.nih.gov/traces/sra62/SRR/011926/SRR12212652,SRX8723261,20200421-37,AMPLICON,RT-PCR,VIRAL RNA,SINGLE,0,0,OXFORD_NANOPORE,MinION,SRP271670,PRJNA645970,,645970,SRS6998461,SAMN15521008,simple,2697049,Severe acute respiratory syndrome coronavirus 2,5644,,,,,,,no,,,,,SMORODINTSEV RESEARCH INSTITUTE OF INFLUENZA,SRA1098285,,public,B4A0567F8E9B89500B92132CF7856A37,0BE74E46AE79F1144E4FFFDF2236C114
SRR12212650,2020/7/13 18:54,2020/7/13 18:42,63132,41580398,0,658,36,,https://sra-download.ncbi.nlm.nih.gov/traces/sra77/SRR/011926/SRR12212650,SRX8723263,20200502-4,AMPLICON,RT-PCR,VIRAL RNA,SINGLE,0,0,OXFORD_NANOPORE,MinION,SRP271670,PRJNA645970,,645970,SRS6998462,SAMN15521009,simple,2697049,Severe acute respiratory syndrome coronavirus 2,5644V,,,,,,,no,,,,,SMORODINTSEV RESEARCH INSTITUTE OF INFLUENZA,SRA1098285,,public,9AFE051372FD8A908A36AA30DF0BB081,5C94A7BA4D2C8B4F6611C9D059467B08
SRR12212649,2020/7/13 18:54,2020/7/13 18:42,53298,20956227,0,393,18,,https://sra-download.ncbi.nlm.nih.gov/traces/sra62/SRR/011926/SRR12212649,SRX8723264,20200421-38,AMPLICON,RT-PCR,VIRAL RNA,SINGLE,0,0,OXFORD_NANOPORE,MinION,SRP271670,PRJNA645970,,645970,SRS6998463,SAMN15521010,simple,2697049,Severe acute respiratory syndrome coronavirus 2,5654,,,,,,,no,,,,,SMORODINTSEV RESEARCH INSTITUTE OF INFLUENZA,SRA1098285,,public,87C21CE7871E05979E7769102D9C811D,D4099DD7A324C3DA93109E5BD191B6C1
SRR12212648,2020/7/13 18:54,2020/7/13 18:42,63695,42848467,0,672,37,,https://sra-download.ncbi.nlm.nih.gov/traces/sra62/SRR/011926/SRR12212648,SRX8723265,20200502-5,AMPLICON,RT-PCR,VIRAL RNA,SINGLE,0,0,OXFORD_NANOPORE,MinION,SRP271670,PRJNA645970,,645970,SRS6998464,SAMN15521011,simple,2697049,Severe acute respiratory syndrome coronavirus 2,5654V,,,,,,,no,,,,,SMORODINTSEV RESEARCH INSTITUTE OF INFLUENZA,SRA1098285,,public,7EE28002E9077B99FD0E5CB6E5995621,9E6CEC5EBD0FBAE00B1D38841153E851
SRR12212647,2020/7/13 18:54,2020/7/13 18:42,53348,23210726,0,435,20,,https://sra-download.ncbi.nlm.nih.gov/traces/sra3/SRR/011926/SRR12212647,SRX8723266,20200421-39,AMPLICON,RT-PCR,VIRAL RNA,SINGLE,0,0,OXFORD_NANOPORE,MinION,SRP271670,PRJNA645970,,645970,SRS6998465,SAMN15521012,simple,2697049,Severe acute respiratory syndrome coronavirus 2,5942,,,,,,,no,,,,,SMORODINTSEV RESEARCH INSTITUTE OF INFLUENZA,SRA1098285,,public,CAC830D9E27238F9C9492DBD74A6EA3A,FC3C8B73F7BD599C3EAE12B1AA1F2058
SRR12212646,2020/7/13 18:54,2020/7/13 18:42,63344,40323198,0,636,35,,https://sra-download.ncbi.nlm.nih.gov/traces/sra63/SRR/011926/SRR12212646,SRX8723267,20200502-6,AMPLICON,RT-PCR,VIRAL RNA,SINGLE,0,0,OXFORD_NANOPORE,MinION,SRP271670,PRJNA645970,,645970,SRS6998466,SAMN15521013,simple,2697049,Severe acute respiratory syndrome coronavirus 2,5942V,,,,,,,no,,,,,SMORODINTSEV RESEARCH INSTITUTE OF INFLUENZA,SRA1098285,,public,FC349CCF581E9C050F4C3FA30F70960E,0E7AD18C0405A9F8564F7A4085B726E5
SRR12212645,2020/7/13 18:54,2020/7/13 18:42,47404,17052322,0,359,15,,https://sra-download.ncbi.nlm.nih.gov/traces/sra24/SRR/011926/SRR12212645,SRX8723268,20200421-40,AMPLICON,RT-PCR,VIRAL RNA,SINGLE,0,0,OXFORD_NANOPORE,MinION,SRP271670,PRJNA645970,,645970,SRS6998467,SAMN15521014,simple,2697049,Severe acute respiratory syndrome coronavirus 2,6027,,,,,,,no,,,,,SMORODINTSEV RESEARCH INSTITUTE OF INFLUENZA,SRA1098285,,public,4EFFE7F3F75F614265A5DDB3A5C665C8,B9C5DD82DB3F3DB91345A0B6F9A74210
SRR12212644,2020/7/13 18:54,2020/7/13 18:42,83905,42268051,0,503,37,,https://sra-download.ncbi.nlm.nih.gov/traces/sra19/SRR/011926/SRR12212644,SRX8723269,20200421-41,AMPLICON,RT-PCR,VIRAL RNA,SINGLE,0,0,OXFORD_NANOPORE,MinION,SRP271670,PRJNA645970,,645970,SRS6998468,SAMN15521015,simple,2697049,Severe acute respiratory syndrome coronavirus 2,6031,,,,,,,no,,,,,SMORODINTSEV RESEARCH INSTITUTE OF INFLUENZA,SRA1098285,,public,8CE626CBF2CB7FC1D5F323DA1A981F73,D21308F0E2C4D9C213D9240D63DF1740
SRR12212643,2020/7/13 18:54,2020/7/13 18:42,87935,40487542,0,460,35,,https://sra-download.ncbi.nlm.nih.gov/traces/sra68/SRR/011926/SRR12212643,SRX8723270,20200421-42,AMPLICON,RT-PCR,VIRAL RNA,SINGLE,0,0,OXFORD_NANOPORE,MinION,SRP271670,PRJNA645970,,645970,SRS6998469,SAMN15521016,simple,2697049,Severe acute respiratory syndrome coronavirus 2,6039,,,,,,,no,,,,,SMORODINTSEV RESEARCH INSTITUTE OF INFLUENZA,SRA1098285,,public,A066EDC65603B37BF7D31B4B1FE8BA27,F75FB622E015F83587F932B8AAF3C993
SRR12212642,2020/7/13 18:54,2020/7/13 18:42,89060,46155054,0,518,40,,https://sra-download.ncbi.nlm.nih.gov/traces/sra47/SRR/011926/SRR12212642,SRX8723271,20200421-43,AMPLICON,RT-PCR,VIRAL RNA,SINGLE,0,0,OXFORD_NANOPORE,MinION,SRP271670,PRJNA645970,,645970,SRS6998470,SAMN15521017,simple,2697049,Severe acute respiratory syndrome coronavirus 2,6043,,,,,,,no,,,,,SMORODINTSEV RESEARCH INSTITUTE OF INFLUENZA,SRA1098285,,public,2C337A30E2EE6E56E31F95338083D87A,2A4E098C87C58CA26879C7A8214A96BC
SRR12212640,2020/7/13 18:54,2020/7/13 18:42,58255,39472776,0,677,34,,https://sra-download.ncbi.nlm.nih.gov/traces/sra38/SRR/011926/SRR12212640,SRX8723272,20200502-7,AMPLICON,RT-PCR,VIRAL RNA,SINGLE,0,0,OXFORD_NANOPORE,MinION,SRP271670,PRJNA645970,,645970,SRS6998471,SAMN15521018,simple,2697049,Severe acute respiratory syndrome coronavirus 2,6043V,,,,,,,no,,,,,SMORODINTSEV RESEARCH INSTITUTE OF INFLUENZA,SRA1098285,,public,8E26930C09B1751B174EFE06EAA8BC1A,EA02F9D13A92789340C7E93DA8C41F58
SRR12212639,2020/7/13 18:54,2020/7/13 18:44,55667,24648880,0,442,21,,https://sra-download.ncbi.nlm.nih.gov/traces/sra52/SRR/011926/SRR12212639,SRX8723273,20200421-45,AMPLICON,RT-PCR,VIRAL RNA,SINGLE,0,0,OXFORD_NANOPORE,MinION,SRP271670,PRJNA645970,,645970,SRS6998472,SAMN15521021,simple,2697049,Severe acute respiratory syndrome coronavirus 2,6055,,,,,,,no,,,,,SMORODINTSEV RESEARCH INSTITUTE OF INFLUENZA,SRA1098285,,public,77F3B35641A61088453ECC0AEE71BA97,7026D4C91FA8E49E9AEC11C79CD11F2D
SRR12212638,2020/7/13 18:54,2020/7/13 18:45,47096,29171120,0,619,25,,https://sra-download.ncbi.nlm.nih.gov/traces/sra52/SRR/011926/SRR12212638,SRX8723274,20200502-9,AMPLICON,RT-PCR,VIRAL RNA,SINGLE,0,0,OXFORD_NANOPORE,MinION,SRP271670,PRJNA645970,,645970,SRS6998473,SAMN15521022,simple,2697049,Severe acute respiratory syndrome coronavirus 2,6055V,,,,,,,no,,,,,SMORODINTSEV RESEARCH INSTITUTE OF INFLUENZA,SRA1098285,,public,9237B2FF46346D198C1D1E7B33E320CE,343C29E747712435FE77CF0EBBA7629C
SRR12212637,2020/7/13 18:54,2020/7/13 18:42,74346,33187716,0,446,29,,https://sra-download.ncbi.nlm.nih.gov/traces/sra25/SRR/011926/SRR12212637,SRX8723275,20200421-46,AMPLICON,RT-PCR,VIRAL RNA,SINGLE,0,0,OXFORD_NANOPORE,MinION,SRP271670,PRJNA645970,,645970,SRS6998474,SAMN15521023,simple,2697049,Severe acute respiratory syndrome coronavirus 2,6056,,,,,,,no,,,,,SMORODINTSEV RESEARCH INSTITUTE OF INFLUENZA,SRA1098285,,public,59A283C1635A19BC5CBCE1C6F567A117,E5ECC7C4930E90FC136F67405A4279D6
SRR12212636,2020/7/13 18:54,2020/7/13 18:42,104834,53389247,0,509,46,,https://sra-download.ncbi.nlm.nih.gov/traces/sra63/SRR/011926/SRR12212636,SRX8723276,20200421-47,AMPLICON,RT-PCR,VIRAL RNA,SINGLE,0,0,OXFORD_NANOPORE,MinION,SRP271670,PRJNA645970,,645970,SRS6998476,SAMN15521024,simple,2697049,Severe acute respiratory syndrome coronavirus 2,6060,,,,,,,no,,,,,SMORODINTSEV RESEARCH INSTITUTE OF INFLUENZA,SRA1098285,,public,5B3D1135D4B56FA2CE364CC11BB9FD86,8ACFD15B7C2266E9A29ACBBFF773B7B0
SRR12212635,2020/7/13 18:54,2020/7/13 18:42,100265,55302951,0,551,48,,https://sra-download.ncbi.nlm.nih.gov/traces/sra24/SRR/011926/SRR12212635,SRX8723277,20200421-48,AMPLICON,RT-PCR,VIRAL RNA,SINGLE,0,0,OXFORD_NANOPORE,MinION,SRP271670,PRJNA645970,,645970,SRS6998475,SAMN15521025,simple,2697049,Severe acute respiratory syndrome coronavirus 2,6061,,,,,,,no,,,,,SMORODINTSEV RESEARCH INSTITUTE OF INFLUENZA,SRA1098285,,public,E51AD9BC1241684AF8B5CF9561769DD1,E06B75163B5DBBB208EA233B64185D49
SRR12212634,2020/7/13 18:54,2020/7/13 18:42,42345,27439128,0,647,24,,https://sra-download.ncbi.nlm.nih.gov/traces/sra52/SRR/011926/SRR12212634,SRX8723278,20200502-10,AMPLICON,RT-PCR,VIRAL RNA,SINGLE,0,0,OXFORD_NANOPORE,MinION,SRP271670,PRJNA645970,,645970,SRS6998478,SAMN15521026,simple,2697049,Severe acute respiratory syndrome coronavirus 2,6061V,,,,,,,no,,,,,SMORODINTSEV RESEARCH INSTITUTE OF INFLUENZA,SRA1098285,,public,89C9631F7D5E73815F7EC5540D4A6111,97887439C0B9ADBB4CF957A6575423B9
SRR12212633,2020/7/13 18:54,2020/7/13 18:42,97427,46794111,0,480,41,,https://sra-download.ncbi.nlm.nih.gov/traces/sra29/SRR/011926/SRR12212633,SRX8723279,20200421-49,AMPLICON,RT-PCR,VIRAL RNA,SINGLE,0,0,OXFORD_NANOPORE,MinION,SRP271670,PRJNA645970,,645970,SRS6998477,SAMN15521027,simple,2697049,Severe acute respiratory syndrome coronavirus 2,6063,,,,,,,no,,,,,SMORODINTSEV RESEARCH INSTITUTE OF INFLUENZA,SRA1098285,,public,CD62C61E6581862E872A9E473B9756BB,68163BD4B865D9CA1EAC40229524D6F2
SRR12212632,2020/7/13 18:57,2020/7/13 18:42,53518,33942848,0,634,29,,https://sra-download.ncbi.nlm.nih.gov/traces/sra19/SRR/011926/SRR12212632,SRX8723280,20200502-11,AMPLICON,RT-PCR,VIRAL RNA,SINGLE,0,0,OXFORD_NANOPORE,MinION,SRP271670,PRJNA645970,,645970,SRS6998479,SAMN15521028,simple,2697049,Severe acute respiratory syndrome coronavirus 2,6063V,,,,,,,no,,,,,SMORODINTSEV RESEARCH INSTITUTE OF INFLUENZA,SRA1098285,,public,EDA19A8053E0934D21C88A6CF818F92F,BA9E0341D3F7911B96118B735DB8E966
SRR12212630,2020/7/13 18:57,2020/7/13 18:42,59584,24295178,0,407,21,,https://sra-download.ncbi.nlm.nih.gov/traces/sra14/SRR/011926/SRR12212630,SRX8723282,20200421-50,AMPLICON,RT-PCR,VIRAL RNA,SINGLE,0,0,OXFORD_NANOPORE,MinION,SRP271670,PRJNA645970,,645970,SRS6998480,SAMN15521029,simple,2697049,Severe acute respiratory syndrome coronavirus 2,6065,,,,,,,no,,,,,SMORODINTSEV RESEARCH INSTITUTE OF INFLUENZA,SRA1098285,,public,25554A65AEACD9E2707A26D13F23140A,1AD243140B3BFFDFC8F143A77BE8F154
SRR12212629,2020/7/13 18:54,2020/7/13 18:42,58965,35350624,0,599,31,,https://sra-download.ncbi.nlm.nih.gov/traces/sra79/SRR/011926/SRR12212629,SRX8723283,20200502-12,AMPLICON,RT-PCR,VIRAL RNA,SINGLE,0,0,OXFORD_NANOPORE,MinION,SRP271670,PRJNA645970,,645970,SRS6998482,SAMN15521030,simple,2697049,Severe acute respiratory syndrome coronavirus 2,6065V,,,,,,,no,,,,,SMORODINTSEV RESEARCH INSTITUTE OF INFLUENZA,SRA1098285,,public,9856953190BC7E7FDBA5C8D6E4459307,29AC9A09D85FDAAC154C36CA2DAD74EC
SRR12212628,2020/7/13 18:54,2020/7/13 18:42,66764,27138746,0,406,24,,https://sra-download.ncbi.nlm.nih.gov/traces/sra68/SRR/011926/SRR12212628,SRX8723284,20200421-51,AMPLICON,RT-PCR,VIRAL RNA,SINGLE,0,0,OXFORD_NANOPORE,MinION,SRP271670,PRJNA645970,,645970,SRS6998483,SAMN15521031,simple,2697049,Severe acute respiratory syndrome coronavirus 2,6086,,,,,,,no,,,,,SMORODINTSEV RESEARCH INSTITUTE OF INFLUENZA,SRA1098285,,public,412FF864B4F069321CC9E6506CDBF66E,A2047BF0140541C174C017DD91D8599E
SRR12212627,2020/7/13 18:54,2020/7/13 18:42,15977,7084723,0,443,6,,https://sra-download.ncbi.nlm.nih.gov/traces/sra38/SRR/011926/SRR12212627,SRX8723285,20200502-13,AMPLICON,RT-PCR,VIRAL RNA,SINGLE,0,0,OXFORD_NANOPORE,MinION,SRP271670,PRJNA645970,,645970,SRS6998484,SAMN15521032,simple,2697049,Severe acute respiratory syndrome coronavirus 2,6251,,,,,,,no,,,,,SMORODINTSEV RESEARCH INSTITUTE OF INFLUENZA,SRA1098285,,public,8FC6AD5CA733C7A2E72301061F1A7FBE,B3C9B2E6ADB9C4BA0C2212EF7F877F48
SRR12212626,2020/7/13 18:54,2020/7/13 18:42,46202,29738363,0,643,26,,https://sra-download.ncbi.nlm.nih.gov/traces/sra70/SRR/011926/SRR12212626,SRX8723286,20200502-14,AMPLICON,RT-PCR,VIRAL RNA,SINGLE,0,0,OXFORD_NANOPORE,MinION,SRP271670,PRJNA645970,,645970,SRS6998485,SAMN15521033,simple,2697049,Severe acute respiratory syndrome coronavirus 2,6704,,,,,,,no,,,,,SMORODINTSEV RESEARCH INSTITUTE OF INFLUENZA,SRA1098285,,public,E4B114CFE81598849F8E28537E574CC5,866A0DAE1055F4D6FEACED2B01DBD367
SRR12212625,2020/7/13 18:54,2020/7/13 18:42,13194,4548815,0,344,4,,https://sra-download.ncbi.nlm.nih.gov/traces/sra38/SRR/011926/SRR12212625,SRX8723287,20200502-15,AMPLICON,RT-PCR,VIRAL RNA,SINGLE,0,0,OXFORD_NANOPORE,MinION,SRP271670,PRJNA645970,,645970,SRS6998486,SAMN15521034,simple,2697049,Severe acute respiratory syndrome coronavirus 2,6790,,,,,,,no,,,,,SMORODINTSEV RESEARCH INSTITUTE OF INFLUENZA,SRA1098285,,public,4DD080FB77DA1ABCAD346412662C31D6,1D7487F57FEC9B5447995E44160624B0
SRR12212624,2020/7/13 18:54,2020/7/13 18:42,97634,65537883,0,671,57,,https://sra-download.ncbi.nlm.nih.gov/traces/sra46/SRR/011926/SRR12212624,SRX8723288,20200502-16,AMPLICON,RT-PCR,VIRAL RNA,SINGLE,0,0,OXFORD_NANOPORE,MinION,SRP271670,PRJNA645970,,645970,SRS6998487,SAMN15521035,simple,2697049,Severe acute respiratory syndrome coronavirus 2,6790V,,,,,,,no,,,,,SMORODINTSEV RESEARCH INSTITUTE OF INFLUENZA,SRA1098285,,public,865A21AC379B93073D95AB2B5259708F,F785EDF9734D410FCCEEC5FC5AF2939F
SRR12212623,2020/7/13 18:54,2020/7/13 18:42,10315,2799647,0,271,2,,https://sra-download.ncbi.nlm.nih.gov/traces/sra78/SRR/011926/SRR12212623,SRX8723289,20200502-17,AMPLICON,RT-PCR,VIRAL RNA,SINGLE,0,0,OXFORD_NANOPORE,MinION,SRP271670,PRJNA645970,,645970,SRS6998488,SAMN15521036,simple,2697049,Severe acute respiratory syndrome coronavirus 2,6840,,,,,,,no,,,,,SMORODINTSEV RESEARCH INSTITUTE OF INFLUENZA,SRA1098285,,public,60840E60314DD59B2C5939EA64389AA8,357B4A3368E1E4CFAE61317A848F1A58
SRR12212621,2020/7/13 18:54,2020/7/13 18:41,7146,1222522,0,171,1,,https://sra-download.ncbi.nlm.nih.gov/traces/sra38/SRR/011926/SRR12212621,SRX8723291,20200502-19,AMPLICON,RT-PCR,VIRAL RNA,SINGLE,0,0,OXFORD_NANOPORE,MinION,SRP271670,PRJNA645970,,645970,SRS6998490,SAMN15521038,simple,2697049,Severe acute respiratory syndrome coronavirus 2,6846,,,,,,,no,,,,,SMORODINTSEV RESEARCH INSTITUTE OF INFLUENZA,SRA1098285,,public,AF2EA1197F8E43D9B293B2C0AB7790CE,93262961FB3D2AD52E458A30AF162ED3
SRR12212622,2020/7/13 18:54,2020/7/13 18:42,99907,62129224,0,621,54,,https://sra-download.ncbi.nlm.nih.gov/traces/sra72/SRR/011926/SRR12212622,SRX8723290,20200502-18,AMPLICON,RT-PCR,VIRAL RNA,SINGLE,0,0,OXFORD_NANOPORE,MinION,SRP271670,PRJNA645970,,645970,SRS6998489,SAMN15521037,simple,2697049,Severe acute respiratory syndrome coronavirus 2,6846V,,,,,,,no,,,,,SMORODINTSEV RESEARCH INSTITUTE OF INFLUENZA,SRA1098285,,public,BB7E10FBB457E7EFEBE895469DBE40CE,26038C1900F4D6C0457FC277387FB4B7
SRR12212618,2020/7/13 18:54,2020/7/13 18:42,18600,8679116,0,466,7,,https://sra-download.ncbi.nlm.nih.gov/traces/sra51/SRR/011926/SRR12212618,SRX8723294,20200502-21,AMPLICON,RT-PCR,VIRAL RNA,SINGLE,0,0,OXFORD_NANOPORE,MinION,SRP271670,PRJNA645970,,645970,SRS6998493,SAMN15521040,simple,2697049,Severe acute respiratory syndrome coronavirus 2,6907,,,,,,,no,,,,,SMORODINTSEV RESEARCH INSTITUTE OF INFLUENZA,SRA1098285,,public,5343688FF1FA0510DADA6314ACACD566,F7F6178CC373E7F64992441FEC94B16E
SRR12212619,2020/7/13 18:54,2020/7/13 18:42,100532,65521803,0,651,57,,https://sra-download.ncbi.nlm.nih.gov/traces/sra7/SRR/011926/SRR12212619,SRX8723293,20200502-20,AMPLICON,RT-PCR,VIRAL RNA,SINGLE,0,0,OXFORD_NANOPORE,MinION,SRP271670,PRJNA645970,,645970,SRS6998492,SAMN15521039,simple,2697049,Severe acute respiratory syndrome coronavirus 2,6907V,,,,,,,no,,,,,SMORODINTSEV RESEARCH INSTITUTE OF INFLUENZA,SRA1098285,,public,61644EFC1B0CCCFC01D7A8B6ABA2EBD8,59B6F6900C15EC5206B96273A69CA69D
SRR12212616,2020/7/13 18:54,2020/7/13 18:42,16611,7034934,0,423,6,,https://sra-download.ncbi.nlm.nih.gov/traces/sra34/SRR/011926/SRR12212616,SRX8723296,20200502-23,AMPLICON,RT-PCR,VIRAL RNA,SINGLE,0,0,OXFORD_NANOPORE,MinION,SRP271670,PRJNA645970,,645970,SRS6998495,SAMN15521042,simple,2697049,Severe acute respiratory syndrome coronavirus 2,7039,,,,,,,no,,,,,SMORODINTSEV RESEARCH INSTITUTE OF INFLUENZA,SRA1098285,,public,E5460A48187140A781C9A013607EF911,D2184AC9FE7D990863DDA12800AFD03F
SRR12212617,2020/7/13 18:54,2020/7/13 18:42,137469,86123030,0,626,75,,https://sra-download.ncbi.nlm.nih.gov/traces/sra75/SRR/011926/SRR12212617,SRX8723295,20200502-22,AMPLICON,RT-PCR,VIRAL RNA,SINGLE,0,0,OXFORD_NANOPORE,MinION,SRP271670,PRJNA645970,,645970,SRS6998494,SAMN15521041,simple,2697049,Severe acute respiratory syndrome coronavirus 2,7039V,,,,,,,no,,,,,SMORODINTSEV RESEARCH INSTITUTE OF INFLUENZA,SRA1098285,,public,202FD68F648A4E414FA465CADDB46903,F6A953BAB40C72E8B9900341DC025234
SRR12212615,2020/7/13 18:54,2020/7/13 18:45,144230,97800117,0,678,85,,https://sra-download.ncbi.nlm.nih.gov/traces/sra65/SRR/011926/SRR12212615,SRX8723297,20200502-24,AMPLICON,RT-PCR,VIRAL RNA,SINGLE,0,0,OXFORD_NANOPORE,MinION,SRP271670,PRJNA645970,,645970,SRS6998496,SAMN15521043,simple,2697049,Severe acute respiratory syndrome coronavirus 2,7318,,,,,,,no,,,,,SMORODINTSEV RESEARCH INSTITUTE OF INFLUENZA,SRA1098285,,public,2570B73A9B461901A351EF3ACA8211E2,E6B6618CF83937839594A8901A7DC167
SRR12212613,2020/7/13 18:54,2020/7/13 18:44,13393,4114071,0,307,3,,https://sra-download.ncbi.nlm.nih.gov/traces/sra59/SRR/011926/SRR12212613,SRX8723299,20200502-26,AMPLICON,RT-PCR,VIRAL RNA,SINGLE,0,0,OXFORD_NANOPORE,MinION,SRP271670,PRJNA645970,,645970,SRS6998497,SAMN15521045,simple,2697049,Severe acute respiratory syndrome coronavirus 2,7319,,,,,,,no,,,,,SMORODINTSEV RESEARCH INSTITUTE OF INFLUENZA,SRA1098285,,public,23E18EC13F150079BC50A5F83C507CF6,CE54011C56FD647666FD3AD6616D0C1B
SRR12212614,2020/7/13 18:54,2020/7/13 18:42,94734,62426196,0,658,54,,https://sra-download.ncbi.nlm.nih.gov/traces/sra31/SRR/011926/SRR12212614,SRX8723298,20200502-25,AMPLICON,RT-PCR,VIRAL RNA,SINGLE,0,0,OXFORD_NANOPORE,MinION,SRP271670,PRJNA645970,,645970,SRS6998498,SAMN15521044,simple,2697049,Severe acute respiratory syndrome coronavirus 2,7319V,,,,,,,no,,,,,SMORODINTSEV RESEARCH INSTITUTE OF INFLUENZA,SRA1098285,,public,0C8E5706B6C26F87BC4ED5709808B777,4E4AD0605CFEC3041DA23EA0C3200065
SRR12212612,2020/7/13 18:54,2020/7/13 18:44,51935,120553258,0,2321,104,,https://sra-download.ncbi.nlm.nih.gov/traces/sra40/SRR/011926/SRR12212612,SRX8723300,20200502-27,AMPLICON,RT-PCR,VIRAL RNA,SINGLE,0,0,OXFORD_NANOPORE,MinION,SRP271670,PRJNA645970,,645970,SRS6998499,SAMN15521046,simple,2697049,Severe acute respiratory syndrome coronavirus 2,7321,,,,,,,no,,,,,SMORODINTSEV RESEARCH INSTITUTE OF INFLUENZA,SRA1098285,,public,760EDF3CA9E7A81F4698C6888BF30F8D,2080D9BAD020FE0640A7B967A5BB14FB
SRR12212611,2020/7/13 18:54,2020/7/13 18:42,137051,95153983,0,694,83,,https://sra-download.ncbi.nlm.nih.gov/traces/sra11/SRR/011926/SRR12212611,SRX8723301,20200502-28,AMPLICON,RT-PCR,VIRAL RNA,SINGLE,0,0,OXFORD_NANOPORE,MinION,SRP271670,PRJNA645970,,645970,SRS6998500,SAMN15521047,simple,2697049,Severe acute respiratory syndrome coronavirus 2,7321V,,,,,,,no,,,,,SMORODINTSEV RESEARCH INSTITUTE OF INFLUENZA,SRA1098285,,public,5B997DC6AE050E6A68CCA295706AA9C9,2BFD8D37A5277DBE144F496D74F4A3BA
SRR12212610,2020/7/13 18:54,2020/7/13 18:41,10375,2209724,0,212,2,,https://sra-download.ncbi.nlm.nih.gov/traces/sra0/SRR/011926/SRR12212610,SRX8723302,20200502-29,AMPLICON,RT-PCR,VIRAL RNA,SINGLE,0,0,OXFORD_NANOPORE,MinION,SRP271670,PRJNA645970,,645970,SRS6998501,SAMN15521048,simple,2697049,Severe acute respiratory syndrome coronavirus 2,7340,,,,,,,no,,,,,SMORODINTSEV RESEARCH INSTITUTE OF INFLUENZA,SRA1098285,,public,19001C01DD6C543ADF87741A82F65747,BB07BBB1FD0D017DE7A08B22372AF049
SRR12212608,2020/7/13 18:54,2020/7/13 18:45,59802,39973435,0,668,35,,https://sra-download.ncbi.nlm.nih.gov/traces/sra77/SRR/011926/SRR12212608,SRX8723304,20200502-30,AMPLICON,RT-PCR,VIRAL RNA,SINGLE,0,0,OXFORD_NANOPORE,MinION,SRP271670,PRJNA645970,,645970,SRS6998503,SAMN15521049,simple,2697049,Severe acute respiratory syndrome coronavirus 2,7340V,,,,,,,no,,,,,SMORODINTSEV RESEARCH INSTITUTE OF INFLUENZA,SRA1098285,,public,429BBD27E9A39236D1C3393FBE571F2E,EE8E542AF85639755D4EEF67C035CDD0
SRR12212607,2020/7/13 18:54,2020/7/13 18:41,17946,6359264,0,354,5,,https://sra-download.ncbi.nlm.nih.gov/traces/sra57/SRR/011926/SRR12212607,SRX8723305,20200502-31,AMPLICON,RT-PCR,VIRAL RNA,SINGLE,0,0,OXFORD_NANOPORE,MinION,SRP271670,PRJNA645970,,645970,SRS6998502,SAMN15521050,simple,2697049,Severe acute respiratory syndrome coronavirus 2,7464,,,,,,,no,,,,,SMORODINTSEV RESEARCH INSTITUTE OF INFLUENZA,SRA1098285,,public,1F07FC8E03AC439E83833BD11A26713D,1FC5719D49EBE542A565476E4D55C3D3
SRR12212606,2020/7/13 18:54,2020/7/13 18:41,12607,4667824,0,370,4,,https://sra-download.ncbi.nlm.nih.gov/traces/sra51/SRR/011926/SRR12212606,SRX8723306,20200502-32,AMPLICON,RT-PCR,VIRAL RNA,SINGLE,0,0,OXFORD_NANOPORE,MinION,SRP271670,PRJNA645970,,645970,SRS6998504,SAMN15521051,simple,2697049,Severe acute respiratory syndrome coronavirus 2,7488,,,,,,,no,,,,,SMORODINTSEV RESEARCH INSTITUTE OF INFLUENZA,SRA1098285,,public,1214F61D5C9F9E68BCD375696DF28434,B8FFC8AAB2A077EFABA7DB1223AD9898
SRR12212605,2020/7/13 18:54,2020/7/13 18:42,13690,4362480,0,318,3,,https://sra-download.ncbi.nlm.nih.gov/traces/sra47/SRR/011926/SRR12212605,SRX8723307,20200502-33,AMPLICON,RT-PCR,VIRAL RNA,SINGLE,0,0,OXFORD_NANOPORE,MinION,SRP271670,PRJNA645970,,645970,SRS6998505,SAMN15521052,simple,2697049,Severe acute respiratory syndrome coronavirus 2,7501,,,,,,,no,,,,,SMORODINTSEV RESEARCH INSTITUTE OF INFLUENZA,SRA1098285,,public,DAEBA02B9FF5227F021141B4B3AB986B,1893C9B780D27438D90E311539B7B9F1
SRR12212604,2020/7/13 18:54,2020/7/13 18:41,9552,2265396,0,237,2,,https://sra-download.ncbi.nlm.nih.gov/traces/sra62/SRR/011926/SRR12212604,SRX8723308,20200502-34,AMPLICON,RT-PCR,VIRAL RNA,SINGLE,0,0,OXFORD_NANOPORE,MinION,SRP271670,PRJNA645970,,645970,SRS6998506,SAMN15521053,simple,2697049,Severe acute respiratory syndrome coronavirus 2,7505,,,,,,,no,,,,,SMORODINTSEV RESEARCH INSTITUTE OF INFLUENZA,SRA1098285,,public,9B164B084C6CF57068DB19884B54C97C,B945789DF400BBA39005FC502F280631
SRR12212603,2020/7/13 18:54,2020/7/13 18:45,24597,10875014,0,442,9,,https://sra-download.ncbi.nlm.nih.gov/traces/sra34/SRR/011926/SRR12212603,SRX8723309,20200502-35,AMPLICON,RT-PCR,VIRAL RNA,SINGLE,0,0,OXFORD_NANOPORE,MinION,SRP271670,PRJNA645970,,645970,SRS6998507,SAMN15521054,simple,2697049,Severe acute respiratory syndrome coronavirus 2,7520,,,,,,,no,,,,,SMORODINTSEV RESEARCH INSTITUTE OF INFLUENZA,SRA1098285,,public,853915B119E69894AEE43F2FC8C28DA0,33157DE725E9BBD6CF5E8B9E5EED4D67
SRR12212602,2020/7/13 18:57,2020/7/13 18:47,8135,1521123,0,186,1,,https://sra-download.ncbi.nlm.nih.gov/traces/sra3/SRR/011926/SRR12212602,SRX8723310,20200502-36,AMPLICON,RT-PCR,VIRAL RNA,SINGLE,0,0,OXFORD_NANOPORE,MinION,SRP271670,PRJNA645970,,645970,SRS6998510,SAMN15521055,simple,2697049,Severe acute respiratory syndrome coronavirus 2,7545,,,,,,,no,,,,,SMORODINTSEV RESEARCH INSTITUTE OF INFLUENZA,SRA1098285,,public,E59DBD745EC8D005698FE7F15BEDB000,C5EBF36D18CA3C3B8D10B4CCA21A03A6
SRR12212601,2020/7/13 18:54,2020/7/13 18:42,17028,5442357,0,319,4,,https://sra-download.ncbi.nlm.nih.gov/traces/sra2/SRR/011926/SRR12212601,SRX8723311,20200502-37,AMPLICON,RT-PCR,VIRAL RNA,SINGLE,0,0,OXFORD_NANOPORE,MinION,SRP271670,PRJNA645970,,645970,SRS6998508,SAMN15521056,simple,2697049,Severe acute respiratory syndrome coronavirus 2,7553,,,,,,,no,,,,,SMORODINTSEV RESEARCH INSTITUTE OF INFLUENZA,SRA1098285,,public,9AC431365DB9FDA94405654F7B8ECFC1,1B55A9384D7C0C335B3A80F1A1317023
SRR12212600,2020/7/13 18:54,2020/7/13 18:42,32364,14796617,0,457,13,,https://sra-download.ncbi.nlm.nih.gov/traces/sra38/SRR/011926/SRR12212600,SRX8723312,20200502-38,AMPLICON,RT-PCR,VIRAL RNA,SINGLE,0,0,OXFORD_NANOPORE,MinION,SRP271670,PRJNA645970,,645970,SRS6998509,SAMN15521057,simple,2697049,Severe acute respiratory syndrome coronavirus 2,7555,,,,,,,no,,,,,SMORODINTSEV RESEARCH INSTITUTE OF INFLUENZA,SRA1098285,,public,7341225088839BA1F6A5A535149A00DF,60A099626E874D153445983BD254E577
SRR12212599,2020/7/13 18:54,2020/7/13 18:41,15874,5156728,0,324,4,,https://sra-download.ncbi.nlm.nih.gov/traces/sra38/SRR/011926/SRR12212599,SRX8723313,20200502-39,AMPLICON,RT-PCR,VIRAL RNA,SINGLE,0,0,OXFORD_NANOPORE,MinION,SRP271670,PRJNA645970,,645970,SRS6998511,SAMN15521058,simple,2697049,Severe acute respiratory syndrome coronavirus 2,7557,,,,,,,no,,,,,SMORODINTSEV RESEARCH INSTITUTE OF INFLUENZA,SRA1098285,,public,5CCA4AC9D3285046145A11E4B2558D32,C8DD7983F1A0ACF128289B463E698D4B
SRR12212597,2020/7/13 18:54,2020/7/13 18:41,10289,3323024,0,322,3,,https://sra-download.ncbi.nlm.nih.gov/traces/sra23/SRR/011926/SRR12212597,SRX8723315,20200502-40,AMPLICON,RT-PCR,VIRAL RNA,SINGLE,0,0,OXFORD_NANOPORE,MinION,SRP271670,PRJNA645970,,645970,SRS6998515,SAMN15521059,simple,2697049,Severe acute respiratory syndrome coronavirus 2,7581,,,,,,,no,,,,,SMORODINTSEV RESEARCH INSTITUTE OF INFLUENZA,SRA1098285,,public,917FD2C3F8477992DE26E4CC659CA7C4,40AF7AD3679090B690F317412B9EED44
SRR12212596,2020/7/13 18:57,2020/7/13 18:41,7604,1504213,0,197,1,,https://sra-download.ncbi.nlm.nih.gov/traces/sra46/SRR/011926/SRR12212596,SRX8723316,20200502-41,AMPLICON,RT-PCR,VIRAL RNA,SINGLE,0,0,OXFORD_NANOPORE,MinION,SRP271670,PRJNA645970,,645970,SRS6998512,SAMN15521060,simple,2697049,Severe acute respiratory syndrome coronavirus 2,7594,,,,,,,no,,,,,SMORODINTSEV RESEARCH INSTITUTE OF INFLUENZA,SRA1098285,,public,F1A839FCD5879FB8A32904051F533624,DEA39A44076EB4DD6F7DB9CCBA7B871E
SRR12212595,2020/7/13 18:54,2020/7/13 18:41,9061,1833697,0,202,1,,https://sra-download.ncbi.nlm.nih.gov/traces/sra19/SRR/011926/SRR12212595,SRX8723317,20200502-42,AMPLICON,RT-PCR,VIRAL RNA,SINGLE,0,0,OXFORD_NANOPORE,MinION,SRP271670,PRJNA645970,,645970,SRS6998514,SAMN15521061,simple,2697049,Severe acute respiratory syndrome coronavirus 2,7603,,,,,,,no,,,,,SMORODINTSEV RESEARCH INSTITUTE OF INFLUENZA,SRA1098285,,public,D4A9F9B36B3DAA6192BE943ECEE9A31D,C7CB7DDBEFC219FF2204CA8A6BE5AA2E
SRR12212594,2020/7/13 18:54,2020/7/13 18:41,15490,4589718,0,296,4,,https://sra-download.ncbi.nlm.nih.gov/traces/sra21/SRR/011926/SRR12212594,SRX8723318,20200502-43,AMPLICON,RT-PCR,VIRAL RNA,SINGLE,0,0,OXFORD_NANOPORE,MinION,SRP271670,PRJNA645970,,645970,SRS6998517,SAMN15521062,simple,2697049,Severe acute respiratory syndrome coronavirus 2,7656,,,,,,,no,,,,,SMORODINTSEV RESEARCH INSTITUTE OF INFLUENZA,SRA1098285,,public,9D80AD1515C15851706899BD4392C3B1,62C1A0970BBE47F461978F64DDD080AF
SRR12212593,2020/7/13 18:54,2020/7/13 18:41,32126,14283926,0,444,12,,https://sra-download.ncbi.nlm.nih.gov/traces/sra24/SRR/011926/SRR12212593,SRX8723319,20200502-44,AMPLICON,RT-PCR,VIRAL RNA,SINGLE,0,0,OXFORD_NANOPORE,MinION,SRP271670,PRJNA645970,,645970,SRS6998516,SAMN15521063,simple,2697049,Severe acute respiratory syndrome coronavirus 2,7658,,,,,,,no,,,,,SMORODINTSEV RESEARCH INSTITUTE OF INFLUENZA,SRA1098285,,public,1F703C5A51B7EE7E22A18DD7C2DD8B57,35302DE8736B28DC80C93244B12AE0BB
SRR12212592,2020/7/13 18:54,2020/7/13 18:41,14768,3522074,0,238,3,,https://sra-download.ncbi.nlm.nih.gov/traces/sra78/SRR/011926/SRR12212592,SRX8723320,20200502-45,AMPLICON,RT-PCR,VIRAL RNA,SINGLE,0,0,OXFORD_NANOPORE,MinION,SRP271670,PRJNA645970,,645970,SRS6998519,SAMN15521064,simple,2697049,Severe acute respiratory syndrome coronavirus 2,7880,,,,,,,no,,,,,SMORODINTSEV RESEARCH INSTITUTE OF INFLUENZA,SRA1098285,,public,371A5989FC59D3293E5ECF67386C0D6A,E1FB315996BF4BA5F1BAB66A9A1867AE
SRR12212591,2020/7/13 18:54,2020/7/13 18:41,17338,7684230,0,443,6,,https://sra-download.ncbi.nlm.nih.gov/traces/sra21/SRR/011926/SRR12212591,SRX8723321,20200502-46,AMPLICON,RT-PCR,VIRAL RNA,SINGLE,0,0,OXFORD_NANOPORE,MinION,SRP271670,PRJNA645970,,645970,SRS6998518,SAMN15521065,simple,2697049,Severe acute respiratory syndrome coronavirus 2,7896,,,,,,,no,,,,,SMORODINTSEV RESEARCH INSTITUTE OF INFLUENZA,SRA1098285,,public,76667710FF1F491098F9E6B64C32BAC6,F3E73BE2FBDC291DA60EFB57116D7995
SRR12212590,2020/7/13 18:54,2020/7/13 18:41,37084,18147303,0,489,16,,https://sra-download.ncbi.nlm.nih.gov/traces/sra63/SRR/011926/SRR12212590,SRX8723322,20200502-47,AMPLICON,RT-PCR,VIRAL RNA,SINGLE,0,0,OXFORD_NANOPORE,MinION,SRP271670,PRJNA645970,,645970,SRS6998521,SAMN15521066,simple,2697049,Severe acute respiratory syndrome coronavirus 2,8275,,,,,,,no,,,,,SMORODINTSEV RESEARCH INSTITUTE OF INFLUENZA,SRA1098285,,public,0521775A55646577CDD1EED5B09B49DE,955B8D50CF3DA740FDC9FAC14D6C7D8F
SRR12212589,2020/7/13 18:54,2020/7/13 18:41,22121,8929356,0,403,7,,https://sra-download.ncbi.nlm.nih.gov/traces/sra51/SRR/011926/SRR12212589,SRX8723323,20200502-48,AMPLICON,RT-PCR,VIRAL RNA,SINGLE,0,0,OXFORD_NANOPORE,MinION,SRP271670,PRJNA645970,,645970,SRS6998523,SAMN15521067,simple,2697049,Severe acute respiratory syndrome coronavirus 2,8289,,,,,,,no,,,,,SMORODINTSEV RESEARCH INSTITUTE OF INFLUENZA,SRA1098285,,public,48CF30B8341CC2BC2DB51A8173B4D544,F884039E2C22B0DA22AD1BE8BFA7A46E
SRR12212588,2020/7/13 18:54,2020/7/13 18:41,13436,3345422,0,248,3,,https://sra-download.ncbi.nlm.nih.gov/traces/sra5/SRR/011926/SRR12212588,SRX8723324,20200502-49,AMPLICON,RT-PCR,VIRAL RNA,SINGLE,0,0,OXFORD_NANOPORE,MinION,SRP271670,PRJNA645970,,645970,SRS6998520,SAMN15521068,simple,2697049,Severe acute respiratory syndrome coronavirus 2,8298,,,,,,,no,,,,,SMORODINTSEV RESEARCH INSTITUTE OF INFLUENZA,SRA1098285,,public,C64A743736D3F88691F799D2C8DD7D36,7B8F283174A6E47D8455170AA53C32DF
SRR12212586,2020/7/13 18:54,2020/7/13 18:42,85226,48410233,0,568,42,,https://sra-download.ncbi.nlm.nih.gov/traces/sra51/SRR/011926/SRR12212586,SRX8723326,20200502-50,AMPLICON,RT-PCR,VIRAL RNA,SINGLE,0,0,OXFORD_NANOPORE,MinION,SRP271670,PRJNA645970,,645970,SRS6998524,SAMN15521069,simple,2697049,Severe acute respiratory syndrome coronavirus 2,8317,,,,,,,no,,,,,SMORODINTSEV RESEARCH INSTITUTE OF INFLUENZA,SRA1098285,,public,DC093FB6F9809B47D6E9AFEB02E73A4F,85D19BF88EE611D7F1F33CA078E9E344
SRR12212585,2020/7/13 18:54,2020/7/13 18:42,16707,6072801,0,363,5,,https://sra-download.ncbi.nlm.nih.gov/traces/sra64/SRR/011926/SRR12212585,SRX8723327,20200502-51,AMPLICON,RT-PCR,VIRAL RNA,SINGLE,0,0,OXFORD_NANOPORE,MinION,SRP271670,PRJNA645970,,645970,SRS6998525,SAMN15521070,simple,2697049,Severe acute respiratory syndrome coronavirus 2,8319,,,,,,,no,,,,,SMORODINTSEV RESEARCH INSTITUTE OF INFLUENZA,SRA1098285,,public,19061F93480A83DCA6FD94F7B524E736,93CD06AF170619FB09D6C417CF70CA7F
SRR12212584,2020/7/13 18:54,2020/7/13 18:44,16373,6123608,0,374,5,,https://sra-download.ncbi.nlm.nih.gov/traces/sra78/SRR/011926/SRR12212584,SRX8723328,20200502-52,AMPLICON,RT-PCR,VIRAL RNA,SINGLE,0,0,OXFORD_NANOPORE,MinION,SRP271670,PRJNA645970,,645970,SRS6998526,SAMN15521071,simple,2697049,Severe acute respiratory syndrome coronavirus 2,8350,,,,,,,no,,,,,SMORODINTSEV RESEARCH INSTITUTE OF INFLUENZA,SRA1098285,,public,FA8863B0BAF35676DBFA51B0DD3A09B3,AD6456856FA0FFC61089902D829E9228
SRR12212583,2020/7/13 18:57,2020/7/13 18:48,21513,8904859,0,413,7,,https://sra-download.ncbi.nlm.nih.gov/traces/sra51/SRR/011926/SRR12212583,SRX8723329,20200502-53,AMPLICON,RT-PCR,VIRAL RNA,SINGLE,0,0,OXFORD_NANOPORE,MinION,SRP271670,PRJNA645970,,645970,SRS6998527,SAMN15521072,simple,2697049,Severe acute respiratory syndrome coronavirus 2,8371,,,,,,,no,,,,,SMORODINTSEV RESEARCH INSTITUTE OF INFLUENZA,SRA1098285,,public,F8E1945948C7063FC35F7AE091AAD857,5EE959AA9D54CFA6D18B2A794C64CE32
SRR12212582,2020/7/13 18:54,2020/7/13 18:41,20020,8940700,0,446,7,,https://sra-download.ncbi.nlm.nih.gov/traces/sra47/SRR/011926/SRR12212582,SRX8723330,20200502-54,AMPLICON,RT-PCR,VIRAL RNA,SINGLE,0,0,OXFORD_NANOPORE,MinION,SRP271670,PRJNA645970,,645970,SRS6998528,SAMN15521073,simple,2697049,Severe acute respiratory syndrome coronavirus 2,8372,,,,,,,no,,,,,SMORODINTSEV RESEARCH INSTITUTE OF INFLUENZA,SRA1098285,,public,AA589186E37846BF0F16DDEB404CBF87,4B6A2F2EF55E6C2EFEB6424B86636E5A
SRR12212581,2020/7/13 18:57,2020/7/13 18:41,15195,5944720,0,391,5,,https://sra-download.ncbi.nlm.nih.gov/traces/sra12/SRR/011926/SRR12212581,SRX8723331,20200502-55,AMPLICON,RT-PCR,VIRAL RNA,SINGLE,0,0,OXFORD_NANOPORE,MinION,SRP271670,PRJNA645970,,645970,SRS6998529,SAMN15521074,simple,2697049,Severe acute respiratory syndrome coronavirus 2,8373,,,,,,,no,,,,,SMORODINTSEV RESEARCH INSTITUTE OF INFLUENZA,SRA1098285,,public,6A6F08622114C780B7363616FFC25863,D098FE38A85D85DD30ACC2E938FF7EA1
SRR12212580,2020/7/13 18:54,2020/7/13 18:46,20017,7455713,0,372,6,,https://sra-download.ncbi.nlm.nih.gov/traces/sra62/SRR/011926/SRR12212580,SRX8723332,20200502-56,AMPLICON,RT-PCR,VIRAL RNA,SINGLE,0,0,OXFORD_NANOPORE,MinION,SRP271670,PRJNA645970,,645970,SRS6998530,SAMN15521075,simple,2697049,Severe acute respiratory syndrome coronavirus 2,8380,,,,,,,no,,,,,SMORODINTSEV RESEARCH INSTITUTE OF INFLUENZA,SRA1098285,,public,B94BC374D1F7865C313325921F44E2B2,F968D61E7C30977D830DDC5E7F10FF55
SRR12212579,2020/7/13 18:54,2020/7/13 18:41,16133,4919031,0,304,4,,https://sra-download.ncbi.nlm.nih.gov/traces/sra1/SRR/011926/SRR12212579,SRX8723333,20200502-57,AMPLICON,RT-PCR,VIRAL RNA,SINGLE,0,0,OXFORD_NANOPORE,MinION,SRP271670,PRJNA645970,,645970,SRS6998533,SAMN15521076,simple,2697049,Severe acute respiratory syndrome coronavirus 2,8388,,,,,,,no,,,,,SMORODINTSEV RESEARCH INSTITUTE OF INFLUENZA,SRA1098285,,public,2E051316937D77B6CECEA9105BFE1BA1,16C428DE43DC199952D437D769062225
SRR12212578,2020/7/13 18:54,2020/7/13 18:41,11938,3705186,0,310,3,,https://sra-download.ncbi.nlm.nih.gov/traces/sra60/SRR/011926/SRR12212578,SRX8723334,20200502-58,AMPLICON,RT-PCR,VIRAL RNA,SINGLE,0,0,OXFORD_NANOPORE,MinION,SRP271670,PRJNA645970,,645970,SRS6998531,SAMN15521077,simple,2697049,Severe acute respiratory syndrome coronavirus 2,8393,,,,,,,no,,,,,SMORODINTSEV RESEARCH INSTITUTE OF INFLUENZA,SRA1098285,,public,654767CE2A1494FA63445BDA6298E3EE,F031CEE0166A9BB1BA71D218E5291082
SRR12212577,2020/7/13 18:54,2020/7/13 18:41,15748,3789046,0,240,3,,https://sra-download.ncbi.nlm.nih.gov/traces/sra49/SRR/011926/SRR12212577,SRX8723335,20200502-59,AMPLICON,RT-PCR,VIRAL RNA,SINGLE,0,0,OXFORD_NANOPORE,MinION,SRP271670,PRJNA645970,,645970,SRS6998532,SAMN15521078,simple,2697049,Severe acute respiratory syndrome coronavirus 2,8397,,,,,,,no,,,,,SMORODINTSEV RESEARCH INSTITUTE OF INFLUENZA,SRA1098285,,public,89DC83C1D01D88FD2B445CDD1F3F7CD8,5A4C9AC484060BB1FF91D0A52B4B031D
SRR12212575,2020/7/13 18:54,2020/7/13 18:41,33758,18085415,0,535,15,,https://sra-download.ncbi.nlm.nih.gov/traces/sra79/SRR/011926/SRR12212575,SRX8723337,20200502-60,AMPLICON,RT-PCR,VIRAL RNA,SINGLE,0,0,OXFORD_NANOPORE,MinION,SRP271670,PRJNA645970,,645970,SRS6998535,SAMN15521079,simple,2697049,Severe acute respiratory syndrome coronavirus 2,8402,,,,,,,no,,,,,SMORODINTSEV RESEARCH INSTITUTE OF INFLUENZA,SRA1098285,,public,530A426778677FE7984BBC2E6EDF7BD7,2D55E3DB85617634E6077C313690F8DE
SRR12212574,2020/7/13 18:54,2020/7/13 18:41,23376,10513243,0,449,9,,https://sra-download.ncbi.nlm.nih.gov/traces/sra73/SRR/011926/SRR12212574,SRX8723338,20200502-61,AMPLICON,RT-PCR,VIRAL RNA,SINGLE,0,0,OXFORD_NANOPORE,MinION,SRP271670,PRJNA645970,,645970,SRS6998536,SAMN15521080,simple,2697049,Severe acute respiratory syndrome coronavirus 2,8409,,,,,,,no,,,,,SMORODINTSEV RESEARCH INSTITUTE OF INFLUENZA,SRA1098285,,public,2204280E26AC82E07E1D567A823399A3,E74F4A601F7FA25C819DE529D3F1BAE7
SRR12212573,2020/7/13 18:54,2020/7/13 18:41,12569,3069616,0,244,2,,https://sra-download.ncbi.nlm.nih.gov/traces/sra1/SRR/011926/SRR12212573,SRX8723339,20200502-62,AMPLICON,RT-PCR,VIRAL RNA,SINGLE,0,0,OXFORD_NANOPORE,MinION,SRP271670,PRJNA645970,,645970,SRS6998537,SAMN15521081,simple,2697049,Severe acute respiratory syndrome coronavirus 2,8417,,,,,,,no,,,,,SMORODINTSEV RESEARCH INSTITUTE OF INFLUENZA,SRA1098285,,public,B3F18873423879098025F750221F14F7,72EAF435BF83BAD32E1E8A86DE185ADD
SRR12212572,2020/7/13 18:54,2020/7/13 18:41,15219,4195908,0,275,3,,https://sra-download.ncbi.nlm.nih.gov/traces/sra21/SRR/011926/SRR12212572,SRX8723340,20200502-63,AMPLICON,RT-PCR,VIRAL RNA,SINGLE,0,0,OXFORD_NANOPORE,MinION,SRP271670,PRJNA645970,,645970,SRS6998538,SAMN15521082,simple,2697049,Severe acute respiratory syndrome coronavirus 2,8418,,,,,,,no,,,,,SMORODINTSEV RESEARCH INSTITUTE OF INFLUENZA,SRA1098285,,public,B88B4678800A196001E79747B9AFADD5,4F54FA78AEAB9ECF3D85F4E7FC9B7954
SRR12212571,2020/7/13 18:54,2020/7/13 18:41,12626,3809675,0,301,3,,https://sra-download.ncbi.nlm.nih.gov/traces/sra48/SRR/011926/SRR12212571,SRX8723341,20200502-64,AMPLICON,RT-PCR,VIRAL RNA,SINGLE,0,0,OXFORD_NANOPORE,MinION,SRP271670,PRJNA645970,,645970,SRS6998539,SAMN15521083,simple,2697049,Severe acute respiratory syndrome coronavirus 2,8425,,,,,,,no,,,,,SMORODINTSEV RESEARCH INSTITUTE OF INFLUENZA,SRA1098285,,public,D0D45C1E82D12458F852C12F3742FC59,7804F9D0D8DFFA7E59658C9E3C45BE79
SRR12212570,2020/7/13 18:54,2020/7/13 18:45,15138,4477692,0,295,4,,https://sra-download.ncbi.nlm.nih.gov/traces/sra19/SRR/011926/SRR12212570,SRX8723342,20200502-65,AMPLICON,RT-PCR,VIRAL RNA,SINGLE,0,0,OXFORD_NANOPORE,MinION,SRP271670,PRJNA645970,,645970,SRS6998540,SAMN15521084,simple,2697049,Severe acute respiratory syndrome coronavirus 2,8428,,,,,,,no,,,,,SMORODINTSEV RESEARCH INSTITUTE OF INFLUENZA,SRA1098285,,public,36430A751F75A7CD5E13B4F281645BF5,99E349CA86CD4942FFEA68DC1F48FCEA
SRR12212569,2020/7/13 18:54,2020/7/13 18:41,17242,6165836,0,357,5,,https://sra-download.ncbi.nlm.nih.gov/traces/sra48/SRR/011926/SRR12212569,SRX8723343,20200502-66,AMPLICON,RT-PCR,VIRAL RNA,SINGLE,0,0,OXFORD_NANOPORE,MinION,SRP271670,PRJNA645970,,645970,SRS6998541,SAMN15521085,simple,2697049,Severe acute respiratory syndrome coronavirus 2,8429,,,,,,,no,,,,,SMORODINTSEV RESEARCH INSTITUTE OF INFLUENZA,SRA1098285,,public,C794621EF3A5B04FB18A71BE27163767,0AB0481F7BB30951FA618F315DC4AEA3
SRR12212737,2020/7/13 18:54,2020/7/13 18:43,13769,4374964,0,317,3,,https://sra-download.ncbi.nlm.nih.gov/traces/sra13/SRR/011926/SRR12212737,SRX8723344,20200502-67,AMPLICON,RT-PCR,VIRAL RNA,SINGLE,0,0,OXFORD_NANOPORE,MinION,SRP271670,PRJNA645970,,645970,SRS6998542,SAMN15521086,simple,2697049,Severe acute respiratory syndrome coronavirus 2,8876,,,,,,,no,,,,,SMORODINTSEV RESEARCH INSTITUTE OF INFLUENZA,SRA1098285,,public,D16CC447E0ECF805F6F29707FA8E7B14,1195390295EB737D5993980A4BCB6719
SRR12212740,2020/7/13 18:47,2020/7/13 18:43,124930,54284749,0,434,47,,https://sra-download.ncbi.nlm.nih.gov/traces/sra51/SRR/011926/SRR12212740,SRX8723173,20200331-1,AMPLICON,RT-PCR,VIRAL RNA,SINGLE,0,0,OXFORD_NANOPORE,MinION,SRP271670,PRJNA645970,,645970,SRS6998374,SAMN15520923,simple,2697049,Severe acute respiratory syndrome coronavirus 2,3524,,,,,,,no,,,,,SMORODINTSEV RESEARCH INSTITUTE OF INFLUENZA,SRA1098285,,public,8BEDF5A925FAB2B95FA1FD0342F17598,FABBD5BCAAEA89BE424667BBD8E9AD84
SRR12212741,2020/7/13 18:54,2020/7/13 18:45,492424,553469553,0,1123,479,,https://sra-download.ncbi.nlm.nih.gov/traces/sra38/SRR/011926/SRR12212741,SRX8723172,20200317,AMPLICON,RT-PCR,VIRAL RNA,SINGLE,0,0,OXFORD_NANOPORE,MinION,SRP271670,PRJNA645970,,645970,SRS6998374,SAMN15520923,simple,2697049,Severe acute respiratory syndrome coronavirus 2,3524,,,,,,,no,,,,,SMORODINTSEV RESEARCH INSTITUTE OF INFLUENZA,SRA1098285,,public,5199B5BD4245AE225F4C0B49CB60C6C1,D6044D59DD98268F9DF24131232C1F7C
SRR12212728,2020/7/13 18:47,2020/7/13 18:44,34863,38658314,0,1108,33,,https://sra-download.ncbi.nlm.nih.gov/traces/sra48/SRR/011926/SRR12212728,SRX8723185,20200331-2,AMPLICON,RT-PCR,VIRAL RNA,SINGLE,0,0,OXFORD_NANOPORE,MinION,SRP271670,PRJNA645970,,645970,SRS6998387,SAMN15520924,simple,2697049,Severe acute respiratory syndrome coronavirus 2,3524V,,,,,,,no,,,,,SMORODINTSEV RESEARCH INSTITUTE OF INFLUENZA,SRA1098285,,public,C967372E9D44D962B32CC38EE7B24FC2,C990DA3A43B508BDB7DACA1BB4DDEF3E
SRR12212717,2020/7/13 18:57,2020/7/13 18:50,135830,94935684,0,698,82,,https://sra-download.ncbi.nlm.nih.gov/traces/sra73/SRR/011926/SRR12212717,SRX8723196,20200331-3,AMPLICON,RT-PCR,VIRAL RNA,SINGLE,0,0,OXFORD_NANOPORE,MinION,SRP271670,PRJNA645970,,645970,SRS6998397,SAMN15520925,simple,2697049,Severe acute respiratory syndrome coronavirus 2,3992,,,,,,,no,,,,,SMORODINTSEV RESEARCH INSTITUTE OF INFLUENZA,SRA1098285,,public,F7825D23ECA1CDF4B01F77C64127460B,3F29980B435B8423333C08F9E554E809
SRR12212706,2020/7/13 18:47,2020/7/13 18:43,51965,56535440,0,1087,49,,https://sra-download.ncbi.nlm.nih.gov/traces/sra74/SRR/011926/SRR12212706,SRX8723207,20200331-4,AMPLICON,RT-PCR,VIRAL RNA,SINGLE,0,0,OXFORD_NANOPORE,MinION,SRP271670,PRJNA645970,,645970,SRS6998407,SAMN15520926,simple,2697049,Severe acute respiratory syndrome coronavirus 2,3992V,,,,,,,no,,,,,SMORODINTSEV RESEARCH INSTITUTE OF INFLUENZA,SRA1098285,,public,6309A67C4271AD4933ECD1BDCE386BD7,4CC369F3D3AB1DE6558E76F2459EC12F
SRR12212695,2020/7/13 18:47,2020/7/13 18:43,133287,54834010,0,411,47,,https://sra-download.ncbi.nlm.nih.gov/traces/sra38/SRR/011926/SRR12212695,SRX8723218,20200331-5,AMPLICON,RT-PCR,VIRAL RNA,SINGLE,0,0,OXFORD_NANOPORE,MinION,SRP271670,PRJNA645970,,645970,SRS6998419,SAMN15520927,simple,2697049,Severe acute respiratory syndrome coronavirus 2,3997,,,,,,,no,,,,,SMORODINTSEV RESEARCH INSTITUTE OF INFLUENZA,SRA1098285,,public,9923CD9D600AF87A59C11CFF4177126F,F398A4AB9011DAF62C8B2DAB3EEC0EA4
SRR12212684,2020/7/13 18:47,2020/7/13 18:43,37197,37077349,0,996,32,,https://sra-download.ncbi.nlm.nih.gov/traces/sra48/SRR/011926/SRR12212684,SRX8723229,20200331-6,AMPLICON,RT-PCR,VIRAL RNA,SINGLE,0,0,OXFORD_NANOPORE,MinION,SRP271670,PRJNA645970,,645970,SRS6998435,SAMN15520928,simple,2697049,Severe acute respiratory syndrome coronavirus 2,3997V,,,,,,,no,,,,,SMORODINTSEV RESEARCH INSTITUTE OF INFLUENZA,SRA1098285,,public,6EED3C3C9B023BCC37866456C2F2CFC3,BBE6723B6715D9A04F5EC7CB2E426618
SRR12212673,2020/7/13 18:54,2020/7/13 18:43,156633,82139049,0,524,71,,https://sra-download.ncbi.nlm.nih.gov/traces/sra70/SRR/011926/SRR12212673,SRX8723240,20200331-7,AMPLICON,RT-PCR,VIRAL RNA,SINGLE,0,0,OXFORD_NANOPORE,MinION,SRP271670,PRJNA645970,,645970,SRS6998440,SAMN15520929,simple,2697049,Severe acute respiratory syndrome coronavirus 2,4144,,,,,,,no,,,,,SMORODINTSEV RESEARCH INSTITUTE OF INFLUENZA,SRA1098285,,public,E68FEA09A6A53EEA5BD52AC4B26C61A0,C98C6AFB0B9FC81554842F431F6D9543
SRR12212739,2020/7/13 18:54,2020/7/13 18:43,40934,17043453,0,416,15,,https://sra-download.ncbi.nlm.nih.gov/traces/sra72/SRR/011926/SRR12212739,SRX8723174,20200411-2,AMPLICON,RT-PCR,VIRAL RNA,SINGLE,0,0,OXFORD_NANOPORE,MinION,SRP271670,PRJNA645970,,645970,SRS6998375,SAMN15520930,simple,2697049,Severe acute respiratory syndrome coronavirus 2,4307,,,,,,,no,,,,,SMORODINTSEV RESEARCH INSTITUTE OF INFLUENZA,SRA1098285,,public,75212A8DF11F8A8F627E8DFE5B2C0A10,21E43A1BCF18D25120B0B72F3B7F2858
SRR12212734,2020/7/13 18:47,2020/7/13 18:44,227339,154023477,0,677,134,,https://sra-download.ncbi.nlm.nih.gov/traces/sra67/SRR/011926/SRR12212734,SRX8723179,20200331-12,AMPLICON,RT-PCR,VIRAL RNA,SINGLE,0,0,OXFORD_NANOPORE,MinION,SRP271670,PRJNA645970,,645970,SRS6998380,SAMN15520936,simple,2697049,Severe acute respiratory syndrome coronavirus 2,4332,,,,,,,no,,,,,SMORODINTSEV RESEARCH INSTITUTE OF INFLUENZA,SRA1098285,,public,E46EF7983D41E924E6DC64D8B364C415,9155D04CF4D2A9A121D1891C324E7F27
SRR12212729,2020/7/13 18:54,2020/7/13 18:45,33733,15405738,0,456,13,,https://sra-download.ncbi.nlm.nih.gov/traces/sra60/SRR/011926/SRR12212729,SRX8723184,20200411-7,AMPLICON,RT-PCR,VIRAL RNA,SINGLE,0,0,OXFORD_NANOPORE,MinION,SRP271670,PRJNA645970,,645970,SRS6998385,SAMN15520938,simple,2697049,Severe acute respiratory syndrome coronavirus 2,4382,,,,,,,no,,,,,SMORODINTSEV RESEARCH INSTITUTE OF INFLUENZA,SRA1098285,,public,240D4AFEB23EC21EDEB125009C9D03C6,81820A6C3062C1598111499B591FBECA
SRR12212730,2020/7/13 18:54,2020/7/13 18:43,101219,50394113,0,497,44,,https://sra-download.ncbi.nlm.nih.gov/traces/sra74/SRR/011926/SRR12212730,SRX8723183,20200411-6,AMPLICON,RT-PCR,VIRAL RNA,SINGLE,0,0,OXFORD_NANOPORE,MinION,SRP271670,PRJNA645970,,645970,SRS6998384,SAMN15520937,simple,2697049,Severe acute respiratory syndrome coronavirus 2,4382V,,,,,,,no,,,,,SMORODINTSEV RESEARCH INSTITUTE OF INFLUENZA,SRA1098285,,public,DA4DBFBC27C218CED27759FE6861A4FD,EDAD2ECAA6608E972F5CB5F3CC4E0431
SRR12212726,2020/7/13 18:47,2020/7/13 18:43,79762,33970841,0,425,29,,https://sra-download.ncbi.nlm.nih.gov/traces/sra47/SRR/011926/SRR12212726,SRX8723187,20200411-9,AMPLICON,RT-PCR,VIRAL RNA,SINGLE,0,0,OXFORD_NANOPORE,MinION,SRP271670,PRJNA645970,,645970,SRS6998388,SAMN15520940,simple,2697049,Severe acute respiratory syndrome coronavirus 2,4384,,,,,,,no,,,,,SMORODINTSEV RESEARCH INSTITUTE OF INFLUENZA,SRA1098285,,public,75FBE0C62B7AE90487B0CB118D3B3305,AD23C9CC876C07F7D831FC7E9A223CB1
SRR12212727,2020/7/13 18:57,2020/7/13 18:48,133905,66702505,0,498,58,,https://sra-download.ncbi.nlm.nih.gov/traces/sra58/SRR/011926/SRR12212727,SRX8723186,20200411-8,AMPLICON,RT-PCR,VIRAL RNA,SINGLE,0,0,OXFORD_NANOPORE,MinION,SRP271670,PRJNA645970,,645970,SRS6998386,SAMN15520939,simple,2697049,Severe acute respiratory syndrome coronavirus 2,4384V,,,,,,,no,,,,,SMORODINTSEV RESEARCH INSTITUTE OF INFLUENZA,SRA1098285,,public,66763A92EF95C42A9D7D9316F3261190,A77A3726F7F36ADDC9C89833706216F8
SRR12212724,2020/7/13 18:47,2020/7/13 18:43,72463,32423863,0,447,28,,https://sra-download.ncbi.nlm.nih.gov/traces/sra46/SRR/011926/SRR12212724,SRX8723189,20200411-11,AMPLICON,RT-PCR,VIRAL RNA,SINGLE,0,0,OXFORD_NANOPORE,MinION,SRP271670,PRJNA645970,,645970,SRS6998389,SAMN15520942,simple,2697049,Severe acute respiratory syndrome coronavirus 2,4386,,,,,,,no,,,,,SMORODINTSEV RESEARCH INSTITUTE OF INFLUENZA,SRA1098285,,public,59D969114BB8908562E6AA903426E25C,9F4950B4C63BCE4571AA882047AC518F
SRR12212725,2020/7/13 18:54,2020/7/13 18:46,74693,38107521,0,510,33,,https://sra-download.ncbi.nlm.nih.gov/traces/sra60/SRR/011926/SRR12212725,SRX8723188,20200411-10,AMPLICON,RT-PCR,VIRAL RNA,SINGLE,0,0,OXFORD_NANOPORE,MinION,SRP271670,PRJNA645970,,645970,SRS6998390,SAMN15520941,simple,2697049,Severe acute respiratory syndrome coronavirus 2,4386V,,,,,,,no,,,,,SMORODINTSEV RESEARCH INSTITUTE OF INFLUENZA,SRA1098285,,public,5717F72E9446B644671838BCC259D660,2BC4B22D835310C5EDE3C7EB7EF5792A
SRR12212722,2020/7/13 18:47,2020/7/13 18:43,30358,11919742,0,392,10,,https://sra-download.ncbi.nlm.nih.gov/traces/sra46/SRR/011926/SRR12212722,SRX8723191,20200411-13,AMPLICON,RT-PCR,VIRAL RNA,SINGLE,0,0,OXFORD_NANOPORE,MinION,SRP271670,PRJNA645970,,645970,SRS6998392,SAMN15520944,simple,2697049,Severe acute respiratory syndrome coronavirus 2,4532,,,,,,,no,,,,,SMORODINTSEV RESEARCH INSTITUTE OF INFLUENZA,SRA1098285,,public,58F8CA88950CA0B5B439E57B647CCFA5,C2A96226EA7DCFC9F58163D9B6068909
SRR12212723,2020/7/13 18:47,2020/7/13 18:43,79286,41105834,0,518,36,,https://sra-download.ncbi.nlm.nih.gov/traces/sra52/SRR/011926/SRR12212723,SRX8723190,20200411-12,AMPLICON,RT-PCR,VIRAL RNA,SINGLE,0,0,OXFORD_NANOPORE,MinION,SRP271670,PRJNA645970,,645970,SRS6998391,SAMN15520943,simple,2697049,Severe acute respiratory syndrome coronavirus 2,4532V,,,,,,,no,,,,,SMORODINTSEV RESEARCH INSTITUTE OF INFLUENZA,SRA1098285,,public,263F53608816B094C4EAED8FDD2AF2BA,571C1A44D493D5F1AE5AB5F7EBB5E54E
SRR12212721,2020/7/13 18:47,2020/7/13 18:43,101386,56202966,0,554,49,,https://sra-download.ncbi.nlm.nih.gov/traces/sra52/SRR/011926/SRR12212721,SRX8723192,20200411-14,AMPLICON,RT-PCR,VIRAL RNA,SINGLE,0,0,OXFORD_NANOPORE,MinION,SRP271670,PRJNA645970,,645970,SRS6998393,SAMN15520945,simple,2697049,Severe acute respiratory syndrome coronavirus 2,4546,,,,,,,no,,,,,SMORODINTSEV RESEARCH INSTITUTE OF INFLUENZA,SRA1098285,,public,D5601B4186B46687E457BDD8B6F32BFF,AFD3CAB243BDC22CD46A8F78FCCAAD75
SRR12212720,2020/7/13 18:47,2020/7/13 18:43,8313,3368678,0,405,3,,https://sra-download.ncbi.nlm.nih.gov/traces/sra50/SRR/011926/SRR12212720,SRX8723193,20200411-15,AMPLICON,RT-PCR,VIRAL RNA,SINGLE,0,0,OXFORD_NANOPORE,MinION,SRP271670,PRJNA645970,,645970,SRS6998394,SAMN15520946,simple,2697049,Severe acute respiratory syndrome coronavirus 2,4560,,,,,,,no,,,,,SMORODINTSEV RESEARCH INSTITUTE OF INFLUENZA,SRA1098285,,public,67D06728C43100520C3592DFC80319EA,F0CA8BFFB8673C6A988E9690BD6C0B3D
SRR12212719,2020/7/13 18:47,2020/7/13 18:43,44971,19291686,0,428,16,,https://sra-download.ncbi.nlm.nih.gov/traces/sra57/SRR/011926/SRR12212719,SRX8723194,20200421-1,AMPLICON,RT-PCR,VIRAL RNA,SINGLE,0,0,OXFORD_NANOPORE,MinION,SRP271670,PRJNA645970,,645970,SRS6998396,SAMN15520947,simple,2697049,Severe acute respiratory syndrome coronavirus 2,4562V,,,,,,,no,,,,,SMORODINTSEV RESEARCH INSTITUTE OF INFLUENZA,SRA1098285,,public,5661CC8BE6581EB7C181C1369D16EA4C,EF40E787483D06F02023BD5824656D11
SRR12212718,2020/7/13 18:47,2020/7/13 18:44,73100,96377107,0,1318,83,,https://sra-download.ncbi.nlm.nih.gov/traces/sra23/SRR/011926/SRR12212718,SRX8723195,20200411-16,AMPLICON,RT-PCR,VIRAL RNA,SINGLE,0,0,OXFORD_NANOPORE,MinION,SRP271670,PRJNA645970,,645970,SRS6998395,SAMN15520948,simple,2697049,Severe acute respiratory syndrome coronavirus 2,4584,,,,,,,no,,,,,SMORODINTSEV RESEARCH INSTITUTE OF INFLUENZA,SRA1098285,,public,E44F7FF2D57FC90671FE464556655944,546FC5F2184F0B9FC7E2A7E61F5AFC6E
SRR12212716,2020/7/13 18:47,2020/7/13 18:43,121231,78465512,0,647,69,,https://sra-download.ncbi.nlm.nih.gov/traces/sra23/SRR/011926/SRR12212716,SRX8723197,20200421-2,AMPLICON,RT-PCR,VIRAL RNA,SINGLE,0,0,OXFORD_NANOPORE,MinION,SRP271670,PRJNA645970,,645970,SRS6998398,SAMN15520949,simple,2697049,Severe acute respiratory syndrome coronavirus 2,4584V,,,,,,,no,,,,,SMORODINTSEV RESEARCH INSTITUTE OF INFLUENZA,SRA1098285,,public,BECB447E985EC3AF878725A16D18EF23,6A9446604D85E50BEBB338601B69B16A
SRR12212715,2020/7/13 18:47,2020/7/13 18:43,17200,7013754,0,407,6,,https://sra-download.ncbi.nlm.nih.gov/traces/sra46/SRR/011926/SRR12212715,SRX8723198,20200411-17,AMPLICON,RT-PCR,VIRAL RNA,SINGLE,0,0,OXFORD_NANOPORE,MinION,SRP271670,PRJNA645970,,645970,SRS6998399,SAMN15520950,simple,2697049,Severe acute respiratory syndrome coronavirus 2,4585,,,,,,,no,,,,,SMORODINTSEV RESEARCH INSTITUTE OF INFLUENZA,SRA1098285,,public,1D42FBF9E5F224BA2D1FABD8C687BE37,5F3F45BCBF34CFA393D61BBDF3B0EF7B
SRR12212714,2020/7/13 18:47,2020/7/13 18:43,82502,37018548,0,448,32,,https://sra-download.ncbi.nlm.nih.gov/traces/sra8/SRR/011926/SRR12212714,SRX8723199,20200411-18,AMPLICON,RT-PCR,VIRAL RNA,SINGLE,0,0,OXFORD_NANOPORE,MinION,SRP271670,PRJNA645970,,645970,SRS6998400,SAMN15520951,simple,2697049,Severe acute respiratory syndrome coronavirus 2,4591,,,,,,,no,,,,,SMORODINTSEV RESEARCH INSTITUTE OF INFLUENZA,SRA1098285,,public,DBFC24C785E6413C5753D955E8B5E14B,6FE910EC2E4562D0DEC487E7A67756CD
SRR12212713,2020/7/13 18:47,2020/7/13 18:43,187196,122235224,0,652,106,,https://sra-download.ncbi.nlm.nih.gov/traces/sra68/SRR/011926/SRR12212713,SRX8723200,20200421-3,AMPLICON,RT-PCR,VIRAL RNA,SINGLE,0,0,OXFORD_NANOPORE,MinION,SRP271670,PRJNA645970,,645970,SRS6998401,SAMN15520952,simple,2697049,Severe acute respiratory syndrome coronavirus 2,4591V,,,,,,,no,,,,,SMORODINTSEV RESEARCH INSTITUTE OF INFLUENZA,SRA1098285,,public,04CB2ECB7098EA634FE50CA846C0ABD4,2E0B7210B2E40774BCA4E26DF13DBC46
SRR12212712,2020/7/13 18:47,2020/7/13 18:43,23026,9527140,0,413,8,,https://sra-download.ncbi.nlm.nih.gov/traces/sra51/SRR/011926/SRR12212712,SRX8723201,20200411-19,AMPLICON,RT-PCR,VIRAL RNA,SINGLE,0,0,OXFORD_NANOPORE,MinION,SRP271670,PRJNA645970,,645970,SRS6998402,SAMN15520953,simple,2697049,Severe acute respiratory syndrome coronavirus 2,4597,,,,,,,no,,,,,SMORODINTSEV RESEARCH INSTITUTE OF INFLUENZA,SRA1098285,,public,43D80242A4C117F25DF3A38D397D9875,AEBC871B54A1937B93A96859F42627FD
SRR12212711,2020/7/13 18:47,2020/7/13 18:43,45903,19730209,0,429,17,,https://sra-download.ncbi.nlm.nih.gov/traces/sra52/SRR/011926/SRR12212711,SRX8723202,20200411-20,AMPLICON,RT-PCR,VIRAL RNA,SINGLE,0,0,OXFORD_NANOPORE,MinION,SRP271670,PRJNA645970,,645970,SRS6998403,SAMN15520954,simple,2697049,Severe acute respiratory syndrome coronavirus 2,4637,,,,,,,no,,,,,SMORODINTSEV RESEARCH INSTITUTE OF INFLUENZA,SRA1098285,,public,299E2815387EF5F4EACB2CD5F93503C6,F526BB09BCAE9AF58419A47F46382417
SRR12212710,2020/7/13 18:47,2020/7/13 18:43,42684,17708923,0,414,15,,https://sra-download.ncbi.nlm.nih.gov/traces/sra12/SRR/011926/SRR12212710,SRX8723203,20200411-21,AMPLICON,RT-PCR,VIRAL RNA,SINGLE,0,0,OXFORD_NANOPORE,MinION,SRP271670,PRJNA645970,,645970,SRS6998404,SAMN15520955,simple,2697049,Severe acute respiratory syndrome coronavirus 2,4649,,,,,,,no,,,,,SMORODINTSEV RESEARCH INSTITUTE OF INFLUENZA,SRA1098285,,public,D4C8A70D6C76F1BC80994A957DA0975C,425345453F1B55A3F1B021332DF4713C
SRR12212709,2020/7/13 18:47,2020/7/13 18:43,88910,41047540,0,461,36,,https://sra-download.ncbi.nlm.nih.gov/traces/sra48/SRR/011926/SRR12212709,SRX8723204,20200411-22,AMPLICON,RT-PCR,VIRAL RNA,SINGLE,0,0,OXFORD_NANOPORE,MinION,SRP271670,PRJNA645970,,645970,SRS6998405,SAMN15520956,simple,2697049,Severe acute respiratory syndrome coronavirus 2,4655,,,,,,,no,,,,,SMORODINTSEV RESEARCH INSTITUTE OF INFLUENZA,SRA1098285,,public,E426ADB14DDA91DDC6FB5E952D6A2084,82EF52985B7B5582F73594B25227CC0A
SRR12212708,2020/7/13 18:47,2020/7/13 18:43,97589,58997488,0,604,51,,https://sra-download.ncbi.nlm.nih.gov/traces/sra50/SRR/011926/SRR12212708,SRX8723205,20200421-4,AMPLICON,RT-PCR,VIRAL RNA,SINGLE,0,0,OXFORD_NANOPORE,MinION,SRP271670,PRJNA645970,,645970,SRS6998408,SAMN15520957,simple,2697049,Severe acute respiratory syndrome coronavirus 2,4655V,,,,,,,no,,,,,SMORODINTSEV RESEARCH INSTITUTE OF INFLUENZA,SRA1098285,,public,D815B1D05A3A77D3570E0BF7CA15A1EA,001CF64435A95F99FDD781120CABDE49
SRR12212707,2020/7/13 18:47,2020/7/13 18:43,41366,17422631,0,421,15,,https://sra-download.ncbi.nlm.nih.gov/traces/sra23/SRR/011926/SRR12212707,SRX8723206,20200411-23,AMPLICON,RT-PCR,VIRAL RNA,SINGLE,0,0,OXFORD_NANOPORE,MinION,SRP271670,PRJNA645970,,645970,SRS6998406,SAMN15520958,simple,2697049,Severe acute respiratory syndrome coronavirus 2,4678,,,,,,,no,,,,,SMORODINTSEV RESEARCH INSTITUTE OF INFLUENZA,SRA1098285,,public,F7B050D4796DD67A6BD5B85F57C8D856,FE41AF3ADF6D4556DF55E2018E30CFB9
SRR12212705,2020/7/13 18:47,2020/7/13 18:43,117750,74666582,0,634,65,,https://sra-download.ncbi.nlm.nih.gov/traces/sra48/SRR/011926/SRR12212705,SRX8723208,20200421-5,AMPLICON,RT-PCR,VIRAL RNA,SINGLE,0,0,OXFORD_NANOPORE,MinION,SRP271670,PRJNA645970,,645970,SRS6998409,SAMN15520959,simple,2697049,Severe acute respiratory syndrome coronavirus 2,4678V,,,,,,,no,,,,,SMORODINTSEV RESEARCH INSTITUTE OF INFLUENZA,SRA1098285,,public,5A8E567D181DE6359EA8BD38FBB1B683,4512877559CF4703E6E5EA450BC922F7
SRR12212704,2020/7/13 18:47,2020/7/13 18:43,43015,18767285,0,436,16,,https://sra-download.ncbi.nlm.nih.gov/traces/sra80/SRR/011926/SRR12212704,SRX8723209,20200411-24,AMPLICON,RT-PCR,VIRAL RNA,SINGLE,0,0,OXFORD_NANOPORE,MinION,SRP271670,PRJNA645970,,645970,SRS6998410,SAMN15520960,simple,2697049,Severe acute respiratory syndrome coronavirus 2,4686,,,,,,,no,,,,,SMORODINTSEV RESEARCH INSTITUTE OF INFLUENZA,SRA1098285,,public,0F6DBFED697C88BF76C496AA494F22D5,387CD5F5E6040C0AC7D09C0B69E5313B
SRR12212703,2020/7/13 18:47,2020/7/13 18:43,90038,40667113,0,451,35,,https://sra-download.ncbi.nlm.nih.gov/traces/sra60/SRR/011926/SRR12212703,SRX8723210,20200411-25,AMPLICON,RT-PCR,VIRAL RNA,SINGLE,0,0,OXFORD_NANOPORE,MinION,SRP271670,PRJNA645970,,645970,SRS6998411,SAMN15520961,simple,2697049,Severe acute respiratory syndrome coronavirus 2,4693,,,,,,,no,,,,,SMORODINTSEV RESEARCH INSTITUTE OF INFLUENZA,SRA1098285,,public,DF42250DF62AC450536D83265D707A56,7C31A45489E4724C77FB761C43361C8F
SRR12212702,2020/7/13 18:47,2020/7/13 18:43,45311,19823995,0,437,17,,https://sra-download.ncbi.nlm.nih.gov/traces/sra8/SRR/011926/SRR12212702,SRX8723211,20200411-26,AMPLICON,RT-PCR,VIRAL RNA,SINGLE,0,0,OXFORD_NANOPORE,MinION,SRP271670,PRJNA645970,,645970,SRS6998413,SAMN15520962,simple,2697049,Severe acute respiratory syndrome coronavirus 2,4694,,,,,,,no,,,,,SMORODINTSEV RESEARCH INSTITUTE OF INFLUENZA,SRA1098285,,public,97F7DA84797BFBB11E885D8036D73D7B,01A64364EE1DB232A6AD6659C59E65E3
SRR12212701,2020/7/13 18:47,2020/7/13 18:43,91072,39705068,0,435,35,,https://sra-download.ncbi.nlm.nih.gov/traces/sra33/SRR/011926/SRR12212701,SRX8723212,20200411-27,AMPLICON,RT-PCR,VIRAL RNA,SINGLE,0,0,OXFORD_NANOPORE,MinION,SRP271670,PRJNA645970,,645970,SRS6998412,SAMN15520963,simple,2697049,Severe acute respiratory syndrome coronavirus 2,4696,,,,,,,no,,,,,SMORODINTSEV RESEARCH INSTITUTE OF INFLUENZA,SRA1098285,,public,D999B661CE2D4E77A30AE57E00D10FC0,9AD2E24B2ACF6399F00F63E5A93F8361
SRR12212700,2020/7/13 18:47,2020/7/13 18:43,46867,18876018,0,402,16,,https://sra-download.ncbi.nlm.nih.gov/traces/sra19/SRR/011926/SRR12212700,SRX8723213,20200411-28,AMPLICON,RT-PCR,VIRAL RNA,SINGLE,0,0,OXFORD_NANOPORE,MinION,SRP271670,PRJNA645970,,645970,SRS6998416,SAMN15520964,simple,2697049,Severe acute respiratory syndrome coronavirus 2,4697,,,,,,,no,,,,,SMORODINTSEV RESEARCH INSTITUTE OF INFLUENZA,SRA1098285,,public,6BDFE44FDDF895E885A8A8EEE8E3F3DA,BED026343581057A6DDE06F074575D48
SRR12212699,2020/7/13 18:47,2020/7/13 18:43,78431,43059219,0,549,38,,https://sra-download.ncbi.nlm.nih.gov/traces/sra63/SRR/011926/SRR12212699,SRX8723214,20200421-6,AMPLICON,RT-PCR,VIRAL RNA,SINGLE,0,0,OXFORD_NANOPORE,MinION,SRP271670,PRJNA645970,,645970,SRS6998414,SAMN15520965,simple,2697049,Severe acute respiratory syndrome coronavirus 2,4705,,,,,,,no,,,,,SMORODINTSEV RESEARCH INSTITUTE OF INFLUENZA,SRA1098285,,public,80A0B7FAF3DCC703100868F7096449D2,A0A369D2ED079635D4F6D08F6108D050
SRR12212698,2020/7/13 18:47,2020/7/13 18:43,65724,30288057,0,460,26,,https://sra-download.ncbi.nlm.nih.gov/traces/sra56/SRR/011926/SRR12212698,SRX8723215,20200411-29,AMPLICON,RT-PCR,VIRAL RNA,SINGLE,0,0,OXFORD_NANOPORE,MinION,SRP271670,PRJNA645970,,645970,SRS6998415,SAMN15520966,simple,2697049,Severe acute respiratory syndrome coronavirus 2,4706,,,,,,,no,,,,,SMORODINTSEV RESEARCH INSTITUTE OF INFLUENZA,SRA1098285,,public,08E72B5CC5002F61DEB1272B1D91EE71,A9C5AD5A458E951606ED3F176E978D07
SRR12212697,2020/7/13 18:47,2020/7/13 18:43,27250,11807464,0,433,10,,https://sra-download.ncbi.nlm.nih.gov/traces/sra9/SRR/011926/SRR12212697,SRX8723216,20200411-30,AMPLICON,RT-PCR,VIRAL RNA,SINGLE,0,0,OXFORD_NANOPORE,MinION,SRP271670,PRJNA645970,,645970,SRS6998417,SAMN15520967,simple,2697049,Severe acute respiratory syndrome coronavirus 2,4707,,,,,,,no,,,,,SMORODINTSEV RESEARCH INSTITUTE OF INFLUENZA,SRA1098285,,public,743523202CF53230E9667E33D46E02B2,C14D900C7AD88BE0F7FB52FBCD04098D
SRR12212696,2020/7/13 18:47,2020/7/13 18:43,37112,16401490,0,441,14,,https://sra-download.ncbi.nlm.nih.gov/traces/sra56/SRR/011926/SRR12212696,SRX8723217,20200411-31,AMPLICON,RT-PCR,VIRAL RNA,SINGLE,0,0,OXFORD_NANOPORE,MinION,SRP271670,PRJNA645970,,645970,SRS6998418,SAMN15520968,simple,2697049,Severe acute respiratory syndrome coronavirus 2,4711,,,,,,,no,,,,,SMORODINTSEV RESEARCH INSTITUTE OF INFLUENZA,SRA1098285,,public,ED599EDC60E0A2942E92487E6B67B7B7,A2079FFA0288720A4E370B445E76F787
SRR12212694,2020/7/13 18:47,2020/7/13 18:43,102548,66641052,0,649,58,,https://sra-download.ncbi.nlm.nih.gov/traces/sra45/SRR/011926/SRR12212694,SRX8723219,20200421-7,AMPLICON,RT-PCR,VIRAL RNA,SINGLE,0,0,OXFORD_NANOPORE,MinION,SRP271670,PRJNA645970,,645970,SRS6998421,SAMN15520969,simple,2697049,Severe acute respiratory syndrome coronavirus 2,4712,,,,,,,no,,,,,SMORODINTSEV RESEARCH INSTITUTE OF INFLUENZA,SRA1098285,,public,7CBDE16A6C0B87231C00671B335D89FE,3FA7360277FB40D6F5ACB93575DFA927
SRR12212693,2020/7/13 18:54,2020/7/13 18:43,60885,28357884,0,465,25,,https://sra-download.ncbi.nlm.nih.gov/traces/sra38/SRR/011926/SRR12212693,SRX8723220,20200411-32,AMPLICON,RT-PCR,VIRAL RNA,SINGLE,0,0,OXFORD_NANOPORE,MinION,SRP271670,PRJNA645970,,645970,SRS6998420,SAMN15520970,simple,2697049,Severe acute respiratory syndrome coronavirus 2,4713,,,,,,,no,,,,,SMORODINTSEV RESEARCH INSTITUTE OF INFLUENZA,SRA1098285,,public,844DE06261E588DCF30E36052E9D8462,0F995049FF742472E54735C1ADCB6406
SRR12212692,2020/7/13 18:47,2020/7/13 18:43,46671,19941376,0,427,17,,https://sra-download.ncbi.nlm.nih.gov/traces/sra60/SRR/011926/SRR12212692,SRX8723221,20200411-33,AMPLICON,RT-PCR,VIRAL RNA,SINGLE,0,0,OXFORD_NANOPORE,MinION,SRP271670,PRJNA645970,,645970,SRS6998422,SAMN15520971,simple,2697049,Severe acute respiratory syndrome coronavirus 2,4723,,,,,,,no,,,,,SMORODINTSEV RESEARCH INSTITUTE OF INFLUENZA,SRA1098285,,public,EEB0A670054281A5A5C5CAFF89342516,EC16A0560A1CF9679BF67AF4A010A023
SRR12212691,2020/7/13 18:47,2020/7/13 18:43,54297,25180212,0,463,22,,https://sra-download.ncbi.nlm.nih.gov/traces/sra16/SRR/011926/SRR12212691,SRX8723222,20200411-34,AMPLICON,RT-PCR,VIRAL RNA,SINGLE,0,0,OXFORD_NANOPORE,MinION,SRP271670,PRJNA645970,,645970,SRS6998423,SAMN15520972,simple,2697049,Severe acute respiratory syndrome coronavirus 2,4724,,,,,,,no,,,,,SMORODINTSEV RESEARCH INSTITUTE OF INFLUENZA,SRA1098285,,public,345854D2AF269184D33B497CB92CF77F,DCD58BB6735E41A67453E37AF689ECBA
SRR12212690,2020/7/13 19:19,2020/7/13 18:43,62529,27949018,0,446,24,,https://sra-download.ncbi.nlm.nih.gov/traces/sra78/SRR/011926/SRR12212690,SRX8723223,20200411-35,AMPLICON,RT-PCR,VIRAL RNA,SINGLE,0,0,OXFORD_NANOPORE,MinION,SRP271670,PRJNA645970,,645970,SRS6998424,SAMN15520973,simple,2697049,Severe acute respiratory syndrome coronavirus 2,4726,,,,,,,no,,,,,SMORODINTSEV RESEARCH INSTITUTE OF INFLUENZA,SRA1098285,,public,71F456A9186620FE68EFEEBEFE464969,1A08AF618C776F15A38DC1753E749985
SRR12212689,2020/7/13 19:16,2020/7/13 18:43,41401,18450016,0,445,16,,https://sra-download.ncbi.nlm.nih.gov/traces/sra46/SRR/011926/SRR12212689,SRX8723224,20200411-36,AMPLICON,RT-PCR,VIRAL RNA,SINGLE,0,0,OXFORD_NANOPORE,MinION,SRP271670,PRJNA645970,,645970,SRS6998425,SAMN15520974,simple,2697049,Severe acute respiratory syndrome coronavirus 2,4728,,,,,,,no,,,,,SMORODINTSEV RESEARCH INSTITUTE OF INFLUENZA,SRA1098285,,public,5F7A059560FB48B127575B95B86EA2D6,E8C865FA5BA7A78F2FC11A8B53439585
SRR12212688,2020/7/13 19:16,2020/7/13 18:43,92409,53408418,0,577,47,,https://sra-download.ncbi.nlm.nih.gov/traces/sra74/SRR/011926/SRR12212688,SRX8723225,20200421-8,AMPLICON,RT-PCR,VIRAL RNA,SINGLE,0,0,OXFORD_NANOPORE,MinION,SRP271670,PRJNA645970,,645970,SRS6998426,SAMN15520975,simple,2697049,Severe acute respiratory syndrome coronavirus 2,4780,,,,,,,no,,,,,SMORODINTSEV RESEARCH INSTITUTE OF INFLUENZA,SRA1098285,,public,45F07D8CE9D8CE41E5E108722F588E53,399549E258CCB53F23A63929822A7E3B
SRR12212687,2020/7/13 18:47,2020/7/13 18:43,39607,17849814,0,450,15,,https://sra-download.ncbi.nlm.nih.gov/traces/sra57/SRR/011926/SRR12212687,SRX8723226,20200411-37,AMPLICON,RT-PCR,VIRAL RNA,SINGLE,0,0,OXFORD_NANOPORE,MinION,SRP271670,PRJNA645970,,645970,SRS6998427,SAMN15520976,simple,2697049,Severe acute respiratory syndrome coronavirus 2,4781,,,,,,,no,,,,,SMORODINTSEV RESEARCH INSTITUTE OF INFLUENZA,SRA1098285,,public,9897A72B3222BB9B61006BB600D107C4,3197DD4BCECF0D5265CA1713A87FF7CD
SRR12212686,2020/7/13 18:47,2020/7/13 18:43,36556,11318213,0,309,10,,https://sra-download.ncbi.nlm.nih.gov/traces/sra48/SRR/011926/SRR12212686,SRX8723227,20200421-9,AMPLICON,RT-PCR,VIRAL RNA,SINGLE,0,0,OXFORD_NANOPORE,MinION,SRP271670,PRJNA645970,,645970,SRS6998428,SAMN15520977,simple,2697049,Severe acute respiratory syndrome coronavirus 2,4917,,,,,,,no,,,,,SMORODINTSEV RESEARCH INSTITUTE OF INFLUENZA,SRA1098285,,public,505CEF3FAB88F5C44E64A948AEE91957,035CE4EB50FC5BFD5F320EF6407A968C
SRR12212685,2020/7/13 18:47,2020/7/13 18:43,35504,12137858,0,341,10,,https://sra-download.ncbi.nlm.nih.gov/traces/sra45/SRR/011926/SRR12212685,SRX8723228,20200421-10,AMPLICON,RT-PCR,VIRAL RNA,SINGLE,0,0,OXFORD_NANOPORE,MinION,SRP271670,PRJNA645970,,645970,SRS6998429,SAMN15520978,simple,2697049,Severe acute respiratory syndrome coronavirus 2,4936,,,,,,,no,,,,,SMORODINTSEV RESEARCH INSTITUTE OF INFLUENZA,SRA1098285,,public,B08EF8D6F56DC5A637C34E2FF87FF532,BD5E64377F952E94703FFBDB683F1D58
SRR12212683,2020/7/13 18:47,2020/7/13 18:43,44972,18880931,0,419,16,,https://sra-download.ncbi.nlm.nih.gov/traces/sra77/SRR/011926/SRR12212683,SRX8723230,20200421-11,AMPLICON,RT-PCR,VIRAL RNA,SINGLE,0,0,OXFORD_NANOPORE,MinION,SRP271670,PRJNA645970,,645970,SRS6998430,SAMN15520979,simple,2697049,Severe acute respiratory syndrome coronavirus 2,4937,,,,,,,no,,,,,SMORODINTSEV RESEARCH INSTITUTE OF INFLUENZA,SRA1098285,,public,7FF59FEDED51729BAF1A16D606B0A782,430DD513FAC838A13D14AED8005D0ECA
SRR12212682,2020/7/13 18:47,2020/7/13 18:43,54199,23393125,0,431,20,,https://sra-download.ncbi.nlm.nih.gov/traces/sra18/SRR/011926/SRR12212682,SRX8723231,20200421-12,AMPLICON,RT-PCR,VIRAL RNA,SINGLE,0,0,OXFORD_NANOPORE,MinION,SRP271670,PRJNA645970,,645970,SRS6998431,SAMN15520980,simple,2697049,Severe acute respiratory syndrome coronavirus 2,4938,,,,,,,no,,,,,SMORODINTSEV RESEARCH INSTITUTE OF INFLUENZA,SRA1098285,,public,86EA6B9C72257920388911260DBA6ED9,60885546F09003E78A9CDD3B5B99F05D
SRR12212681,2020/7/13 18:47,2020/7/13 18:43,38540,12321478,0,319,10,,https://sra-download.ncbi.nlm.nih.gov/traces/sra59/SRR/011926/SRR12212681,SRX8723232,20200421-13,AMPLICON,RT-PCR,VIRAL RNA,SINGLE,0,0,OXFORD_NANOPORE,MinION,SRP271670,PRJNA645970,,645970,SRS6998432,SAMN15520981,simple,2697049,Severe acute respiratory syndrome coronavirus 2,4944,,,,,,,no,,,,,SMORODINTSEV RESEARCH INSTITUTE OF INFLUENZA,SRA1098285,,public,1A5874CE3628CDEE04C957EC061B467C,0DE1CB76D23A645FC33F30DAC23EF870
SRR12212680,2020/7/13 19:19,2020/7/13 18:43,50456,23322131,0,462,20,,https://sra-download.ncbi.nlm.nih.gov/traces/sra45/SRR/011926/SRR12212680,SRX8723233,20200421-14,AMPLICON,RT-PCR,VIRAL RNA,SINGLE,0,0,OXFORD_NANOPORE,MinION,SRP271670,PRJNA645970,,645970,SRS6998433,SAMN15520982,simple,2697049,Severe acute respiratory syndrome coronavirus 2,4949,,,,,,,no,,,,,SMORODINTSEV RESEARCH INSTITUTE OF INFLUENZA,SRA1098285,,public,DB5A467442D39C989C0B135B6250ED76,EB8EAEF3BF6AD1F90F443BD03C7CDE72
SRR12212679,2020/7/13 18:47,2020/7/13 18:43,59576,28732664,0,482,25,,https://sra-download.ncbi.nlm.nih.gov/traces/sra24/SRR/011926/SRR12212679,SRX8723234,20200421-15,AMPLICON,RT-PCR,VIRAL RNA,SINGLE,0,0,OXFORD_NANOPORE,MinION,SRP271670,PRJNA645970,,645970,SRS6998434,SAMN15520983,simple,2697049,Severe acute respiratory syndrome coronavirus 2,4969,,,,,,,no,,,,,SMORODINTSEV RESEARCH INSTITUTE OF INFLUENZA,SRA1098285,,public,F8DA10A51501FD5E3E140689E05571D1,1E81D0C88480233805193F289FE3EFB4
SRR12212678,2020/7/13 18:54,2020/7/13 18:43,52809,24175293,0,457,21,,https://sra-download.ncbi.nlm.nih.gov/traces/sra46/SRR/011926/SRR12212678,SRX8723235,20200421-16,AMPLICON,RT-PCR,VIRAL RNA,SINGLE,0,0,OXFORD_NANOPORE,MinION,SRP271670,PRJNA645970,,645970,SRS6998449,SAMN15520984,simple,2697049,Severe acute respiratory syndrome coronavirus 2,4970,,,,,,,no,,,,,SMORODINTSEV RESEARCH INSTITUTE OF INFLUENZA,SRA1098285,,public,BAF0919914888E611C6CC1A6F4A2F859,456B39780D6C79A2B2FBB3B5A76960E4
SRR12212677,2020/7/13 18:47,2020/7/13 18:43,110048,170752263,0,1551,148,,https://sra-download.ncbi.nlm.nih.gov/traces/sra50/SRR/011926/SRR12212677,SRX8723236,20200421-17,AMPLICON,RT-PCR,VIRAL RNA,SINGLE,0,0,OXFORD_NANOPORE,MinION,SRP271670,PRJNA645970,,645970,SRS6998436,SAMN15520985,simple,2697049,Severe acute respiratory syndrome coronavirus 2,4972,,,,,,,no,,,,,SMORODINTSEV RESEARCH INSTITUTE OF INFLUENZA,SRA1098285,,public,09EAD645F0EF81BF1A170E917FA95DE4,7EF509F7AFA12D3B9611C8DBF1B2C5CE
SRR12212676,2020/7/13 18:54,2020/7/13 18:43,76968,41409880,0,538,36,,https://sra-download.ncbi.nlm.nih.gov/traces/sra11/SRR/011926/SRR12212676,SRX8723237,20200421-18,AMPLICON,RT-PCR,VIRAL RNA,SINGLE,0,0,OXFORD_NANOPORE,MinION,SRP271670,PRJNA645970,,645970,SRS6998437,SAMN15520986,simple,2697049,Severe acute respiratory syndrome coronavirus 2,4980,,,,,,,no,,,,,SMORODINTSEV RESEARCH INSTITUTE OF INFLUENZA,SRA1098285,,public,B878E991862853246714087F84805EEE,4B6AF3551E00D168048F41208682C6FF
SRR12212675,2020/7/13 18:54,2020/7/13 18:43,81944,42332006,0,516,37,,https://sra-download.ncbi.nlm.nih.gov/traces/sra11/SRR/011926/SRR12212675,SRX8723238,20200421-19,AMPLICON,RT-PCR,VIRAL RNA,SINGLE,0,0,OXFORD_NANOPORE,MinION,SRP271670,PRJNA645970,,645970,SRS6998438,SAMN15520987,simple,2697049,Severe acute respiratory syndrome coronavirus 2,4983,,,,,,,no,,,,,SMORODINTSEV RESEARCH INSTITUTE OF INFLUENZA,SRA1098285,,public,AFB6ED2C1950234A59EF64739BF41377,360BF73D20E38D9BC5CAB26CEA25F039
SRR12212674,2020/7/13 18:54,2020/7/13 18:43,65543,33767477,0,515,29,,https://sra-download.ncbi.nlm.nih.gov/traces/sra48/SRR/011926/SRR12212674,SRX8723239,20200421-20,AMPLICON,RT-PCR,VIRAL RNA,SINGLE,0,0,OXFORD_NANOPORE,MinION,SRP271670,PRJNA645970,,645970,SRS6998439,SAMN15520988,simple,2697049,Severe acute respiratory syndrome coronavirus 2,4984,,,,,,,no,,,,,SMORODINTSEV RESEARCH INSTITUTE OF INFLUENZA,SRA1098285,,public,7B3ECC99214B24838E1A3389500D3FAB,39CD4FBC0200E56D46AABA958B93C207
SRR12212672,2020/7/13 18:54,2020/7/13 18:43,42398,18423981,0,434,16,,https://sra-download.ncbi.nlm.nih.gov/traces/sra8/SRR/011926/SRR12212672,SRX8723241,20200421-21,AMPLICON,RT-PCR,VIRAL RNA,SINGLE,0,0,OXFORD_NANOPORE,MinION,SRP271670,PRJNA645970,,645970,SRS6998441,SAMN15520989,simple,2697049,Severe acute respiratory syndrome coronavirus 2,4985,,,,,,,no,,,,,SMORODINTSEV RESEARCH INSTITUTE OF INFLUENZA,SRA1098285,,public,EAA69A090D168D801A04014591DC23E5,468015ED0FAC93F09B8A872DF4DF4C7B
SRR12212671,2020/7/13 18:54,2020/7/13 18:43,76440,38982117,0,509,34,,https://sra-download.ncbi.nlm.nih.gov/traces/sra19/SRR/011926/SRR12212671,SRX8723242,20200421-22,AMPLICON,RT-PCR,VIRAL RNA,SINGLE,0,0,OXFORD_NANOPORE,MinION,SRP271670,PRJNA645970,,645970,SRS6998442,SAMN15520990,simple,2697049,Severe acute respiratory syndrome coronavirus 2,4988,,,,,,,no,,,,,SMORODINTSEV RESEARCH INSTITUTE OF INFLUENZA,SRA1098285,,public,A1F7C0CE813EAD0F0E9ECED64C494C4A,BCA642B1FE912E18E3B164383F97E339
SRR12212669,2020/7/13 18:54,2020/7/13 18:42,40685,20612544,0,506,18,,https://sra-download.ncbi.nlm.nih.gov/traces/sra5/SRR/011926/SRR12212669,SRX8723244,20200421-24,AMPLICON,RT-PCR,VIRAL RNA,SINGLE,0,0,OXFORD_NANOPORE,MinION,SRP271670,PRJNA645970,,645970,SRS6998443,SAMN15520992,simple,2697049,Severe acute respiratory syndrome coronavirus 2,5017,,,,,,,no,,,,,SMORODINTSEV RESEARCH INSTITUTE OF INFLUENZA,SRA1098285,,public,7F1A61D38F54E95C42CB1AB1F68A0659,9FCF3713C8B03D91C0D36D6974DBA906
SRR12212670,2020/7/13 18:54,2020/7/13 18:43,120159,74674806,0,621,65,,https://sra-download.ncbi.nlm.nih.gov/traces/sra73/SRR/011926/SRR12212670,SRX8723243,20200421-23,AMPLICON,RT-PCR,VIRAL RNA,SINGLE,0,0,OXFORD_NANOPORE,MinION,SRP271670,PRJNA645970,,645970,SRS6998444,SAMN15520991,simple,2697049,Severe acute respiratory syndrome coronavirus 2,5017V,,,,,,,no,,,,,SMORODINTSEV RESEARCH INSTITUTE OF INFLUENZA,SRA1098285,,public,3D4622794DA9725A5B20911111465BD5,8862FA0C8A774EA329AE1F4C44D2412D
SRR12212738,2020/7/13 18:54,2020/7/13 18:44,83625,42434851,0,507,37,,https://sra-download.ncbi.nlm.nih.gov/traces/sra48/SRR/011926/SRR12212738,SRX8723175,20200421-44,AMPLICON,RT-PCR,VIRAL RNA,SINGLE,0,0,OXFORD_NANOPORE,MinION,SRP271670,PRJNA645970,,645970,SRS6998376,SAMN15521019,simple,2697049,Severe acute respiratory syndrome coronavirus 2,6053,,,,,,,no,,,,,SMORODINTSEV RESEARCH INSTITUTE OF INFLUENZA,SRA1098285,,public,FD38C4B2D3D05D480A2E0C3EB121363B,59BA75539A91C6C1E7FF472B619C1171
SRR12212641,2020/7/13 18:54,2020/7/13 18:42,50483,32240610,0,638,28,,https://sra-download.ncbi.nlm.nih.gov/traces/sra73/SRR/011926/SRR12212641,SRX8723176,20200502-8,AMPLICON,RT-PCR,VIRAL RNA,SINGLE,0,0,OXFORD_NANOPORE,MinION,SRP271670,PRJNA645970,,645970,SRS6998377,SAMN15521020,simple,2697049,Severe acute respiratory syndrome coronavirus 2,6053V,,,,,,,no,,,,,SMORODINTSEV RESEARCH INSTITUTE OF INFLUENZA,SRA1098285,,public,E348F9EEDBB4316EEBE16F0A8EE9E7D2,3DE4407364ED426F3ABF9FEEB7F7259C
SRR12212736,2020/7/13 18:54,2020/7/13 18:43,13101,2888471,0,220,2,,https://sra-download.ncbi.nlm.nih.gov/traces/sra60/SRR/011926/SRR12212736,SRX8723177,20200502-68,AMPLICON,RT-PCR,VIRAL RNA,SINGLE,0,0,OXFORD_NANOPORE,MinION,SRP271670,PRJNA645970,,645970,SRS6998378,SAMN15521087,simple,2697049,Severe acute respiratory syndrome coronavirus 2,8890,,,,,,,no,,,,,SMORODINTSEV RESEARCH INSTITUTE OF INFLUENZA,SRA1098285,,public,5C6F0897AD3463CB3366D66EB89C97B6,74ED3075798A6BD55C2F4351DD7FD8F5
SRR12212735,2020/7/13 18:47,2020/7/13 18:43,18746,6938664,0,370,6,,https://sra-download.ncbi.nlm.nih.gov/traces/sra12/SRR/011926/SRR12212735,SRX8723178,20200502-69,AMPLICON,RT-PCR,VIRAL RNA,SINGLE,0,0,OXFORD_NANOPORE,MinION,SRP271670,PRJNA645970,,645970,SRS6998379,SAMN15521088,simple,2697049,Severe acute respiratory syndrome coronavirus 2,8913,,,,,,,no,,,,,SMORODINTSEV RESEARCH INSTITUTE OF INFLUENZA,SRA1098285,,public,59625D90B26D844EEA2B0982D3FA7991,6B426DABC1B990A21792B170D144FE39
SRR12212733,2020/7/13 18:47,2020/7/13 18:43,11565,4007488,0,346,3,,https://sra-download.ncbi.nlm.nih.gov/traces/sra1/SRR/011926/SRR12212733,SRX8723180,20200502-70,AMPLICON,RT-PCR,VIRAL RNA,SINGLE,0,0,OXFORD_NANOPORE,MinION,SRP271670,PRJNA645970,,645970,SRS6998381,SAMN15521089,simple,2697049,Severe acute respiratory syndrome coronavirus 2,8934,,,,,,,no,,,,,SMORODINTSEV RESEARCH INSTITUTE OF INFLUENZA,SRA1098285,,public,A563461482501E58C06A794A5E2A2787,C0D0B2D4EA1F5BF4E2396D1A434B8860
SRR12212732,2020/7/13 18:54,2020/7/13 18:43,13061,3250640,0,248,2,,https://sra-download.ncbi.nlm.nih.gov/traces/sra39/SRR/011926/SRR12212732,SRX8723181,20200502-71,AMPLICON,RT-PCR,VIRAL RNA,SINGLE,0,0,OXFORD_NANOPORE,MinION,SRP271670,PRJNA645970,,645970,SRS6998382,SAMN15521090,simple,2697049,Severe acute respiratory syndrome coronavirus 2,8935,,,,,,,no,,,,,SMORODINTSEV RESEARCH INSTITUTE OF INFLUENZA,SRA1098285,,public,C62046D78D5ECF5388B0338F74C4F4E5,DCF633387CEBC7E8E722BF0A90FF5AF1
SRR12212731,2020/7/13 18:54,2020/7/13 18:43,14123,4867824,0,344,4,,https://sra-download.ncbi.nlm.nih.gov/traces/sra15/SRR/011926/SRR12212731,SRX8723182,20200502-72,AMPLICON,RT-PCR,VIRAL RNA,SINGLE,0,0,OXFORD_NANOPORE,MinION,SRP271670,PRJNA645970,,645970,SRS6998383,SAMN15521091,simple,2697049,Severe acute respiratory syndrome coronavirus 2,8955,,,,,,,no,,,,,SMORODINTSEV RESEARCH INSTITUTE OF INFLUENZA,SRA1098285,,public,2CB66B06FFD56EE253DED127D30EFB4C,A2915310CD2912E67A71B327662CB30B
