Run,ReleaseDate,LoadDate,spots,bases,spots_with_mates,avgLength,size_MB,AssemblyName,download_path,Experiment,LibraryName,LibraryStrategy,LibrarySelection,LibrarySource,LibraryLayout,InsertSize,InsertDev,Platform,Model,SRAStudy,BioProject,Study_Pubmed_id,ProjectID,Sample,BioSample,SampleType,TaxID,ScientificName,SampleName,g1k_pop_code,source,g1k_analysis_group,Subject_ID,Sex,Disease,Tumor,Affection_Status,Analyte_Type,Histological_Type,Body_Site,CenterName,Submission,dbgap_study_accession,Consent,RunHash,ReadHash
SRR11586701,2020-05-05 11:52:55,2020-04-22 07:40:48,1045786,557564177,0,533,486,,https://sra-downloadb.be-md.ncbi.nlm.nih.gov/sos3/sra-pub-run-20/SRR11586701/SRR11586701.1,SRX8154258,SARS-CoV-2/HKU-904a/2020,WGS,RANDOM,VIRAL RNA,SINGLE,0,0,OXFORD_NANOPORE,MinION,SRP257853,PRJNA627286,,627286,SRS6516558,SAMN14657842,simple,2697049,Severe acute respiratory syndrome coronavirus 2,SARS-CoV-2/HKU-904a/2020,,,,,,,no,,,,,UNIVERSITY OF HONG KONG,SRA1067913,,public,FB550120658DE47EA0613F0D9F3D5B64,CFFBE03476A8A5254F5DD986D753EF50
SRR11586705,2020-05-05 11:52:55,2020-04-22 07:38:55,399560,182847518,0,457,160,,https://sra-downloadb.be-md.ncbi.nlm.nih.gov/sos3/sra-pub-run-20/SRR11586705/SRR11586705.1,SRX8154254,SARS-CoV-2/HKU-905a/2020,WGS,RANDOM,VIRAL RNA,SINGLE,0,0,OXFORD_NANOPORE,MinION,SRP257853,PRJNA627286,,627286,SRS6516554,SAMN14657838,simple,2697049,Severe acute respiratory syndrome coronavirus 2,SARS-CoV-2/HKU-905a/2020,,,,,,,no,,,,,UNIVERSITY OF HONG KONG,SRA1067913,,public,E255D2DDEDA31220DC873578F12C6336,E10A611D3FEABEFC3F8364A55CCA4F1B
SRR11586704,2020-05-05 11:52:55,2020-04-22 07:40:57,1098410,538217305,0,489,470,,https://sra-downloadb.be-md.ncbi.nlm.nih.gov/sos2/sra-pub-run-13/SRR11586704/SRR11586704.1,SRX8154255,SARS-CoV-2/HKU-911a/2020,WGS,RANDOM,VIRAL RNA,SINGLE,0,0,OXFORD_NANOPORE,MinION,SRP257853,PRJNA627286,,627286,SRS6516555,SAMN14657839,simple,2697049,Severe acute respiratory syndrome coronavirus 2,SARS-CoV-2/HKU-911a/2020,,,,,,,no,,,,,UNIVERSITY OF HONG KONG,SRA1067913,,public,2730F7F5793CF60FC6E325FD5CD8EACB,A3B868ED765876E192F5E5688D3D6C17
SRR11586703,2020-05-05 11:52:55,2020-04-22 07:40:47,393393,252957904,0,643,221,,https://sra-downloadb.st-va.ncbi.nlm.nih.gov/sos1/sra-pub-run-18/SRR11586703/SRR11586703.1,SRX8154256,SARS-CoV-2/HKU-913a/2020,WGS,RANDOM,VIRAL RNA,SINGLE,0,0,OXFORD_NANOPORE,MinION,SRP257853,PRJNA627286,,627286,SRS6516556,SAMN14657840,simple,2697049,Severe acute respiratory syndrome coronavirus 2,SARS-CoV-2/HKU-913a/2020,,,,,,,no,,,,,UNIVERSITY OF HONG KONG,SRA1067913,,public,3A499A9FBFF90AEF03DFBF8DE21C469C,4F9830332434B3A0441A5613A0667211
SRR11586702,2020-05-05 11:52:55,2020-04-22 07:38:39,146590,73734480,0,502,64,,https://sra-downloadb.be-md.ncbi.nlm.nih.gov/sos3/sra-pub-run-20/SRR11586702/SRR11586702.1,SRX8154257,SARS-CoV-2/HKU-915a/2020,WGS,RANDOM,VIRAL RNA,SINGLE,0,0,OXFORD_NANOPORE,MinION,SRP257853,PRJNA627286,,627286,SRS6516557,SAMN14657841,simple,2697049,Severe acute respiratory syndrome coronavirus 2,SARS-CoV-2/HKU-915a/2020,,,,,,,no,,,,,UNIVERSITY OF HONG KONG,SRA1067913,,public,1C0EEAAC37742FB286B4E5851C409C3F,8FF361A266520F272B439D2C0781B252

