Run,ReleaseDate,LoadDate,spots,bases,spots_with_mates,avgLength,size_MB,AssemblyName,download_path,Experiment,LibraryName,LibraryStrategy,LibrarySelection,LibrarySource,LibraryLayout,InsertSize,InsertDev,Platform,Model,SRAStudy,BioProject,Study_Pubmed_id,ProjectID,Sample,BioSample,SampleType,TaxID,ScientificName,SampleName,g1k_pop_code,source,g1k_analysis_group,Subject_ID,Sex,Disease,Tumor,Affection_Status,Analyte_Type,Histological_Type,Body_Site,CenterName,Submission,dbgap_study_accession,Consent,RunHash,ReadHash
SRR13811335,2021-03-15 00:02:17,2021-03-01 10:46:20,879763,181622509,0,206,105,,https://sra-download.ncbi.nlm.nih.gov/traces/sra45/SRR/013487/SRR13811335,SRX10194207,FMP 80,WGS,RT-PCR,VIRAL RNA,SINGLE,0,0,ION_TORRENT,Ion Torrent S5,SRP269235,PRJNA642869,,642869,SRS8340715,SAMN18093918,simple,2697049,Severe acute respiratory syndrome coronavirus 2,FMP 80,,,,,,,no,,,,,"MEDICAL AND PHARMACY SCHOOL, MOHAMMED VTH UNIVERSITY, RABAT",SRA1201470,,public,FCA95487332408AD7957ADF74C92B188,6F935ADE199FD0C4A95CC7479B7B9035
SRR12109255,2020-06-29 14:54:03,2020-06-29 14:51:06,71828,32681437,0,454,28,,https://sra-downloadb.be-md.ncbi.nlm.nih.gov/sos3/sra-pub-run-21/SRR12109255/SRR12109255.1,SRX8633309,barcode1,WGS,RT-PCR,VIRAL RNA,SINGLE,0,0,OXFORD_NANOPORE,MinION,SRP269235,PRJNA642869,,642869,SRS6920044,SAMN15399815,simple,2697049,Severe acute respiratory syndrome coronavirus 2,RMPS-01,,,,,,,no,,,,,"MEDBIOTECH LABORATORY, FACULTY OF MEDICINE AND PHARMACY, RABAT/ MOHAMED V UNIVERSITY RABAT",SRA1092416,,public,8CB2B272DFE43068C18FC86AFB2FAA1B,D2B26CD4268183ABBF56B1110B9B288A
SRR12109254,2020-06-29 14:54:56,2020-06-29 14:51:15,185359,84478564,0,455,73,,https://sra-downloadb.be-md.ncbi.nlm.nih.gov/sos3/sra-pub-run-20/SRR12109254/SRR12109254.1,SRX8633310,barcode2,WGS,RT-PCR,VIRAL RNA,SINGLE,0,0,OXFORD_NANOPORE,MinION,SRP269235,PRJNA642869,,642869,SRS6920045,SAMN15399816,simple,2697049,Severe acute respiratory syndrome coronavirus 2,RMPS-02,,,,,,,no,,,,,"MEDBIOTECH LABORATORY, FACULTY OF MEDICINE AND PHARMACY, RABAT/ MOHAMED V UNIVERSITY RABAT",SRA1092416,,public,7B811E6020D3F59BE478878215D9D358,0E57550B9165DAC705323195D63E62DD
SRR12109253,2020-06-29 14:54:03,2020-06-29 14:51:08,88449,40254577,0,455,35,,https://sra-downloadb.be-md.ncbi.nlm.nih.gov/sos3/sra-pub-run-21/SRR12109253/SRR12109253.1,SRX8633311,barcode3,WGS,RT-PCR,VIRAL RNA,SINGLE,0,0,OXFORD_NANOPORE,MinION,SRP269235,PRJNA642869,,642869,SRS6920046,SAMN15399817,simple,2697049,Severe acute respiratory syndrome coronavirus 2,RMPS-03,,,,,,,no,,,,,"MEDBIOTECH LABORATORY, FACULTY OF MEDICINE AND PHARMACY, RABAT/ MOHAMED V UNIVERSITY RABAT",SRA1092416,,public,82BF2E29133E4FF34BE72D9130C28D9C,C81EB94F455DE2F74A88AE83F9A1CC4F
SRR12109252,2020-06-29 14:54:03,2020-06-29 14:51:07,113808,51501049,0,452,44,,https://sra-downloadb.be-md.ncbi.nlm.nih.gov/sos3/sra-pub-run-20/SRR12109252/SRR12109252.1,SRX8633312,barcode4,WGS,RT-PCR,VIRAL RNA,SINGLE,0,0,OXFORD_NANOPORE,MinION,SRP269235,PRJNA642869,,642869,SRS6920047,SAMN15399818,simple,2697049,Severe acute respiratory syndrome coronavirus 2,RMPS-04,,,,,,,no,,,,,"MEDBIOTECH LABORATORY, FACULTY OF MEDICINE AND PHARMACY, RABAT/ MOHAMED V UNIVERSITY RABAT",SRA1092416,,public,72D0668B4CC98D92805E7EE9F8EE70D0,54BE4849F85F84B3F51CBFA003C68661
SRR12109251,2020-06-29 14:54:03,2020-06-29 14:51:08,70564,32173446,0,455,28,,https://sra-downloadb.be-md.ncbi.nlm.nih.gov/sos3/sra-pub-run-19/SRR12109251/SRR12109251.1,SRX8633313,barcode5,WGS,RT-PCR,VIRAL RNA,SINGLE,0,0,OXFORD_NANOPORE,MinION,SRP269235,PRJNA642869,,642869,SRS6920048,SAMN15399819,simple,2697049,Severe acute respiratory syndrome coronavirus 2,RMPS-05,,,,,,,no,,,,,"MEDBIOTECH LABORATORY, FACULTY OF MEDICINE AND PHARMACY, RABAT/ MOHAMED V UNIVERSITY RABAT",SRA1092416,,public,8165FE04538C6D75190A633FF0AD3B50,DF956EEA19359FC320334046D9D75835
SRR12109250,2020-06-29 14:54:03,2020-06-29 14:51:05,128610,58424150,0,454,51,,https://sra-downloadb.be-md.ncbi.nlm.nih.gov/sos3/sra-pub-run-19/SRR12109250/SRR12109250.1,SRX8633314,barcode6,WGS,RT-PCR,VIRAL RNA,SINGLE,0,0,OXFORD_NANOPORE,MinION,SRP269235,PRJNA642869,,642869,SRS6920049,SAMN15399820,simple,2697049,Severe acute respiratory syndrome coronavirus 2,RMPS-06,,,,,,,no,,,,,"MEDBIOTECH LABORATORY, FACULTY OF MEDICINE AND PHARMACY, RABAT/ MOHAMED V UNIVERSITY RABAT",SRA1092416,,public,63BFFE0E8B4AE286C013F68E68A8ECFE,8D74C19F8CE17A67BD35F414F574B102

