Run,ReleaseDate,LoadDate,spots,bases,spots_with_mates,avgLength,size_MB,AssemblyName,download_path,Experiment,LibraryName,LibraryStrategy,LibrarySelection,LibrarySource,LibraryLayout,InsertSize,InsertDev,Platform,Model,SRAStudy,BioProject,Study_Pubmed_id,ProjectID,Sample,BioSample,SampleType,TaxID,ScientificName,SampleName,g1k_pop_code,source,g1k_analysis_group,Subject_ID,Sex,Disease,Tumor,Affection_Status,Analyte_Type,Histological_Type,Body_Site,CenterName,Submission,dbgap_study_accession,Consent,RunHash,ReadHash
SRR11637200,2020-04-28 22:04:45,2020-04-28 18:35:11,20996,16521897,0,786,14,,https://sra-downloadb.be-md.ncbi.nlm.nih.gov/sos3/sra-pub-run-20/SRR11637200/SRR11637200.1,SRX8201189,E0148-2_BC45,AMPLICON,RT-PCR,VIRAL RNA,SINGLE,0,0,OXFORD_NANOPORE,MinION,SRP258998,PRJNA610248,,610248,SRS6559321,SAMN14765148,simple,2697049,Severe acute respiratory syndrome coronavirus 2,D923110,,,,,,,no,,,,,CDC-PDD,SRA1070184,,public,205AE609E98378B8BF099D49BC4F7029,1E673C4E7AAC70CC77569E25E98FC6C1
SRR11637196,2020-04-28 22:04:45,2020-04-28 18:35:15,28044,21417860,0,763,19,,https://sra-downloadb.be-md.ncbi.nlm.nih.gov/sos3/sra-pub-run-19/SRR11637196/SRR11637196.1,SRX8201193,E0148-2_BC76,AMPLICON,RT-PCR,VIRAL RNA,SINGLE,0,0,OXFORD_NANOPORE,MinION,SRP258998,PRJNA610248,,610248,SRS6559325,SAMN14765152,simple,2697049,Severe acute respiratory syndrome coronavirus 2,D923130,,,,,,,no,,,,,CDC-PDD,SRA1070184,,public,8C65404466EA048A605E950DE34CA0E1,283A5623D8530AA62B86DB8A79197700
SRR11637205,2020-04-28 22:04:45,2020-04-28 18:35:15,24992,19793618,0,791,17,,https://sra-downloadb.be-md.ncbi.nlm.nih.gov/sos3/sra-pub-run-20/SRR11637205/SRR11637205.1,SRX8201184,E0148-2_BC27,AMPLICON,RT-PCR,VIRAL RNA,SINGLE,0,0,OXFORD_NANOPORE,MinION,SRP258998,PRJNA610248,,610248,SRS6559316,SAMN14765144,simple,2697049,Severe acute respiratory syndrome coronavirus 2,D923214,,,,,,,no,,,,,CDC-PDD,SRA1070184,,public,904426DE8A7FD2A814BFD2A8DA9561B0,0D5B6C388283175C947BB3A0973329DE
SRR11637213,2020-04-28 22:04:45,2020-04-28 18:35:18,139833,125140963,0,894,110,,https://sra-downloadb.be-md.ncbi.nlm.nih.gov/sos3/sra-pub-run-21/SRR11637213/SRR11637213.1,SRX8201176,E0148-1_BC74,AMPLICON,RT-PCR,VIRAL RNA,SINGLE,0,0,OXFORD_NANOPORE,MinION,SRP258998,PRJNA610248,,610248,SRS6559308,SAMN14765137,simple,2697049,Severe acute respiratory syndrome coronavirus 2,D923286,,,,,,,no,,,,,CDC-PDD,SRA1070184,,public,E54EFF4C7034E4FC8DE53113AE9D731A,4D721E2C4FD3A0F246756B3D1800962B
SRR11637203,2020-04-28 22:04:45,2020-04-28 18:35:09,15494,12360385,0,797,11,,https://sra-downloadb.be-md.ncbi.nlm.nih.gov/sos3/sra-pub-run-20/SRR11637203/SRR11637203.1,SRX8201186,E0148-2_BC39,AMPLICON,RT-PCR,VIRAL RNA,SINGLE,0,0,OXFORD_NANOPORE,MinION,SRP258998,PRJNA610248,,610248,SRS6559318,SAMN14765146,simple,2697049,Severe acute respiratory syndrome coronavirus 2,D923304,,,,,,,no,,,,,CDC-PDD,SRA1070184,,public,9B21A571BD01A9A127AB976C3FFB2F59,6EFFA7BC0732E53F7BFD9769CF8668BC
SRR11637218,2020-04-28 22:04:45,2020-04-28 18:35:12,88054,69053929,0,784,61,,https://sra-downloadb.be-md.ncbi.nlm.nih.gov/sos3/sra-pub-run-21/SRR11637218/SRR11637218.1,SRX8201171,E0148-1_BC38,AMPLICON,RT-PCR,VIRAL RNA,SINGLE,0,0,OXFORD_NANOPORE,MinION,SRP258998,PRJNA610248,,610248,SRS6559303,SAMN14765132,simple,2697049,Severe acute respiratory syndrome coronavirus 2,D923306,,,,,,,no,,,,,CDC-PDD,SRA1070184,,public,9598899A2DBF9588DB7C93F7E2B2CA5E,57C6113EEDF46D98D1CA518D21B59785
SRR11637197,2020-04-28 22:04:45,2020-04-28 18:35:15,17149,13429263,0,783,11,,https://sra-downloadb.be-md.ncbi.nlm.nih.gov/sos3/sra-pub-run-19/SRR11637197/SRR11637197.1,SRX8201192,E0148-2_BC64,AMPLICON,RT-PCR,VIRAL RNA,SINGLE,0,0,OXFORD_NANOPORE,MinION,SRP258998,PRJNA610248,,610248,SRS6559324,SAMN14765151,simple,2697049,Severe acute respiratory syndrome coronavirus 2,D923347,,,,,,,no,,,,,CDC-PDD,SRA1070184,,public,6EFBD2ED480F4E0CD7B73240726AE03E,FAB22F82C212AEF498FECB7DDBCEECDB
SRR11637209,2020-04-28 22:04:45,2020-04-28 18:35:10,9473,9042218,0,954,8,,https://sra-download.ncbi.nlm.nih.gov/traces/sra50/SRR/011364/SRR11637209,SRX8201180,E0148-2_BC03,AMPLICON,RT-PCR,VIRAL RNA,SINGLE,0,0,OXFORD_NANOPORE,MinION,SRP258998,PRJNA610248,,610248,SRS6559312,SAMN14765140,simple,2697049,Severe acute respiratory syndrome coronavirus 2,D923471,,,,,,,no,,,,,CDC-PDD,SRA1070184,,public,71BD963CADBB52AA0A80A1F0A636D859,D399E64F01575BB51A835574A9B484CC
SRR11637217,2020-04-28 22:04:45,2020-04-28 18:35:11,58176,61891557,0,1063,55,,https://sra-downloadb.be-md.ncbi.nlm.nih.gov/sos3/sra-pub-run-19/SRR11637217/SRR11637217.1,SRX8201172,E0148-1_BC49,AMPLICON,RT-PCR,VIRAL RNA,SINGLE,0,0,OXFORD_NANOPORE,MinION,SRP258998,PRJNA610248,,610248,SRS6559304,SAMN14765133,simple,2697049,Severe acute respiratory syndrome coronavirus 2,D923526,,,,,,,no,,,,,CDC-PDD,SRA1070184,,public,C2008A7AB0BEBB44E966450948BE7BA7,F170CBE43CC915E7E871CBB6F5E2CD6C
SRR11637191,2020-04-28 22:04:46,2020-04-28 18:35:27,439835,373898710,0,850,327,,https://sra-downloadb.be-md.ncbi.nlm.nih.gov/sos3/sra-pub-run-20/SRR11637191/SRR11637191.1,SRX8201198,E0155_BC84,AMPLICON,RT-PCR,VIRAL RNA,SINGLE,0,0,OXFORD_NANOPORE,GridION,SRP258998,PRJNA610248,,610248,SRS6559330,SAMN14765157,simple,2697049,Severe acute respiratory syndrome coronavirus 2,D923540,,,,,,,no,,,,,CDC-PDD,SRA1070184,,public,87510A386D2F606B67D0B16DB1DF0645,CD0ECE24D9D8B32E89E06F05F83BAF33
SRR11637215,2020-04-28 22:04:45,2020-04-28 18:35:11,66515,54719425,0,822,48,,https://sra-downloadb.be-md.ncbi.nlm.nih.gov/sos3/sra-pub-run-21/SRR11637215/SRR11637215.1,SRX8201174,E0148-1_BC62,AMPLICON,RT-PCR,VIRAL RNA,SINGLE,0,0,OXFORD_NANOPORE,MinION,SRP258998,PRJNA610248,,610248,SRS6559306,SAMN14765135,simple,2697049,Severe acute respiratory syndrome coronavirus 2,D923695,,,,,,,no,,,,,CDC-PDD,SRA1070184,,public,B6D5D0F491B68D389219B9020CDE21ED,038379CF76F46DEF2BF91D9651F38570
SRR11637204,2020-04-28 22:04:45,2020-04-28 18:35:10,35491,31686202,0,892,28,,https://sra-downloadb.be-md.ncbi.nlm.nih.gov/sos3/sra-pub-run-21/SRR11637204/SRR11637204.1,SRX8201185,E0148-2_BC29,AMPLICON,RT-PCR,VIRAL RNA,SINGLE,0,0,OXFORD_NANOPORE,MinION,SRP258998,PRJNA610248,,610248,SRS6559317,SAMN14765145,simple,2697049,Severe acute respiratory syndrome coronavirus 2,D923733,,,,,,,no,,,,,CDC-PDD,SRA1070184,,public,955069215D8BF90574741FB6D5E1A04B,6821A6EE2D990FE96FBAEC6DF559E21C
SRR11637224,2020-04-28 22:04:45,2020-04-28 18:35:12,97577,82586324,0,846,73,,https://sra-downloadb.be-md.ncbi.nlm.nih.gov/sos3/sra-pub-run-21/SRR11637224/SRR11637224.1,SRX8201165,E0148-1_BC01,AMPLICON,RT-PCR,VIRAL RNA,SINGLE,0,0,OXFORD_NANOPORE,MinION,SRP258998,PRJNA610248,,610248,SRS6559297,SAMN14765127,simple,2697049,Severe acute respiratory syndrome coronavirus 2,D923752,,,,,,,no,,,,,CDC-PDD,SRA1070184,,public,0E7B98E9FA966EE7D445577F44F44698,823C9FBBB8254317D084941BE9E08F79
SRR11637199,2020-04-28 22:04:45,2020-04-28 18:35:15,18337,20521510,0,1119,18,,https://sra-downloadb.be-md.ncbi.nlm.nih.gov/sos3/sra-pub-run-21/SRR11637199/SRR11637199.1,SRX8201190,E0148-2_BC52,AMPLICON,RT-PCR,VIRAL RNA,SINGLE,0,0,OXFORD_NANOPORE,MinION,SRP258998,PRJNA610248,,610248,SRS6559322,SAMN14765149,simple,2697049,Severe acute respiratory syndrome coronavirus 2,D923814,,,,,,,no,,,,,CDC-PDD,SRA1070184,,public,32147A305ABE2F71D4B649C1E83909A3,6EE9896C17E547D1178756A20E305DB4
SRR11637206,2020-04-28 22:04:45,2020-04-28 18:35:16,11452,12603875,0,1100,11,,https://sra-downloadb.be-md.ncbi.nlm.nih.gov/sos3/sra-pub-run-20/SRR11637206/SRR11637206.1,SRX8201183,E0148-2_BC17,AMPLICON,RT-PCR,VIRAL RNA,SINGLE,0,0,OXFORD_NANOPORE,MinION,SRP258998,PRJNA610248,,610248,SRS6559315,SAMN14765143,simple,2697049,Severe acute respiratory syndrome coronavirus 2,D923914,,,,,,,no,,,,,CDC-PDD,SRA1070184,,public,FC0871ACC50AE56D8EFBBFDD656FFECB,2413FC6E7E91F1DC1E69D1E93F804643
SRR11637219,2020-04-28 22:04:45,2020-04-28 18:35:15,58131,48870238,0,840,43,,https://sra-downloadb.be-md.ncbi.nlm.nih.gov/sos3/sra-pub-run-19/SRR11637219/SRR11637219.1,SRX8201170,E0148-1_BC37,AMPLICON,RT-PCR,VIRAL RNA,SINGLE,0,0,OXFORD_NANOPORE,MinION,SRP258998,PRJNA610248,,610248,SRS6559302,SAMN14765131,simple,2697049,Severe acute respiratory syndrome coronavirus 2,D923917,,,,,,,no,,,,,CDC-PDD,SRA1070184,,public,5357846680077C6B84E3F69815E630FF,6EE5BDE09C77DEBE62305FD64A928809
SRR11637192,2020-04-28 22:04:46,2020-04-28 18:35:31,475606,401486233,0,844,351,,https://sra-downloadb.be-md.ncbi.nlm.nih.gov/sos3/sra-pub-run-19/SRR11637192/SRR11637192.1,SRX8201197,E0155_BC72,AMPLICON,RT-PCR,VIRAL RNA,SINGLE,0,0,OXFORD_NANOPORE,GridION,SRP258998,PRJNA610248,,610248,SRS6559329,SAMN14765156,simple,2697049,Severe acute respiratory syndrome coronavirus 2,D923919,,,,,,,no,,,,,CDC-PDD,SRA1070184,,public,8B839D9DBB62DC35633EBDC805107AF8,06634103F1DF38DF42707E073DF898D2
SRR11637202,2020-04-28 22:04:45,2020-04-28 18:35:18,26698,22005005,0,824,19,,https://sra-downloadb.be-md.ncbi.nlm.nih.gov/sos3/sra-pub-run-19/SRR11637202/SRR11637202.1,SRX8201187,E0148-2_BC40,AMPLICON,RT-PCR,VIRAL RNA,SINGLE,0,0,OXFORD_NANOPORE,MinION,SRP258998,PRJNA610248,,610248,SRS6559319,SAMN14765147,simple,2697049,Severe acute respiratory syndrome coronavirus 2,D923923,,,,,,,no,,,,,CDC-PDD,SRA1070184,,public,4276578FE10658A63837C5E77E8AE7DB,B93364D8C12E56FD7FE5EBFAA8848E4A
SRR11637193,2020-04-28 22:04:46,2020-04-28 18:35:38,576686,483485094,0,838,422,,https://sra-downloadb.be-md.ncbi.nlm.nih.gov/sos3/sra-pub-run-19/SRR11637193/SRR11637193.1,SRX8201196,E0155_BC48,AMPLICON,RT-PCR,VIRAL RNA,SINGLE,0,0,OXFORD_NANOPORE,GridION,SRP258998,PRJNA610248,,610248,SRS6559328,SAMN14765155,simple,2697049,Severe acute respiratory syndrome coronavirus 2,D923926,,,,,,,no,,,,,CDC-PDD,SRA1070184,,public,6376308A5B0054C37776B322D088D9CB,E0ED6304762853AF0F5CAE8936ABDB26
SRR11637220,2020-04-28 22:04:45,2020-04-28 18:35:17,106017,86691389,0,817,76,,https://sra-downloadb.be-md.ncbi.nlm.nih.gov/sos3/sra-pub-run-21/SRR11637220/SRR11637220.1,SRX8201169,E0148-1_BC26,AMPLICON,RT-PCR,VIRAL RNA,SINGLE,0,0,OXFORD_NANOPORE,MinION,SRP258998,PRJNA610248,,610248,SRS6559301,SAMN14765130,simple,2697049,Severe acute respiratory syndrome coronavirus 2,D924979,,,,,,,no,,,,,CDC-PDD,SRA1070184,,public,66D635361D44F23BD7C7611FF60E4DC6,82F48C16EDC73C82396F35949BA50F0F
SRR11637208,2020-04-28 22:04:45,2020-04-28 18:35:11,26377,24986874,0,947,22,,https://sra-downloadb.be-md.ncbi.nlm.nih.gov/sos3/sra-pub-run-19/SRR11637208/SRR11637208.1,SRX8201181,E0148-2_BC05,AMPLICON,RT-PCR,VIRAL RNA,SINGLE,0,0,OXFORD_NANOPORE,MinION,SRP258998,PRJNA610248,,610248,SRS6559313,SAMN14765141,simple,2697049,Severe acute respiratory syndrome coronavirus 2,D925047,,,,,,,no,,,,,CDC-PDD,SRA1070184,,public,D6C86AF1B3A5B759C7115FCA177F3811,24965C5139A4B890C38AABCD9FEBE901
SRR11637214,2020-04-28 22:04:45,2020-04-28 18:35:13,110198,97745466,0,886,86,,https://sra-downloadb.be-md.ncbi.nlm.nih.gov/sos3/sra-pub-run-20/SRR11637214/SRR11637214.1,SRX8201175,E0148-1_BC73,AMPLICON,RT-PCR,VIRAL RNA,SINGLE,0,0,OXFORD_NANOPORE,MinION,SRP258998,PRJNA610248,,610248,SRS6559307,SAMN14765136,simple,2697049,Severe acute respiratory syndrome coronavirus 2,D925097,,,,,,,no,,,,,CDC-PDD,SRA1070184,,public,4C4E11A6C46E9BA8AFCED790102151F5,FDC3D8A1F5A93A2661B675B23A26CD6F
SRR11637195,2020-04-28 22:04:45,2020-04-28 18:35:09,17931,14437650,0,805,12,,https://sra-downloadb.be-md.ncbi.nlm.nih.gov/sos3/sra-pub-run-21/SRR11637195/SRR11637195.1,SRX8201194,E0148-2_BC87,AMPLICON,RT-PCR,VIRAL RNA,SINGLE,0,0,OXFORD_NANOPORE,MinION,SRP258998,PRJNA610248,,610248,SRS6559326,SAMN14765153,simple,2697049,Severe acute respiratory syndrome coronavirus 2,D925272,,,,,,,no,,,,,CDC-PDD,SRA1070184,,public,014015FF1A77B02A5080710A4901746B,3595824C5AC68CF3FA05000A30E40F03
SRR11637194,2020-04-28 22:04:45,2020-04-28 18:35:15,28622,24062371,0,840,21,,https://sra-downloadb.be-md.ncbi.nlm.nih.gov/sos3/sra-pub-run-21/SRR11637194/SRR11637194.1,SRX8201195,E0148-2_BC88,AMPLICON,RT-PCR,VIRAL RNA,SINGLE,0,0,OXFORD_NANOPORE,MinION,SRP258998,PRJNA610248,,610248,SRS6559327,SAMN14765154,simple,2697049,Severe acute respiratory syndrome coronavirus 2,D926633,,,,,,,no,,,,,CDC-PDD,SRA1070184,,public,96B33904745CEB913B8B34A5CDA14735,E4DE06C4BD3B69951336E9A565E43BDE
SRR11637211,2020-04-28 22:04:45,2020-04-28 18:35:12,57307,44916416,0,783,39,,https://sra-downloadb.be-md.ncbi.nlm.nih.gov/sos3/sra-pub-run-19/SRR11637211/SRR11637211.1,SRX8201178,E0148-1_BC85,AMPLICON,RT-PCR,VIRAL RNA,SINGLE,0,0,OXFORD_NANOPORE,MinION,SRP258998,PRJNA610248,,610248,SRS6559310,SAMN14765138,simple,2697049,Severe acute respiratory syndrome coronavirus 2,D926636,,,,,,,no,,,,,CDC-PDD,SRA1070184,,public,44D569870DEEAB64C34C0F619EE6C5A6,09E9CFC43BA8D09449E0381DD0C972A8
SRR11637222,2020-04-28 22:04:45,2020-04-28 18:35:10,106807,87586831,0,820,77,,https://sra-downloadb.be-md.ncbi.nlm.nih.gov/sos3/sra-pub-run-19/SRR11637222/SRR11637222.1,SRX8201167,E0148-1_BC13,AMPLICON,RT-PCR,VIRAL RNA,SINGLE,0,0,OXFORD_NANOPORE,MinION,SRP258998,PRJNA610248,,610248,SRS6559299,SAMN14765128,simple,2697049,Severe acute respiratory syndrome coronavirus 2,D926650,,,,,,,no,,,,,CDC-PDD,SRA1070184,,public,0DE74CE4AB513F1A8F307BD5F93EA8E6,7B12B3ED3456DADC562F10C49EC03571
SRR11637198,2020-04-28 22:04:45,2020-04-28 18:35:10,21163,17365464,0,820,15,,https://sra-downloadb.be-md.ncbi.nlm.nih.gov/sos3/sra-pub-run-19/SRR11637198/SRR11637198.1,SRX8201191,E0148-2_BC63,AMPLICON,RT-PCR,VIRAL RNA,SINGLE,0,0,OXFORD_NANOPORE,MinION,SRP258998,PRJNA610248,,610248,SRS6559323,SAMN14765150,simple,2697049,Severe acute respiratory syndrome coronavirus 2,D926654,,,,,,,no,,,,,CDC-PDD,SRA1070184,,public,E9D3993D74D86F609AE514091888FEBE,AC3E074C24A82DF4020F92E55EED64B2
SRR11637210,2020-04-28 22:04:45,2020-04-28 18:35:11,69171,54444141,0,787,48,,https://sra-downloadb.be-md.ncbi.nlm.nih.gov/sos3/sra-pub-run-20/SRR11637210/SRR11637210.1,SRX8201179,E0148-1_BC86,AMPLICON,RT-PCR,VIRAL RNA,SINGLE,0,0,OXFORD_NANOPORE,MinION,SRP258998,PRJNA610248,,610248,SRS6559311,SAMN14765139,simple,2697049,Severe acute respiratory syndrome coronavirus 2,D926745,,,,,,,no,,,,,CDC-PDD,SRA1070184,,public,A8D287ADA45125F21A8F82308FEA3AB3,055A6B26BBF08223FFC65E18C7C9C9AE
SRR11637288,2020-04-28 22:04:44,2020-04-28 18:35:53,11803,9786871,0,829,8,,https://sra-download.ncbi.nlm.nih.gov/traces/sra73/SRR/011364/SRR11637288,SRX8201101,E0148-2_BC46,AMPLICON,RT-PCR,VIRAL RNA,SINGLE,0,0,OXFORD_NANOPORE,MinION,SRP258998,PRJNA610248,,610248,SRS6559237,SAMN14765071,simple,2697049,Severe acute respiratory syndrome coronavirus 2,D926774,,,,,,,no,,,,,CDC-PDD,SRA1070184,,public,D5C7C78AE1BE169251E3989797042650,72283386F5CF87CF2D0708E0C23A97B5
SRR11637221,2020-04-28 22:04:45,2020-04-28 18:35:18,52479,45465029,0,866,40,,https://sra-downloadb.be-md.ncbi.nlm.nih.gov/sos3/sra-pub-run-19/SRR11637221/SRR11637221.1,SRX8201168,E0148-1_BC14,AMPLICON,RT-PCR,VIRAL RNA,SINGLE,0,0,OXFORD_NANOPORE,MinION,SRP258998,PRJNA610248,,610248,SRS6559300,SAMN14765129,simple,2697049,Severe acute respiratory syndrome coronavirus 2,D926780,,,,,,,no,,,,,CDC-PDD,SRA1070184,,public,34A014DC78664FDE5B1F464185BCA86A,0A5F8CBD11647B93DCE364DC48F88703
SRR11637207,2020-04-28 22:04:45,2020-04-28 18:35:10,19363,16426398,0,848,14,,https://sra-downloadb.be-md.ncbi.nlm.nih.gov/sos3/sra-pub-run-20/SRR11637207/SRR11637207.1,SRX8201182,E0148-2_BC16,AMPLICON,RT-PCR,VIRAL RNA,SINGLE,0,0,OXFORD_NANOPORE,MinION,SRP258998,PRJNA610248,,610248,SRS6559314,SAMN14765142,simple,2697049,Severe acute respiratory syndrome coronavirus 2,D994694,,,,,,,no,,,,,CDC-PDD,SRA1070184,,public,8DA35C9C22E6F20759773AC8C924A1E1,65749677722A1F3C3EF11D9CDCFC1524
SRR11637216,2020-04-28 22:04:45,2020-04-28 18:35:18,158116,123474216,0,780,109,,https://sra-downloadb.be-md.ncbi.nlm.nih.gov/sos3/sra-pub-run-19/SRR11637216/SRR11637216.1,SRX8201173,E0148-1_BC50,AMPLICON,RT-PCR,VIRAL RNA,SINGLE,0,0,OXFORD_NANOPORE,MinION,SRP258998,PRJNA610248,,610248,SRS6559305,SAMN14765134,simple,2697049,Severe acute respiratory syndrome coronavirus 2,D994699,,,,,,,no,,,,,CDC-PDD,SRA1070184,,public,2CB1FF0482CFC9FD19AFFCDEC8C9CAB2,03AC348585EBF54787654738E6552A8F
SRR11637290,2020-04-28 22:04:44,2020-04-28 18:36:20,74118,79817545,0,1076,70,,https://sra-downloadb.be-md.ncbi.nlm.nih.gov/sos3/sra-pub-run-21/SRR11637290/SRR11637290.1,SRX8201099,E0145_BC66,AMPLICON,RT-PCR,VIRAL RNA,SINGLE,0,0,OXFORD_NANOPORE,MinION,SRP258998,PRJNA610248,,610248,SRS6559236,SAMN14765069,simple,2697049,Severe acute respiratory syndrome coronavirus 2,P200312,,,,,,,no,,,,,CDC-PDD,SRA1070184,,public,D569BF167307E29C05BD3A5BAD79C069,95E21A25EACC56D1A482065D119DB9E1
SRR11637289,2020-04-28 22:04:44,2020-04-28 18:36:16,75098,61647812,0,820,54,,https://sra-downloadb.be-md.ncbi.nlm.nih.gov/sos3/sra-pub-run-20/SRR11637289/SRR11637289.1,SRX8201100,E0145_BC67,AMPLICON,RT-PCR,VIRAL RNA,SINGLE,0,0,OXFORD_NANOPORE,MinION,SRP258998,PRJNA610248,,610248,SRS6559235,SAMN14765070,simple,2697049,Severe acute respiratory syndrome coronavirus 2,P200313,,,,,,,no,,,,,CDC-PDD,SRA1070184,,public,189304639C7DDF92567D9C020FBF70F7,3D5C7EE3A21A7A34A1DA1706B3320A03
SRR11637250,2020-04-28 22:04:45,2020-04-28 18:37:11,236370,196905515,0,833,175,,https://sra-downloadb.be-md.ncbi.nlm.nih.gov/sos3/sra-pub-run-21/SRR11637250/SRR11637250.1,SRX8201139,E0144_BC01,AMPLICON,RT-PCR,VIRAL RNA,SINGLE,0,0,OXFORD_NANOPORE,MinION,SRP258998,PRJNA610248,,610248,SRS6559272,SAMN14765104,simple,2697049,Severe acute respiratory syndrome coronavirus 2,P200314,,,,,,,no,,,,,CDC-PDD,SRA1070184,,public,E189875CB5880D56C811BB739A35AAD4,CEC860EB7F0D1A7EA0E2F551784AE7DF
SRR11637249,2020-04-28 22:04:45,2020-04-28 18:37:15,284612,237245112,0,833,210,,https://sra-downloadb.be-md.ncbi.nlm.nih.gov/sos3/sra-pub-run-21/SRR11637249/SRR11637249.1,SRX8201140,E0144_BC03,AMPLICON,RT-PCR,VIRAL RNA,SINGLE,0,0,OXFORD_NANOPORE,MinION,SRP258998,PRJNA610248,,610248,SRS6559273,SAMN14765105,simple,2697049,Severe acute respiratory syndrome coronavirus 2,P200318,,,,,,,no,,,,,CDC-PDD,SRA1070184,,public,430468E3654618524DC495518B8A2091,39A523F0E06EB635AB9485A1B9D373AE
SRR11637248,2020-04-28 22:04:45,2020-04-28 18:37:17,407603,322816497,0,791,287,,https://sra-downloadb.be-md.ncbi.nlm.nih.gov/sos3/sra-pub-run-20/SRR11637248/SRR11637248.1,SRX8201141,E0144_BC04,AMPLICON,RT-PCR,VIRAL RNA,SINGLE,0,0,OXFORD_NANOPORE,MinION,SRP258998,PRJNA610248,,610248,SRS6559274,SAMN14765106,simple,2697049,Severe acute respiratory syndrome coronavirus 2,P200319,,,,,,,no,,,,,CDC-PDD,SRA1070184,,public,EF0A97DEFE9C495B4AEDE7F6CDAE77F2,E43DED480583B9DA8B88EFFF23A96EB4
SRR11637247,2020-04-28 22:04:45,2020-04-28 18:36:18,349009,283996972,0,813,253,,https://sra-downloadb.be-md.ncbi.nlm.nih.gov/sos3/sra-pub-run-19/SRR11637247/SRR11637247.1,SRX8201142,E0144_BC05,AMPLICON,RT-PCR,VIRAL RNA,SINGLE,0,0,OXFORD_NANOPORE,MinION,SRP258998,PRJNA610248,,610248,SRS6559275,SAMN14765107,simple,2697049,Severe acute respiratory syndrome coronavirus 2,P200321,,,,,,,no,,,,,CDC-PDD,SRA1070184,,public,164027EAD8206D8869CE7446FCD6C326,066E59BF25005D81D25C883B49388AAD
SRR11637246,2020-04-28 22:04:45,2020-04-28 18:36:25,322098,264666679,0,821,235,,https://sra-downloadb.be-md.ncbi.nlm.nih.gov/sos3/sra-pub-run-21/SRR11637246/SRR11637246.1,SRX8201143,E0144_BC06,AMPLICON,RT-PCR,VIRAL RNA,SINGLE,0,0,OXFORD_NANOPORE,MinION,SRP258998,PRJNA610248,,610248,SRS6559276,SAMN14765108,simple,2697049,Severe acute respiratory syndrome coronavirus 2,P200324,,,,,,,no,,,,,CDC-PDD,SRA1070184,,public,FD7EECA9817F8B5A699C5143D051D5EE,3B48C2FA377A13011F96A25216C99DB8
SRR11637244,2020-04-28 22:04:45,2020-04-28 18:36:24,262236,209952211,0,800,187,,https://sra-downloadb.be-md.ncbi.nlm.nih.gov/sos3/sra-pub-run-19/SRR11637244/SRR11637244.1,SRX8201145,E0144_BC07,AMPLICON,RT-PCR,VIRAL RNA,SINGLE,0,0,OXFORD_NANOPORE,MinION,SRP258998,PRJNA610248,,610248,SRS6559278,SAMN14765109,simple,2697049,Severe acute respiratory syndrome coronavirus 2,P200325,,,,,,,no,,,,,CDC-PDD,SRA1070184,,public,DE7359C7BB048E2F04F30853523FAEA6,7968902E796B194042815D79DE86C56A
SRR11637243,2020-04-28 22:04:45,2020-04-28 18:36:22,312123,244254875,0,782,217,,https://sra-downloadb.be-md.ncbi.nlm.nih.gov/sos3/sra-pub-run-19/SRR11637243/SRR11637243.1,SRX8201146,E0144_BC08,AMPLICON,RT-PCR,VIRAL RNA,SINGLE,0,0,OXFORD_NANOPORE,MinION,SRP258998,PRJNA610248,,610248,SRS6559279,SAMN14765110,simple,2697049,Severe acute respiratory syndrome coronavirus 2,P200327,,,,,,,no,,,,,CDC-PDD,SRA1070184,,public,B41FD496ED4D16ECDC213E4537AB6D48,8292043CB633664EE1C6281AA2B6F198
SRR11637242,2020-04-28 22:04:45,2020-04-28 18:36:15,265407,204232344,0,769,181,,https://sra-downloadb.be-md.ncbi.nlm.nih.gov/sos3/sra-pub-run-19/SRR11637242/SRR11637242.1,SRX8201147,E0144_BC13,AMPLICON,RT-PCR,VIRAL RNA,SINGLE,0,0,OXFORD_NANOPORE,MinION,SRP258998,PRJNA610248,,610248,SRS6559280,SAMN14765111,simple,2697049,Severe acute respiratory syndrome coronavirus 2,P200329,,,,,,,no,,,,,CDC-PDD,SRA1070184,,public,31EC0A8814B61683D9A58CA7E9AA321A,43DF986CB2A10F6202229DDF2F8E23FC
SRR11637241,2020-04-28 22:04:45,2020-04-28 18:36:18,119215,98789215,0,828,87,,https://sra-downloadb.be-md.ncbi.nlm.nih.gov/sos3/sra-pub-run-19/SRR11637241/SRR11637241.1,SRX8201148,E0144_BC14,AMPLICON,RT-PCR,VIRAL RNA,SINGLE,0,0,OXFORD_NANOPORE,MinION,SRP258998,PRJNA610248,,610248,SRS6559281,SAMN14765112,simple,2697049,Severe acute respiratory syndrome coronavirus 2,P200330,,,,,,,no,,,,,CDC-PDD,SRA1070184,,public,A18E2739A1590FB8407653191EE2A4FA,1D4FFF98DEBCC5B54FE7AC6C2FC024A4
SRR11637240,2020-04-28 22:04:45,2020-04-28 18:35:26,3386,2678405,0,791,2,,https://sra-download.ncbi.nlm.nih.gov/traces/sra72/SRR/011364/SRR11637240,SRX8201149,E0144_BC15,AMPLICON,RT-PCR,VIRAL RNA,SINGLE,0,0,OXFORD_NANOPORE,MinION,SRP258998,PRJNA610248,,610248,SRS6559282,SAMN14765113,simple,2697049,Severe acute respiratory syndrome coronavirus 2,P200331,,,,,,,no,,,,,CDC-PDD,SRA1070184,,public,B19748C7DD19ADC45C523F5CE9841DB2,C1ECFBFB4CB0205BD34BC2D358969B40
SRR11637225,2020-04-28 22:04:45,2020-04-28 18:35:12,104253,84924287,0,814,76,,https://sra-downloadb.be-md.ncbi.nlm.nih.gov/sos3/sra-pub-run-19/SRR11637225/SRR11637225.1,SRX8201164,E0146_BC34,AMPLICON,RT-PCR,VIRAL RNA,SINGLE,0,0,OXFORD_NANOPORE,MinION,SRP258998,PRJNA610248,,610248,SRS6559282,SAMN14765113,simple,2697049,Severe acute respiratory syndrome coronavirus 2,P200331,,,,,,,no,,,,,CDC-PDD,SRA1070184,,public,4570E22E79A62B60965AFFC02C3A4598,0226ACE92B70A8BA5539A7A96C39999D
SRR11637229,2020-04-28 22:04:45,2020-04-28 18:35:17,127214,99049736,0,778,88,,https://sra-downloadb.be-md.ncbi.nlm.nih.gov/sos3/sra-pub-run-21/SRR11637229/SRR11637229.1,SRX8201160,E0145_BC31,AMPLICON,RT-PCR,VIRAL RNA,SINGLE,0,0,OXFORD_NANOPORE,MinION,SRP258998,PRJNA610248,,610248,SRS6559293,SAMN14765123,simple,2697049,Severe acute respiratory syndrome coronavirus 2,P200334,,,,,,,no,,,,,CDC-PDD,SRA1070184,,public,65C0173269E7346404EF21770E12F411,D6C05CE24FF5B57881A343F4ED8DFBD5
SRR11637239,2020-04-28 22:04:45,2020-04-28 18:36:09,244772,207845010,0,849,184,,https://sra-downloadb.be-md.ncbi.nlm.nih.gov/sos3/sra-pub-run-20/SRR11637239/SRR11637239.1,SRX8201150,E0144_BC16,AMPLICON,RT-PCR,VIRAL RNA,SINGLE,0,0,OXFORD_NANOPORE,MinION,SRP258998,PRJNA610248,,610248,SRS6559283,SAMN14765114,simple,2697049,Severe acute respiratory syndrome coronavirus 2,P200335,,,,,,,no,,,,,CDC-PDD,SRA1070184,,public,85F4065D34CDF5EC70EE0FB138DC988F,C3F6A05992C7089CD75FD8E0F71C6270
SRR11637238,2020-04-28 22:04:45,2020-04-28 18:36:02,151973,122824680,0,808,109,,https://sra-downloadb.be-md.ncbi.nlm.nih.gov/sos3/sra-pub-run-21/SRR11637238/SRR11637238.1,SRX8201151,E0144_BC17,AMPLICON,RT-PCR,VIRAL RNA,SINGLE,0,0,OXFORD_NANOPORE,MinION,SRP258998,PRJNA610248,,610248,SRS6559284,SAMN14765115,simple,2697049,Severe acute respiratory syndrome coronavirus 2,P200337,,,,,,,no,,,,,CDC-PDD,SRA1070184,,public,5F5BE6E05CB5836A5F75060FBACB4F79,F9826F7734136E78CE8C77A206264AF1
SRR11637237,2020-04-28 22:04:45,2020-04-28 18:36:14,218204,217812672,0,998,193,,https://sra-downloadb.be-md.ncbi.nlm.nih.gov/sos3/sra-pub-run-20/SRR11637237/SRR11637237.1,SRX8201152,E0144_BC18,AMPLICON,RT-PCR,VIRAL RNA,SINGLE,0,0,OXFORD_NANOPORE,MinION,SRP258998,PRJNA610248,,610248,SRS6559285,SAMN14765116,simple,2697049,Severe acute respiratory syndrome coronavirus 2,P200340,,,,,,,no,,,,,CDC-PDD,SRA1070184,,public,EEAF2E1184B2829E3366A583E7F08A9F,C002BD85BDD982607C5A3E58FEE65C0F
SRR11637236,2020-04-28 22:04:45,2020-04-28 18:35:25,286974,231332222,0,806,206,,https://sra-downloadb.be-md.ncbi.nlm.nih.gov/sos3/sra-pub-run-19/SRR11637236/SRR11637236.1,SRX8201153,E0144_BC19,AMPLICON,RT-PCR,VIRAL RNA,SINGLE,0,0,OXFORD_NANOPORE,MinION,SRP258998,PRJNA610248,,610248,SRS6559286,SAMN14765117,simple,2697049,Severe acute respiratory syndrome coronavirus 2,P200342,,,,,,,no,,,,,CDC-PDD,SRA1070184,,public,BBC7836EC3D39E7C7E65151DB742626B,B0BEE132B99D9EAE4B73B5449E0B9640
SRR11637235,2020-04-28 22:04:45,2020-04-28 18:36:29,381418,336945582,0,883,298,,https://sra-downloadb.be-md.ncbi.nlm.nih.gov/sos3/sra-pub-run-19/SRR11637235/SRR11637235.1,SRX8201154,E0144_BC20,AMPLICON,RT-PCR,VIRAL RNA,SINGLE,0,0,OXFORD_NANOPORE,MinION,SRP258998,PRJNA610248,,610248,SRS6559287,SAMN14765118,simple,2697049,Severe acute respiratory syndrome coronavirus 2,P200343,,,,,,,no,,,,,CDC-PDD,SRA1070184,,public,CB47C0C6BC17C67AD3FDBB51BB4E1625,2E8BFB7E9F7E4D6A7933774D1CA97E67
SRR11637233,2020-04-28 22:04:45,2020-04-28 18:35:17,245170,195681451,0,798,174,,https://sra-downloadb.be-md.ncbi.nlm.nih.gov/sos3/sra-pub-run-19/SRR11637233/SRR11637233.1,SRX8201156,E0144_BC25,AMPLICON,RT-PCR,VIRAL RNA,SINGLE,0,0,OXFORD_NANOPORE,MinION,SRP258998,PRJNA610248,,610248,SRS6559289,SAMN14765119,simple,2697049,Severe acute respiratory syndrome coronavirus 2,P200345,,,,,,,no,,,,,CDC-PDD,SRA1070184,,public,0C9FBD13922474C2E9E169449E332E66,5DF2AD9F33FBC2AA94B0A1ED18DC33C4
SRR11637232,2020-04-28 22:04:45,2020-04-28 18:35:16,188636,143644881,0,761,128,,https://sra-downloadb.be-md.ncbi.nlm.nih.gov/sos3/sra-pub-run-19/SRR11637232/SRR11637232.1,SRX8201157,E0144_BC26,AMPLICON,RT-PCR,VIRAL RNA,SINGLE,0,0,OXFORD_NANOPORE,MinION,SRP258998,PRJNA610248,,610248,SRS6559291,SAMN14765120,simple,2697049,Severe acute respiratory syndrome coronavirus 2,P200346,,,,,,,no,,,,,CDC-PDD,SRA1070184,,public,6C6384D88F6A56F64A4B6921749067F7,1DF407825DEB74F6C195944C1CB4B1EC
SRR11637231,2020-04-28 22:04:45,2020-04-28 18:35:25,251539,206086731,0,819,183,,https://sra-downloadb.be-md.ncbi.nlm.nih.gov/sos3/sra-pub-run-21/SRR11637231/SRR11637231.1,SRX8201158,E0144_BC27,AMPLICON,RT-PCR,VIRAL RNA,SINGLE,0,0,OXFORD_NANOPORE,MinION,SRP258998,PRJNA610248,,610248,SRS6559290,SAMN14765121,simple,2697049,Severe acute respiratory syndrome coronavirus 2,P200348,,,,,,,no,,,,,CDC-PDD,SRA1070184,,public,1C105423022097515C8E7BA0AB73DC4D,9782484DD4BA5D9E89740264BB680D49
SRR11637285,2020-04-28 22:04:44,2020-04-28 18:36:27,180998,147850885,0,816,132,,https://sra-downloadb.be-md.ncbi.nlm.nih.gov/sos3/sra-pub-run-19/SRR11637285/SRR11637285.1,SRX8201104,E0146_BC24,AMPLICON,RT-PCR,VIRAL RNA,SINGLE,0,0,OXFORD_NANOPORE,MinION,SRP258998,PRJNA610248,,610248,SRS6559239,SAMN14765072,simple,2697049,Severe acute respiratory syndrome coronavirus 2,P200350,,,,,,,no,,,,,CDC-PDD,SRA1070184,,public,C05FBC1497709C1CD306ED89E845763C,5C1C05252A588174A03207D439F5E229
SRR11637286,2020-04-28 22:04:44,2020-04-28 18:36:23,236235,179573155,0,760,159,,https://sra-downloadb.be-md.ncbi.nlm.nih.gov/sos3/sra-pub-run-20/SRR11637286/SRR11637286.1,SRX8201103,E0144_BC28,AMPLICON,RT-PCR,VIRAL RNA,SINGLE,0,0,OXFORD_NANOPORE,MinION,SRP258998,PRJNA610248,,610248,SRS6559239,SAMN14765072,simple,2697049,Severe acute respiratory syndrome coronavirus 2,P200350,,,,,,,no,,,,,CDC-PDD,SRA1070184,,public,2AEA7D0D484D749F45652B19C0818459,C5DD82CEEEE96DE7B3E49E98F6758F9A
SRR11637230,2020-04-28 22:04:45,2020-04-28 18:35:24,234332,213340175,0,910,188,,https://sra-downloadb.be-md.ncbi.nlm.nih.gov/sos3/sra-pub-run-20/SRR11637230/SRR11637230.1,SRX8201159,E0144_BC29,AMPLICON,RT-PCR,VIRAL RNA,SINGLE,0,0,OXFORD_NANOPORE,MinION,SRP258998,PRJNA610248,,610248,SRS6559292,SAMN14765122,simple,2697049,Severe acute respiratory syndrome coronavirus 2,P200351,,,,,,,no,,,,,CDC-PDD,SRA1070184,,public,D2DD6CACE53780F28B2FC897FC08E4AD,BDE07E838281F8A2EC497AB78898A97F
SRR11637283,2020-04-28 22:04:44,2020-04-28 18:37:10,185023,156295585,0,844,139,,https://sra-downloadb.be-md.ncbi.nlm.nih.gov/sos3/sra-pub-run-19/SRR11637283/SRR11637283.1,SRX8201106,E0146_BC23,AMPLICON,RT-PCR,VIRAL RNA,SINGLE,0,0,OXFORD_NANOPORE,MinION,SRP258998,PRJNA610248,,610248,SRS6559240,SAMN14765073,simple,2697049,Severe acute respiratory syndrome coronavirus 2,P200352,,,,,,,no,,,,,CDC-PDD,SRA1070184,,public,E21E5923E9F3D4AA0E6EB5D0275CA5E5,996A4F8B92B8E444DEB5B355783DE301
SRR11637284,2020-04-28 22:04:44,2020-04-28 18:37:09,252605,214801662,0,850,190,,https://sra-downloadb.be-md.ncbi.nlm.nih.gov/sos3/sra-pub-run-21/SRR11637284/SRR11637284.1,SRX8201105,E0144_BC30,AMPLICON,RT-PCR,VIRAL RNA,SINGLE,0,0,OXFORD_NANOPORE,MinION,SRP258998,PRJNA610248,,610248,SRS6559240,SAMN14765073,simple,2697049,Severe acute respiratory syndrome coronavirus 2,P200352,,,,,,,no,,,,,CDC-PDD,SRA1070184,,public,0F2411E98814395C7E1CF41564492D34,1C7BE543C32D4705A55C24D9FED8377A
SRR11637228,2020-04-28 22:04:45,2020-04-28 18:35:16,61058,54108704,0,886,47,,https://sra-downloadb.be-md.ncbi.nlm.nih.gov/sos3/sra-pub-run-21/SRR11637228/SRR11637228.1,SRX8201161,E0145_BC32,AMPLICON,RT-PCR,VIRAL RNA,SINGLE,0,0,OXFORD_NANOPORE,MinION,SRP258998,PRJNA610248,,610248,SRS6559294,SAMN14765124,simple,2697049,Severe acute respiratory syndrome coronavirus 2,P200353,,,,,,,no,,,,,CDC-PDD,SRA1070184,,public,7ACFCDC29E1FE851E9B08E22000F9CD0,2A28212E9F4A165CAA5AF1DE6074BF0B
SRR11637227,2020-04-28 22:04:45,2020-04-28 18:35:11,97085,77781721,0,801,69,,https://sra-downloadb.be-md.ncbi.nlm.nih.gov/sos3/sra-pub-run-19/SRR11637227/SRR11637227.1,SRX8201162,E0145_BC37,AMPLICON,RT-PCR,VIRAL RNA,SINGLE,0,0,OXFORD_NANOPORE,MinION,SRP258998,PRJNA610248,,610248,SRS6559295,SAMN14765125,simple,2697049,Severe acute respiratory syndrome coronavirus 2,P200355,,,,,,,no,,,,,CDC-PDD,SRA1070184,,public,8579FF0521F25F589789FA6B3DCB467D,6FCE7138B69BCC778A82DE9CB15F01F1
SRR11637281,2020-04-28 22:04:44,2020-04-28 18:36:21,165889,133861324,0,806,119,,https://sra-downloadb.be-md.ncbi.nlm.nih.gov/sos3/sra-pub-run-21/SRR11637281/SRR11637281.1,SRX8201108,E0146_BC33,AMPLICON,RT-PCR,VIRAL RNA,SINGLE,0,0,OXFORD_NANOPORE,MinION,SRP258998,PRJNA610248,,610248,SRS6559241,SAMN14765074,simple,2697049,Severe acute respiratory syndrome coronavirus 2,P200358,,,,,,,no,,,,,CDC-PDD,SRA1070184,,public,05BAC9703BA2D6BA1B21003C13966261,7C1D63D8D58BC3A1F5F4CFC79CEB2568
SRR11637282,2020-04-28 22:04:44,2020-04-28 18:36:21,90753,72611448,0,800,64,,https://sra-downloadb.be-md.ncbi.nlm.nih.gov/sos3/sra-pub-run-19/SRR11637282/SRR11637282.1,SRX8201107,E0145_BC38,AMPLICON,RT-PCR,VIRAL RNA,SINGLE,0,0,OXFORD_NANOPORE,MinION,SRP258998,PRJNA610248,,610248,SRS6559241,SAMN14765074,simple,2697049,Severe acute respiratory syndrome coronavirus 2,P200358,,,,,,,no,,,,,CDC-PDD,SRA1070184,,public,FCD455254D6713E8830227C7C78A44C8,40CF2DEC27CEDA8CE21B70975C8CCC04
SRR11637226,2020-04-28 22:04:45,2020-04-28 18:35:15,91335,74036700,0,810,65,,https://sra-downloadb.be-md.ncbi.nlm.nih.gov/sos3/sra-pub-run-19/SRR11637226/SRR11637226.1,SRX8201163,E0145_BC39,AMPLICON,RT-PCR,VIRAL RNA,SINGLE,0,0,OXFORD_NANOPORE,MinION,SRP258998,PRJNA610248,,610248,SRS6559296,SAMN14765126,simple,2697049,Severe acute respiratory syndrome coronavirus 2,P200359,,,,,,,no,,,,,CDC-PDD,SRA1070184,,public,634CB4E8644A7D9685768612DD7D1568,1E5424B4DFDA268ADAEE5DD68CBD42AF
SRR11637253,2020-04-28 22:04:44,2020-04-28 18:42:58,209359,172281768,0,822,150,,https://sra-downloadb.be-md.ncbi.nlm.nih.gov/sos3/sra-pub-run-20/SRR11637253/SRR11637253.1,SRX8201136,E0153_BC37,AMPLICON,RT-PCR,VIRAL RNA,SINGLE,0,0,OXFORD_NANOPORE,GridION,SRP258998,PRJNA610248,,610248,SRS6559270,SAMN14765101,simple,2697049,Severe acute respiratory syndrome coronavirus 2,P200360,,,,,,,no,,,,,CDC-PDD,SRA1070184,,public,D70397895A71E4D071823249D713058B,4DFA84EBA40789CF6C97E984983FB3A8
SRR11637254,2020-04-28 22:04:44,2020-04-28 18:36:23,221048,176609313,0,798,154,,https://sra-downloadb.be-md.ncbi.nlm.nih.gov/sos3/sra-pub-run-20/SRR11637254/SRR11637254.1,SRX8201135,E0153_BC38,AMPLICON,RT-PCR,VIRAL RNA,SINGLE,0,0,OXFORD_NANOPORE,GridION,SRP258998,PRJNA610248,,610248,SRS6559268,SAMN14765100,simple,2697049,Severe acute respiratory syndrome coronavirus 2,P200361,,,,,,,no,,,,,CDC-PDD,SRA1070184,,public,C37949D088056657D9D47E6EE115E7CA,0A605D909FBE984AA1332C166EDDC6B5
SRR11637251,2020-04-28 22:04:45,2020-04-28 18:36:08,217144,178021134,0,819,155,,https://sra-downloadb.be-md.ncbi.nlm.nih.gov/sos3/sra-pub-run-20/SRR11637251/SRR11637251.1,SRX8201138,E0153_BC39,AMPLICON,RT-PCR,VIRAL RNA,SINGLE,0,0,OXFORD_NANOPORE,GridION,SRP258998,PRJNA610248,,610248,SRS6559271,SAMN14765103,simple,2697049,Severe acute respiratory syndrome coronavirus 2,P200362,,,,,,,no,,,,,CDC-PDD,SRA1070184,,public,F0B595ADFF4507C7A3986E73CB20B139,907162AA9AF63E6FEF4CA15EDD428B78
SRR11637252,2020-04-28 22:04:45,2020-04-28 18:36:18,273848,221735127,0,809,193,,https://sra-downloadb.be-md.ncbi.nlm.nih.gov/sos3/sra-pub-run-21/SRR11637252/SRR11637252.1,SRX8201137,E0153_BC40,AMPLICON,RT-PCR,VIRAL RNA,SINGLE,0,0,OXFORD_NANOPORE,GridION,SRP258998,PRJNA610248,,610248,SRS6559269,SAMN14765102,simple,2697049,Severe acute respiratory syndrome coronavirus 2,P200363,,,,,,,no,,,,,CDC-PDD,SRA1070184,,public,2D015EEF603D028169CE11CDF911FA5C,26BE39AAC266126D5C0EF5966FC2B187
SRR11637255,2020-04-28 22:04:44,2020-04-28 18:40:13,242426,211894008,0,874,185,,https://sra-downloadb.be-md.ncbi.nlm.nih.gov/sos3/sra-pub-run-20/SRR11637255/SRR11637255.1,SRX8201134,E0153_BC42,AMPLICON,RT-PCR,VIRAL RNA,SINGLE,0,0,OXFORD_NANOPORE,GridION,SRP258998,PRJNA610248,,610248,SRS6559267,SAMN14765098,simple,2697049,Severe acute respiratory syndrome coronavirus 2,P200365,,,,,,,no,,,,,CDC-PDD,SRA1070184,,public,7E7CF9A3015827ACF04E3A9E256E23D5,88B922793A4A30477A82A5650F40E275
SRR11637280,2020-04-28 22:04:44,2020-04-28 18:36:21,203234,171647834,0,844,149,,https://sra-downloadb.be-md.ncbi.nlm.nih.gov/sos3/sra-pub-run-19/SRR11637280/SRR11637280.1,SRX8201109,E0153_BC44,AMPLICON,RT-PCR,VIRAL RNA,SINGLE,0,0,OXFORD_NANOPORE,GridION,SRP258998,PRJNA610248,,610248,SRS6559242,SAMN14765075,simple,2697049,Severe acute respiratory syndrome coronavirus 2,P200367,,,,,,,no,,,,,CDC-PDD,SRA1070184,,public,7063605D8EBB62ADF45DF45F8569971C,51BEAC17A78AA5E8ED487BFEA1A618F8
SRR11637268,2020-04-28 22:04:44,2020-04-28 18:36:12,162589,152912119,0,940,133,,https://sra-downloadb.be-md.ncbi.nlm.nih.gov/sos3/sra-pub-run-21/SRR11637268/SRR11637268.1,SRX8201121,E0153_BC49,AMPLICON,RT-PCR,VIRAL RNA,SINGLE,0,0,OXFORD_NANOPORE,GridION,SRP258998,PRJNA610248,,610248,SRS6559254,SAMN14765086,simple,2697049,Severe acute respiratory syndrome coronavirus 2,P200368,,,,,,,no,,,,,CDC-PDD,SRA1070184,,public,3A60041620CFB11353F0ED8D10083587,0364682312DCFD6CF7EC0FDEECF7F300
SRR11637272,2020-04-28 22:04:44,2020-04-28 18:37:10,619981,498412498,0,803,435,,https://sra-downloadb.be-md.ncbi.nlm.nih.gov/sos3/sra-pub-run-20/SRR11637272/SRR11637272.1,SRX8201117,E0153_BC50,AMPLICON,RT-PCR,VIRAL RNA,SINGLE,0,0,OXFORD_NANOPORE,GridION,SRP258998,PRJNA610248,,610248,SRS6559250,SAMN14765082,simple,2697049,Severe acute respiratory syndrome coronavirus 2,P200369,,,,,,,no,,,,,CDC-PDD,SRA1070184,,public,7460E101B5462C748AEDA12E962F543A,AB989BDC04B4A1219525CDF3F59EA84A
SRR11637271,2020-04-28 22:04:44,2020-04-28 18:36:28,230557,193806599,0,840,169,,https://sra-downloadb.be-md.ncbi.nlm.nih.gov/sos3/sra-pub-run-19/SRR11637271/SRR11637271.1,SRX8201118,E0153_BC52,AMPLICON,RT-PCR,VIRAL RNA,SINGLE,0,0,OXFORD_NANOPORE,GridION,SRP258998,PRJNA610248,,610248,SRS6559251,SAMN14765083,simple,2697049,Severe acute respiratory syndrome coronavirus 2,P200371,,,,,,,no,,,,,CDC-PDD,SRA1070184,,public,E2100A17136056604BE5831EF0999377,73A107E839EB7594A082190197ACC50B
SRR11637270,2020-04-28 22:04:44,2020-04-28 18:36:14,216990,174856875,0,805,152,,https://sra-downloadb.be-md.ncbi.nlm.nih.gov/sos3/sra-pub-run-21/SRR11637270/SRR11637270.1,SRX8201119,E0153_BC53,AMPLICON,RT-PCR,VIRAL RNA,SINGLE,0,0,OXFORD_NANOPORE,GridION,SRP258998,PRJNA610248,,610248,SRS6559252,SAMN14765084,simple,2697049,Severe acute respiratory syndrome coronavirus 2,P200372,,,,,,,no,,,,,CDC-PDD,SRA1070184,,public,0CABBA2F32BDDF7033276381A7FED6DB,504BA3C4EF8B759CBF705D20E9C1ECAE
SRR11637269,2020-04-28 22:04:44,2020-04-28 18:37:16,267938,220284975,0,822,192,,https://sra-downloadb.be-md.ncbi.nlm.nih.gov/sos3/sra-pub-run-20/SRR11637269/SRR11637269.1,SRX8201120,E0153_BC54,AMPLICON,RT-PCR,VIRAL RNA,SINGLE,0,0,OXFORD_NANOPORE,GridION,SRP258998,PRJNA610248,,610248,SRS6559253,SAMN14765085,simple,2697049,Severe acute respiratory syndrome coronavirus 2,P200373,,,,,,,no,,,,,CDC-PDD,SRA1070184,,public,F9AD556B56406CDDC03077FA38360A4C,E4F3D7E82CB25687082ECDDCB116366A
SRR11637267,2020-04-28 22:04:44,2020-04-28 18:37:13,247553,200775555,0,811,175,,https://sra-downloadb.be-md.ncbi.nlm.nih.gov/sos3/sra-pub-run-21/SRR11637267/SRR11637267.1,SRX8201122,E0153_BC55,AMPLICON,RT-PCR,VIRAL RNA,SINGLE,0,0,OXFORD_NANOPORE,GridION,SRP258998,PRJNA610248,,610248,SRS6559255,SAMN14765087,simple,2697049,Severe acute respiratory syndrome coronavirus 2,P200374,,,,,,,no,,,,,CDC-PDD,SRA1070184,,public,0687FC8E0DA41657B21F7EC87487BA6D,1C3B661586375CDBD22611B768C55073
SRR11637279,2020-04-28 22:04:44,2020-04-28 18:40:06,224827,210890235,0,938,183,,https://sra-downloadb.be-md.ncbi.nlm.nih.gov/sos3/sra-pub-run-19/SRR11637279/SRR11637279.1,SRX8201110,E0153_BC56,AMPLICON,RT-PCR,VIRAL RNA,SINGLE,0,0,OXFORD_NANOPORE,GridION,SRP258998,PRJNA610248,,610248,SRS6559243,SAMN14765076,simple,2697049,Severe acute respiratory syndrome coronavirus 2,P200375,,,,,,,no,,,,,CDC-PDD,SRA1070184,,public,8031DD1B3227DDDB6FE510AF0D79A5CC,3A87CFEE9A7890F8F190658D894F9E05
SRR11637266,2020-04-28 22:04:44,2020-04-28 18:36:22,186460,160433263,0,860,140,,https://sra-downloadb.be-md.ncbi.nlm.nih.gov/sos3/sra-pub-run-21/SRR11637266/SRR11637266.1,SRX8201123,E0153_BC61,AMPLICON,RT-PCR,VIRAL RNA,SINGLE,0,0,OXFORD_NANOPORE,GridION,SRP258998,PRJNA610248,,610248,SRS6559256,SAMN14765088,simple,2697049,Severe acute respiratory syndrome coronavirus 2,P200376,,,,,,,no,,,,,CDC-PDD,SRA1070184,,public,386EAC4118551526B30E50ABB00831F2,94760984AF6A604F2B5B62661465D854
SRR11637274,2020-04-28 22:04:44,2020-04-28 18:36:26,157571,141698204,0,899,123,,https://sra-downloadb.be-md.ncbi.nlm.nih.gov/sos3/sra-pub-run-21/SRR11637274/SRR11637274.1,SRX8201115,E0153_BC62,AMPLICON,RT-PCR,VIRAL RNA,SINGLE,0,0,OXFORD_NANOPORE,GridION,SRP258998,PRJNA610248,,610248,SRS6559248,SAMN14765080,simple,2697049,Severe acute respiratory syndrome coronavirus 2,P200377,,,,,,,no,,,,,CDC-PDD,SRA1070184,,public,242174A9D6CBB08BC77A73336EFDB92A,66DB96D9483596DD9F04634E5461D7C7
SRR11637275,2020-04-28 22:04:44,2020-04-28 18:36:25,225437,185996406,0,825,162,,https://sra-downloadb.be-md.ncbi.nlm.nih.gov/sos3/sra-pub-run-20/SRR11637275/SRR11637275.1,SRX8201114,E0153_BC63,AMPLICON,RT-PCR,VIRAL RNA,SINGLE,0,0,OXFORD_NANOPORE,GridION,SRP258998,PRJNA610248,,610248,SRS6559247,SAMN14765079,simple,2697049,Severe acute respiratory syndrome coronavirus 2,P200378,,,,,,,no,,,,,CDC-PDD,SRA1070184,,public,6AB91D1B3DC3C045EF55C8B75C24C7B5,3C87AED2B2742828366673B447FDE7A5
SRR11637273,2020-04-28 22:04:44,2020-04-28 18:36:08,168528,135433361,0,803,118,,https://sra-downloadb.be-md.ncbi.nlm.nih.gov/sos3/sra-pub-run-21/SRR11637273/SRR11637273.1,SRX8201116,E0153_BC64,AMPLICON,RT-PCR,VIRAL RNA,SINGLE,0,0,OXFORD_NANOPORE,GridION,SRP258998,PRJNA610248,,610248,SRS6559249,SAMN14765081,simple,2697049,Severe acute respiratory syndrome coronavirus 2,P200379,,,,,,,no,,,,,CDC-PDD,SRA1070184,,public,FF6C1B0C3A7DA1FEAC59EF850AC696CF,17BA0BA0BC08403FABF7023173EE4CE2
SRR11637277,2020-04-28 22:04:44,2020-04-28 18:36:20,281779,269317173,0,955,234,,https://sra-downloadb.be-md.ncbi.nlm.nih.gov/sos3/sra-pub-run-19/SRR11637277/SRR11637277.1,SRX8201112,E0153_BC65,AMPLICON,RT-PCR,VIRAL RNA,SINGLE,0,0,OXFORD_NANOPORE,GridION,SRP258998,PRJNA610248,,610248,SRS6559245,SAMN14765078,simple,2697049,Severe acute respiratory syndrome coronavirus 2,P200380,,,,,,,no,,,,,CDC-PDD,SRA1070184,,public,B92BEB1EC4EB767F82A3B090C38E0538,D2B7501409528329658DDE8230027303
SRR11637278,2020-04-28 22:04:44,2020-04-28 18:36:32,235385,232848642,0,989,203,,https://sra-downloadb.be-md.ncbi.nlm.nih.gov/sos3/sra-pub-run-21/SRR11637278/SRR11637278.1,SRX8201111,E0153_BC66,AMPLICON,RT-PCR,VIRAL RNA,SINGLE,0,0,OXFORD_NANOPORE,GridION,SRP258998,PRJNA610248,,610248,SRS6559244,SAMN14765077,simple,2697049,Severe acute respiratory syndrome coronavirus 2,P200381,,,,,,,no,,,,,CDC-PDD,SRA1070184,,public,55D0F465069438A951C2A4B041A7DA83,425486DCCFC2CC19B5EEBF41071E68D7
SRR11637258,2020-04-28 22:04:44,2020-04-28 18:36:23,178010,142748951,0,801,124,,https://sra-downloadb.be-md.ncbi.nlm.nih.gov/sos3/sra-pub-run-21/SRR11637258/SRR11637258.1,SRX8201131,E0153_BC67,AMPLICON,RT-PCR,VIRAL RNA,SINGLE,0,0,OXFORD_NANOPORE,GridION,SRP258998,PRJNA610248,,610248,SRS6559264,SAMN14765095,simple,2697049,Severe acute respiratory syndrome coronavirus 2,P200382,,,,,,,no,,,,,CDC-PDD,SRA1070184,,public,214120A2673B524DB4627DF2E7C9CFDC,F0A61D225881C44D7CB124F22C4FD8BB
SRR11637257,2020-04-28 22:04:44,2020-04-28 18:36:23,199225,170710196,0,856,149,,https://sra-downloadb.be-md.ncbi.nlm.nih.gov/sos3/sra-pub-run-19/SRR11637257/SRR11637257.1,SRX8201132,E0153_BC68,AMPLICON,RT-PCR,VIRAL RNA,SINGLE,0,0,OXFORD_NANOPORE,GridION,SRP258998,PRJNA610248,,610248,SRS6559265,SAMN14765096,simple,2697049,Severe acute respiratory syndrome coronavirus 2,P200383,,,,,,,no,,,,,CDC-PDD,SRA1070184,,public,15BA9D483C5E3AC6BAB9E4C18813EBB3,F20596E67A7B5065FD230610F7EE27C9
SRR11637261,2020-04-28 22:04:44,2020-04-28 18:36:24,235540,206461167,0,876,180,,https://sra-downloadb.st-va.ncbi.nlm.nih.gov/sos1/sra-pub-run-18/SRR11637261/SRR11637261.1,SRX8201128,E0153_BC73,AMPLICON,RT-PCR,VIRAL RNA,SINGLE,0,0,OXFORD_NANOPORE,GridION,SRP258998,PRJNA610248,,610248,SRS6559261,SAMN14765092,simple,2697049,Severe acute respiratory syndrome coronavirus 2,P200384,,,,,,,no,,,,,CDC-PDD,SRA1070184,,public,3A31526F87894E85D2C6B395E5CAE8E3,C1A31DA52979A4D0CDFD596B4CA0355B
SRR11637260,2020-04-28 22:04:44,2020-04-28 18:37:16,313173,259772888,0,829,226,,https://sra-downloadb.be-md.ncbi.nlm.nih.gov/sos3/sra-pub-run-19/SRR11637260/SRR11637260.1,SRX8201129,E0153_BC74,AMPLICON,RT-PCR,VIRAL RNA,SINGLE,0,0,OXFORD_NANOPORE,GridION,SRP258998,PRJNA610248,,610248,SRS6559262,SAMN14765093,simple,2697049,Severe acute respiratory syndrome coronavirus 2,P200385,,,,,,,no,,,,,CDC-PDD,SRA1070184,,public,69740978938FF4294C4D11A74EB8BB16,9C664CCE9A3282DBFF54D9C9BC47259B
SRR11637259,2020-04-28 22:04:44,2020-04-28 18:36:18,116390,96838805,0,832,84,,https://sra-downloadb.be-md.ncbi.nlm.nih.gov/sos3/sra-pub-run-19/SRR11637259/SRR11637259.1,SRX8201130,E0153_BC75,AMPLICON,RT-PCR,VIRAL RNA,SINGLE,0,0,OXFORD_NANOPORE,GridION,SRP258998,PRJNA610248,,610248,SRS6559263,SAMN14765094,simple,2697049,Severe acute respiratory syndrome coronavirus 2,P200386,,,,,,,no,,,,,CDC-PDD,SRA1070184,,public,855A240AF4A85D73DF393354517A678B,3BC99FD7DBA9EC19BC58329144388130
SRR11637262,2020-04-28 22:04:44,2020-04-28 18:36:21,291020,241161941,0,828,210,,https://sra-downloadb.be-md.ncbi.nlm.nih.gov/sos3/sra-pub-run-20/SRR11637262/SRR11637262.1,SRX8201127,E0153_BC76,AMPLICON,RT-PCR,VIRAL RNA,SINGLE,0,0,OXFORD_NANOPORE,GridION,SRP258998,PRJNA610248,,610248,SRS6559260,SAMN14765091,simple,2697049,Severe acute respiratory syndrome coronavirus 2,P200387,,,,,,,no,,,,,CDC-PDD,SRA1070184,,public,7D8197ADD96AD09CA90D3E175591E195,412DFAFA0AF7F338B072C58EBDBAD05B
SRR11637264,2020-04-28 22:04:44,2020-04-28 18:36:27,231908,193813883,0,835,169,,https://sra-downloadb.be-md.ncbi.nlm.nih.gov/sos3/sra-pub-run-21/SRR11637264/SRR11637264.1,SRX8201125,E0153_BC77,AMPLICON,RT-PCR,VIRAL RNA,SINGLE,0,0,OXFORD_NANOPORE,GridION,SRP258998,PRJNA610248,,610248,SRS6559257,SAMN14765089,simple,2697049,Severe acute respiratory syndrome coronavirus 2,P200388,,,,,,,no,,,,,CDC-PDD,SRA1070184,,public,69124E01F08E44D48ED3814CEB15B79B,33AB86F3E002C2735EF0D250E64D9B9F
SRR11637256,2020-04-28 22:04:44,2020-04-28 18:36:25,273969,218135747,0,796,190,,https://sra-downloadb.be-md.ncbi.nlm.nih.gov/sos3/sra-pub-run-19/SRR11637256/SRR11637256.1,SRX8201133,E0153_BC78,AMPLICON,RT-PCR,VIRAL RNA,SINGLE,0,0,OXFORD_NANOPORE,GridION,SRP258998,PRJNA610248,,610248,SRS6559266,SAMN14765097,simple,2697049,Severe acute respiratory syndrome coronavirus 2,P200389,,,,,,,no,,,,,CDC-PDD,SRA1070184,,public,320226324B3591502D4657DDE65AF641,8CF0B2788D630847C2DB9B6B7F0C8D40
SRR11637263,2020-04-28 22:04:44,2020-04-28 18:37:11,322947,265188562,0,821,231,,https://sra-downloadb.be-md.ncbi.nlm.nih.gov/sos3/sra-pub-run-20/SRR11637263/SRR11637263.1,SRX8201126,E0153_BC79,AMPLICON,RT-PCR,VIRAL RNA,SINGLE,0,0,OXFORD_NANOPORE,GridION,SRP258998,PRJNA610248,,610248,SRS6559259,SAMN14765090,simple,2697049,Severe acute respiratory syndrome coronavirus 2,P200390,,,,,,,no,,,,,CDC-PDD,SRA1070184,,public,FF6F55D31D62DAF021754331DEAE8F54,20A87BAFA3C782794B31CA53A1525DC0
SRR11637287,2020-04-28 22:04:44,2020-04-28 18:36:27,109664,94049889,0,857,83,,https://sra-downloadb.be-md.ncbi.nlm.nih.gov/sos3/sra-pub-run-20/SRR11637287/SRR11637287.1,SRX8201102,E0152_BC08,AMPLICON,RT-PCR,VIRAL RNA,SINGLE,0,0,OXFORD_NANOPORE,MinION,SRP258998,PRJNA610248,,610248,SRS6559238,SAMN14765013,simple,2697049,Severe acute respiratory syndrome coronavirus 2,P200603,,,,,,,no,,,,,CDC-PDD,SRA1070184,,public,ACAD587CB989DE1FA666236055B34396,CE265E4FBDD196B0C18328C77CE936CF
SRR11637276,2020-04-28 22:04:44,2020-04-28 18:36:12,129628,101682373,0,784,90,,https://sra-downloadb.be-md.ncbi.nlm.nih.gov/sos3/sra-pub-run-19/SRR11637276/SRR11637276.1,SRX8201113,E0152_BC09,AMPLICON,RT-PCR,VIRAL RNA,SINGLE,0,0,OXFORD_NANOPORE,MinION,SRP258998,PRJNA610248,,610248,SRS6559246,SAMN14765014,simple,2697049,Severe acute respiratory syndrome coronavirus 2,P200604,,,,,,,no,,,,,CDC-PDD,SRA1070184,,public,21357A93B5AD51290681F59DABAC3657,DD0744143355E18440F30D859EACE2A8
SRR11637265,2020-04-28 22:04:44,2020-04-28 18:36:07,114941,96448389,0,839,85,,https://sra-downloadb.be-md.ncbi.nlm.nih.gov/sos3/sra-pub-run-21/SRR11637265/SRR11637265.1,SRX8201124,E0152_BC10,AMPLICON,RT-PCR,VIRAL RNA,SINGLE,0,0,OXFORD_NANOPORE,MinION,SRP258998,PRJNA610248,,610248,SRS6559258,SAMN14765015,simple,2697049,Severe acute respiratory syndrome coronavirus 2,P200605,,,,,,,no,,,,,CDC-PDD,SRA1070184,,public,5CD1EC377E1AE16532B223A4C6DEAECC,1B7D710872061731AA26002175736807
SRR11637245,2020-04-28 22:04:45,2020-04-28 18:36:14,188247,159531643,0,847,141,,https://sra-downloadb.be-md.ncbi.nlm.nih.gov/sos3/sra-pub-run-21/SRR11637245/SRR11637245.1,SRX8201144,E0152_BC12,AMPLICON,RT-PCR,VIRAL RNA,SINGLE,0,0,OXFORD_NANOPORE,MinION,SRP258998,PRJNA610248,,610248,SRS6559277,SAMN14765017,simple,2697049,Severe acute respiratory syndrome coronavirus 2,P200607,,,,,,,no,,,,,CDC-PDD,SRA1070184,,public,F548F243A52A1ECD54C2E72DDEDD9BEB,39ACADB3F7912A76792B69FB39890CB5
SRR11637234,2020-04-28 22:04:45,2020-04-28 18:35:18,152307,117399510,0,770,103,,https://sra-downloadb.be-md.ncbi.nlm.nih.gov/sos3/sra-pub-run-20/SRR11637234/SRR11637234.1,SRX8201155,E0152_BC13,AMPLICON,RT-PCR,VIRAL RNA,SINGLE,0,0,OXFORD_NANOPORE,MinION,SRP258998,PRJNA610248,,610248,SRS6559288,SAMN14765018,simple,2697049,Severe acute respiratory syndrome coronavirus 2,P200608,,,,,,,no,,,,,CDC-PDD,SRA1070184,,public,DF1BD75CF8FE3B327B29A8C9254C19AA,87A83E907450BDCD5A6C1DE0299CE910
SRR11637223,2020-04-28 22:04:45,2020-04-28 18:35:11,72771,57025903,0,783,50,,https://sra-downloadb.be-md.ncbi.nlm.nih.gov/sos3/sra-pub-run-21/SRR11637223/SRR11637223.1,SRX8201166,E0152_BC14,AMPLICON,RT-PCR,VIRAL RNA,SINGLE,0,0,OXFORD_NANOPORE,MinION,SRP258998,PRJNA610248,,610248,SRS6559298,SAMN14765019,simple,2697049,Severe acute respiratory syndrome coronavirus 2,P200609,,,,,,,no,,,,,CDC-PDD,SRA1070184,,public,7B872CF9D8463A2BCB6AADCC248F9805,946C37ECD0D525FFC7964039C36F2A0D
SRR11637212,2020-04-28 22:04:45,2020-04-28 18:35:16,86600,72613302,0,838,64,,https://sra-downloadb.be-md.ncbi.nlm.nih.gov/sos3/sra-pub-run-20/SRR11637212/SRR11637212.1,SRX8201177,E0152_BC17,AMPLICON,RT-PCR,VIRAL RNA,SINGLE,0,0,OXFORD_NANOPORE,MinION,SRP258998,PRJNA610248,,610248,SRS6559309,SAMN14765020,simple,2697049,Severe acute respiratory syndrome coronavirus 2,P200612,,,,,,,no,,,,,CDC-PDD,SRA1070184,,public,79B66248626F8F62EB7CC3BBBDEFB9CD,B78F49D10FC9302ABA3597B35DCCFAF9
SRR11637201,2020-04-28 22:04:45,2020-04-28 18:35:19,115745,90865329,0,785,80,,https://sra-downloadb.be-md.ncbi.nlm.nih.gov/sos3/sra-pub-run-21/SRR11637201/SRR11637201.1,SRX8201188,E0152_BC18,AMPLICON,RT-PCR,VIRAL RNA,SINGLE,0,0,OXFORD_NANOPORE,MinION,SRP258998,PRJNA610248,,610248,SRS6559320,SAMN14765021,simple,2697049,Severe acute respiratory syndrome coronavirus 2,P200613,,,,,,,no,,,,,CDC-PDD,SRA1070184,,public,27BD57313A4F71FAEC12B0E5A26D374C,C56F5717D6009833E3FDD046960F9B31
SRR11637339,2020-04-28 22:04:43,2020-04-28 18:38:19,350608,302209609,0,861,264,,https://sra-downloadb.be-md.ncbi.nlm.nih.gov/sos3/sra-pub-run-19/SRR11637339/SRR11637339.1,SRX8201050,E0155_BC57,AMPLICON,RT-PCR,VIRAL RNA,SINGLE,0,0,OXFORD_NANOPORE,GridION,SRP258998,PRJNA610248,,610248,SRS6559190,SAMN14765028,simple,2697049,Severe acute respiratory syndrome coronavirus 2,D670162,,,,,,,no,,,,,CDC-PDD,SRA1070184,,public,48DC8071044D1F20133C1F144AA1D2DA,7543450CFCEE328F8EEF396B45BE5566
SRR11637338,2020-04-28 22:04:43,2020-04-28 18:37:14,466695,396940882,0,850,347,,https://sra-downloadb.be-md.ncbi.nlm.nih.gov/sos3/sra-pub-run-20/SRR11637338/SRR11637338.1,SRX8201051,E0155_BC81,AMPLICON,RT-PCR,VIRAL RNA,SINGLE,0,0,OXFORD_NANOPORE,GridION,SRP258998,PRJNA610248,,610248,SRS6559191,SAMN14765029,simple,2697049,Severe acute respiratory syndrome coronavirus 2,D670165,,,,,,,no,,,,,CDC-PDD,SRA1070184,,public,5FE638794B2057E9D10ECF0C1F259E9A,049722AF186EED06C03D222E2CA32326
SRR11637337,2020-04-28 22:04:43,2020-04-28 18:40:11,361125,348762963,0,965,304,,https://sra-downloadb.be-md.ncbi.nlm.nih.gov/sos3/sra-pub-run-19/SRR11637337/SRR11637337.1,SRX8201052,E0155_BC93,AMPLICON,RT-PCR,VIRAL RNA,SINGLE,0,0,OXFORD_NANOPORE,GridION,SRP258998,PRJNA610248,,610248,SRS6559192,SAMN14765030,simple,2697049,Severe acute respiratory syndrome coronavirus 2,D670168,,,,,,,no,,,,,CDC-PDD,SRA1070184,,public,75CA821BF095BD345A97984FCD0280CD,B4C6DA90E39FE76A8BAC92B2BB27C1FC
SRR11637336,2020-04-28 22:04:43,2020-04-28 18:40:13,414035,392295115,0,947,342,,https://sra-downloadb.be-md.ncbi.nlm.nih.gov/sos3/sra-pub-run-21/SRR11637336/SRR11637336.1,SRX8201053,E0155_BC34,AMPLICON,RT-PCR,VIRAL RNA,SINGLE,0,0,OXFORD_NANOPORE,GridION,SRP258998,PRJNA610248,,610248,SRS6559193,SAMN14765031,simple,2697049,Severe acute respiratory syndrome coronavirus 2,D670169,,,,,,,no,,,,,CDC-PDD,SRA1070184,,public,C7F94C2D8947F8D2D70943C2812865E3,F8AE9181C15BE33A168EC0743B8BEB42
SRR11637335,2020-04-28 22:04:43,2020-04-28 18:40:04,445152,370210347,0,831,323,,https://sra-downloadb.be-md.ncbi.nlm.nih.gov/sos3/sra-pub-run-20/SRR11637335/SRR11637335.1,SRX8201054,E0155_BC46,AMPLICON,RT-PCR,VIRAL RNA,SINGLE,0,0,OXFORD_NANOPORE,GridION,SRP258998,PRJNA610248,,610248,SRS6559194,SAMN14765032,simple,2697049,Severe acute respiratory syndrome coronavirus 2,D670170,,,,,,,no,,,,,CDC-PDD,SRA1070184,,public,3D813B00565C85CEB59134071C704E20,4886FFAB7AEE2F8ECACE7C23D00AB000
SRR11637334,2020-04-28 22:04:43,2020-04-28 18:37:16,343052,373918456,0,1089,326,,https://sra-downloadb.be-md.ncbi.nlm.nih.gov/sos3/sra-pub-run-21/SRR11637334/SRR11637334.1,SRX8201055,E0155_BC58,AMPLICON,RT-PCR,VIRAL RNA,SINGLE,0,0,OXFORD_NANOPORE,GridION,SRP258998,PRJNA610248,,610248,SRS6559195,SAMN14765033,simple,2697049,Severe acute respiratory syndrome coronavirus 2,D670171,,,,,,,no,,,,,CDC-PDD,SRA1070184,,public,62AEA71263BDB42BE8C07522FF798E04,9CC0C26DE7C2EC3D8B31F2891067A57B
SRR11637333,2020-04-28 22:04:43,2020-04-28 18:38:21,358344,323355689,0,902,282,,https://sra-downloadb.be-md.ncbi.nlm.nih.gov/sos3/sra-pub-run-21/SRR11637333/SRR11637333.1,SRX8201056,E0155_BC70,AMPLICON,RT-PCR,VIRAL RNA,SINGLE,0,0,OXFORD_NANOPORE,GridION,SRP258998,PRJNA610248,,610248,SRS6559196,SAMN14765034,simple,2697049,Severe acute respiratory syndrome coronavirus 2,D670173,,,,,,,no,,,,,CDC-PDD,SRA1070184,,public,2CC1252ED285952B11080B6AFB551427,44EA009FD32D0B2CA021E91297F889CD
SRR11637332,2020-04-28 22:04:43,2020-04-28 18:40:09,622677,520569445,0,836,455,,https://sra-downloadb.be-md.ncbi.nlm.nih.gov/sos3/sra-pub-run-20/SRR11637332/SRR11637332.1,SRX8201057,E0155_BC82,AMPLICON,RT-PCR,VIRAL RNA,SINGLE,0,0,OXFORD_NANOPORE,GridION,SRP258998,PRJNA610248,,610248,SRS6559197,SAMN14765035,simple,2697049,Severe acute respiratory syndrome coronavirus 2,D670176,,,,,,,no,,,,,CDC-PDD,SRA1070184,,public,B56B1CB2A49DBBC2A6A836831D2F6FDD,1AA5C8C158078063FD471FD2148E6D73
SRR11637330,2020-04-28 22:04:43,2020-04-28 18:40:11,206603,170524741,0,825,149,,https://sra-downloadb.be-md.ncbi.nlm.nih.gov/sos3/sra-pub-run-21/SRR11637330/SRR11637330.1,SRX8201059,E0155_BC94,AMPLICON,RT-PCR,VIRAL RNA,SINGLE,0,0,OXFORD_NANOPORE,GridION,SRP258998,PRJNA610248,,610248,SRS6559199,SAMN14765036,simple,2697049,Severe acute respiratory syndrome coronavirus 2,D670180,,,,,,,no,,,,,CDC-PDD,SRA1070184,,public,7D27FE521DA901C3E9594B80FFE7493D,A5D035A8D42464179E9D8BFF7D655DD3
SRR11637329,2020-04-28 22:04:43,2020-04-28 18:38:22,532826,456068712,0,855,398,,https://sra-downloadb.be-md.ncbi.nlm.nih.gov/sos3/sra-pub-run-20/SRR11637329/SRR11637329.1,SRX8201060,E0155_BC47,AMPLICON,RT-PCR,VIRAL RNA,SINGLE,0,0,OXFORD_NANOPORE,GridION,SRP258998,PRJNA610248,,610248,SRS6559200,SAMN14765037,simple,2697049,Severe acute respiratory syndrome coronavirus 2,D670182,,,,,,,no,,,,,CDC-PDD,SRA1070184,,public,A635F9407150C2493643E7C4DA28206F,2359E734818D09760DA6ACFD0CD12043
SRR11637328,2020-04-28 22:04:43,2020-04-28 18:37:15,234025,191021017,0,816,167,,https://sra-downloadb.be-md.ncbi.nlm.nih.gov/sos3/sra-pub-run-21/SRR11637328/SRR11637328.1,SRX8201061,E0155_BC59,AMPLICON,RT-PCR,VIRAL RNA,SINGLE,0,0,OXFORD_NANOPORE,GridION,SRP258998,PRJNA610248,,610248,SRS6559201,SAMN14765038,simple,2697049,Severe acute respiratory syndrome coronavirus 2,D670183,,,,,,,no,,,,,CDC-PDD,SRA1070184,,public,9CFC712851DC69C870732209A2FBAB3A,E343BB40347B9D8AE7479F7B75539879
SRR11637327,2020-04-28 22:04:43,2020-04-28 18:40:13,328321,379000147,0,1154,330,,https://sra-downloadb.be-md.ncbi.nlm.nih.gov/sos3/sra-pub-run-20/SRR11637327/SRR11637327.1,SRX8201062,E0155_BC71,AMPLICON,RT-PCR,VIRAL RNA,SINGLE,0,0,OXFORD_NANOPORE,GridION,SRP258998,PRJNA610248,,610248,SRS6559202,SAMN14765039,simple,2697049,Severe acute respiratory syndrome coronavirus 2,D670187,,,,,,,no,,,,,CDC-PDD,SRA1070184,,public,197FE0FBE58E72C70D427B58106C69A0,6E647A89EFD84FC07BA2BD95FFAEC06E
SRR11637326,2020-04-28 22:04:43,2020-04-28 18:40:14,946443,778439654,0,822,680,,https://sra-downloadb.be-md.ncbi.nlm.nih.gov/sos3/sra-pub-run-21/SRR11637326/SRR11637326.1,SRX8201063,E0155_BC83,AMPLICON,RT-PCR,VIRAL RNA,SINGLE,0,0,OXFORD_NANOPORE,GridION,SRP258998,PRJNA610248,,610248,SRS6559203,SAMN14765040,simple,2697049,Severe acute respiratory syndrome coronavirus 2,D670188,,,,,,,no,,,,,CDC-PDD,SRA1070184,,public,DDF0B8E232D8E041790114DCEC3E6302,03DDA91C6F4BA89EE0C6547844F69CE4
SRR11637325,2020-04-28 22:04:43,2020-04-28 18:37:18,536920,450638979,0,839,393,,https://sra-downloadb.be-md.ncbi.nlm.nih.gov/sos3/sra-pub-run-21/SRR11637325/SRR11637325.1,SRX8201064,E0155_BC95,AMPLICON,RT-PCR,VIRAL RNA,SINGLE,0,0,OXFORD_NANOPORE,GridION,SRP258998,PRJNA610248,,610248,SRS6559204,SAMN14765041,simple,2697049,Severe acute respiratory syndrome coronavirus 2,D670189,,,,,,,no,,,,,CDC-PDD,SRA1070184,,public,A77BB24E52685C9D5988E00782BEC7B3,8E4C42DDA43427AAEB7175DBC0B5A19E
SRR11637324,2020-04-28 22:04:43,2020-04-28 18:37:19,697005,622310322,0,892,543,,https://sra-downloadb.be-md.ncbi.nlm.nih.gov/sos3/sra-pub-run-20/SRR11637324/SRR11637324.1,SRX8201065,E0155_BC36,AMPLICON,RT-PCR,VIRAL RNA,SINGLE,0,0,OXFORD_NANOPORE,GridION,SRP258998,PRJNA610248,,610248,SRS6559205,SAMN14765042,simple,2697049,Severe acute respiratory syndrome coronavirus 2,D670194,,,,,,,no,,,,,CDC-PDD,SRA1070184,,public,8C8576AA55AB34C939827510BCE06F38,759AAA9DC668EE13666B7FD814A8A579
SRR11637323,2020-04-28 22:04:43,2020-04-28 18:40:09,640596,538903891,0,841,471,,https://sra-downloadb.be-md.ncbi.nlm.nih.gov/sos3/sra-pub-run-19/SRR11637323/SRR11637323.1,SRX8201066,E0155_BC60,AMPLICON,RT-PCR,VIRAL RNA,SINGLE,0,0,OXFORD_NANOPORE,GridION,SRP258998,PRJNA610248,,610248,SRS6559206,SAMN14765043,simple,2697049,Severe acute respiratory syndrome coronavirus 2,D670196,,,,,,,no,,,,,CDC-PDD,SRA1070184,,public,8ECD8929869FAB3421F81C4D1DDC9E9F,FFA3D6565AC2E502DA57FD9427F569D9
SRR11637322,2020-04-28 22:04:43,2020-04-28 18:36:30,287862,239260996,0,831,209,,https://sra-downloadb.be-md.ncbi.nlm.nih.gov/sos3/sra-pub-run-21/SRR11637322/SRR11637322.1,SRX8201067,E0155_BC96,AMPLICON,RT-PCR,VIRAL RNA,SINGLE,0,0,OXFORD_NANOPORE,GridION,SRP258998,PRJNA610248,,610248,SRS6559207,SAMN14765044,simple,2697049,Severe acute respiratory syndrome coronavirus 2,D670199,,,,,,,no,,,,,CDC-PDD,SRA1070184,,public,E422B4623A926696D4FFBAAFFF1F617F,721F50D1C171CAD1811E4E43ED649DFB
SRR11637321,2020-04-28 22:04:43,2020-04-28 18:40:12,568198,469877521,0,826,411,,https://sra-downloadb.be-md.ncbi.nlm.nih.gov/sos3/sra-pub-run-21/SRR11637321/SRR11637321.1,SRX8201068,E0155_BC33,AMPLICON,RT-PCR,VIRAL RNA,SINGLE,0,0,OXFORD_NANOPORE,GridION,SRP258998,PRJNA610248,,610248,SRS6559208,SAMN14765045,simple,2697049,Severe acute respiratory syndrome coronavirus 2,D670212,,,,,,,no,,,,,CDC-PDD,SRA1070184,,public,956EF2DEAEFBBB83715B8FD963A796DA,C83DB1351B05B355EA72ADD3BDEF5986
SRR11637319,2020-04-28 22:04:43,2020-04-28 18:40:08,344625,332950145,0,966,290,,https://sra-downloadb.be-md.ncbi.nlm.nih.gov/sos3/sra-pub-run-20/SRR11637319/SRR11637319.1,SRX8201070,E0155_BC45,AMPLICON,RT-PCR,VIRAL RNA,SINGLE,0,0,OXFORD_NANOPORE,GridION,SRP258998,PRJNA610248,,610248,SRS6559210,SAMN14765046,simple,2697049,Severe acute respiratory syndrome coronavirus 2,D670213,,,,,,,no,,,,,CDC-PDD,SRA1070184,,public,A7CD4AAD61DC4D126DE06C5414FDF0CD,A5C31D1C78C1BBFB2ED0CD5BF0BBFF00
SRR11637318,2020-04-28 22:04:43,2020-04-28 18:36:11,24502,18475996,0,754,16,,https://sra-downloadb.be-md.ncbi.nlm.nih.gov/sos3/sra-pub-run-20/SRR11637318/SRR11637318.1,SRX8201071,E0148-2_BC28,AMPLICON,RT-PCR,VIRAL RNA,SINGLE,0,0,OXFORD_NANOPORE,MinION,SRP258998,PRJNA610248,,610248,SRS6559211,SAMN14765047,simple,2697049,Severe acute respiratory syndrome coronavirus 2,D923017,,,,,,,no,,,,,CDC-PDD,SRA1070184,,public,DFE6C882405BA773AF0C0E60B7F509EC,219B6882701EEA7286EA6C69DEC40BA0
SRR11637317,2020-04-28 22:04:43,2020-04-28 18:36:16,110420,87830478,0,795,78,,https://sra-downloadb.be-md.ncbi.nlm.nih.gov/sos3/sra-pub-run-19/SRR11637317/SRR11637317.1,SRX8201072,E0148-1_BC25,AMPLICON,RT-PCR,VIRAL RNA,SINGLE,0,0,OXFORD_NANOPORE,MinION,SRP258998,PRJNA610248,,610248,SRS6559212,SAMN14765048,simple,2697049,Severe acute respiratory syndrome coronavirus 2,D923739,,,,,,,no,,,,,CDC-PDD,SRA1070184,,public,DBA2C6334A4DDF953EE4D621D8FDBC2B,F1E343EA25100C190B7AE1BB09F6F678
SRR11637316,2020-04-28 22:04:43,2020-04-28 18:36:27,66055,54258989,0,821,48,,https://sra-downloadb.be-md.ncbi.nlm.nih.gov/sos3/sra-pub-run-19/SRR11637316/SRR11637316.1,SRX8201073,E0148-1_BC61,AMPLICON,RT-PCR,VIRAL RNA,SINGLE,0,0,OXFORD_NANOPORE,MinION,SRP258998,PRJNA610248,,610248,SRS6559213,SAMN14765049,simple,2697049,Severe acute respiratory syndrome coronavirus 2,D923965,,,,,,,no,,,,,CDC-PDD,SRA1070184,,public,FAB8879703F9C093D46EA9EC6391879D,8A951F8F476E21E35E2905E5055418FF
SRR11637315,2020-04-28 22:04:44,2020-04-28 18:36:24,150781,123118815,0,816,109,,https://sra-downloadb.be-md.ncbi.nlm.nih.gov/sos3/sra-pub-run-20/SRR11637315/SRR11637315.1,SRX8201074,E0148-1_BC02,AMPLICON,RT-PCR,VIRAL RNA,SINGLE,0,0,OXFORD_NANOPORE,MinION,SRP258998,PRJNA610248,,610248,SRS6559214,SAMN14765050,simple,2697049,Severe acute respiratory syndrome coronavirus 2,D925031,,,,,,,no,,,,,CDC-PDD,SRA1070184,,public,48331AB71C08AD2DEFD9813815B1F8F5,82356805CF48C9BF8BE3F3B21B991CBE
SRR11637346,2020-04-28 22:04:43,2020-04-28 18:38:18,16733,13624676,0,814,12,,https://sra-downloadb.be-md.ncbi.nlm.nih.gov/sos3/sra-pub-run-20/SRR11637346/SRR11637346.1,SRX8201043,E0148-2_BC75,AMPLICON,RT-PCR,VIRAL RNA,SINGLE,0,0,OXFORD_NANOPORE,MinION,SRP258998,PRJNA610248,,610248,SRS6559183,SAMN14765159,simple,2697049,Severe acute respiratory syndrome coronavirus 2,D926690,,,,,,,no,,,,,CDC-PDD,SRA1070184,,public,310A8568795DC2915BFB64CB0003398B,162BDDC8BBF31C34B5322B5CE39D51B0
SRR11637347,2020-04-28 22:04:43,2020-04-28 18:38:18,35850,25355310,0,707,22,,https://sra-downloadb.be-md.ncbi.nlm.nih.gov/sos3/sra-pub-run-21/SRR11637347/SRR11637347.1,SRX8201042,E0148-2_BC04,AMPLICON,RT-PCR,VIRAL RNA,SINGLE,0,0,OXFORD_NANOPORE,MinION,SRP258998,PRJNA610248,,610248,SRS6559182,SAMN14765158,simple,2697049,Severe acute respiratory syndrome coronavirus 2,D926874,,,,,,,no,,,,,CDC-PDD,SRA1070184,,public,3CD5FF215CF8DB694B7BE2C11DFCA29C,C2A849B32D8E2CAEEC05F19B161F68D3
SRR11637313,2020-04-28 22:04:44,2020-04-28 18:36:25,190056,157465316,0,828,140,,https://sra-downloadb.be-md.ncbi.nlm.nih.gov/sos3/sra-pub-run-21/SRR11637313/SRR11637313.1,SRX8201076,E0146_BC10,AMPLICON,RT-PCR,VIRAL RNA,SINGLE,0,0,OXFORD_NANOPORE,MinION,SRP258998,PRJNA610248,,610248,SRS6559215,SAMN14765051,simple,2697049,Severe acute respiratory syndrome coronavirus 2,P200283,,,,,,,no,,,,,CDC-PDD,SRA1070184,,public,2E4F5B452FD42AF15F6DB291CE88EE42,2D28B728509E2AEAC6429B57E01A1540
SRR11637314,2020-04-28 22:04:44,2020-04-28 18:36:11,68838,56908530,0,826,50,,https://sra-downloadb.be-md.ncbi.nlm.nih.gov/sos3/sra-pub-run-19/SRR11637314/SRR11637314.1,SRX8201075,E0145_BC49,AMPLICON,RT-PCR,VIRAL RNA,SINGLE,0,0,OXFORD_NANOPORE,MinION,SRP258998,PRJNA610248,,610248,SRS6559215,SAMN14765051,simple,2697049,Severe acute respiratory syndrome coronavirus 2,P200283,,,,,,,no,,,,,CDC-PDD,SRA1070184,,public,BECD25E9690FACD2C3689B62DC709151,9BD4BCBEE5AE500E98CC7B6D4D47D607
SRR11637312,2020-04-28 22:04:44,2020-04-28 18:36:33,156845,128258884,0,817,113,,https://sra-downloadb.be-md.ncbi.nlm.nih.gov/sos3/sra-pub-run-21/SRR11637312/SRR11637312.1,SRX8201077,E0145_BC50,AMPLICON,RT-PCR,VIRAL RNA,SINGLE,0,0,OXFORD_NANOPORE,MinION,SRP258998,PRJNA610248,,610248,SRS6559216,SAMN14765052,simple,2697049,Severe acute respiratory syndrome coronavirus 2,P200285,,,,,,,no,,,,,CDC-PDD,SRA1070184,,public,58D8F4D235D2B08D382258A36CCCCCD3,367F9DDD2377010570DFFE248AD8CD53
SRR11637311,2020-04-28 22:04:44,2020-04-28 18:36:27,73737,71447399,0,968,62,,https://sra-downloadb.be-md.ncbi.nlm.nih.gov/sos3/sra-pub-run-21/SRR11637311/SRR11637311.1,SRX8201078,E0145_BC44,AMPLICON,RT-PCR,VIRAL RNA,SINGLE,0,0,OXFORD_NANOPORE,MinION,SRP258998,PRJNA610248,,610248,SRS6559217,SAMN14765053,simple,2697049,Severe acute respiratory syndrome coronavirus 2,P200288,,,,,,,no,,,,,CDC-PDD,SRA1070184,,public,E5F0CEE0267CC532926BA3B9308631E8,033199B443E53B14CE2BD881DBD539C0
SRR11637310,2020-04-28 22:04:44,2020-04-28 18:35:42,3553,3566830,0,1003,3,,https://sra-download.ncbi.nlm.nih.gov/traces/sra52/SRR/011364/SRR11637310,SRX8201079,E0145_BC51,AMPLICON,RT-PCR,VIRAL RNA,SINGLE,0,0,OXFORD_NANOPORE,MinION,SRP258998,PRJNA610248,,610248,SRS6559218,SAMN14765054,simple,2697049,Severe acute respiratory syndrome coronavirus 2,P200289,,,,,,,no,,,,,CDC-PDD,SRA1070184,,public,87954E74D7F57106914D01ADA225DC6F,51B3959F7BF7EE4C9C512D6CECE7BF79
SRR11637308,2020-04-28 22:04:44,2020-04-28 18:37:14,118232,113194952,0,957,101,,https://sra-downloadb.be-md.ncbi.nlm.nih.gov/sos3/sra-pub-run-19/SRR11637308/SRR11637308.1,SRX8201081,E0146_BC09,AMPLICON,RT-PCR,VIRAL RNA,SINGLE,0,0,OXFORD_NANOPORE,MinION,SRP258998,PRJNA610248,,610248,SRS6559218,SAMN14765054,simple,2697049,Severe acute respiratory syndrome coronavirus 2,P200289,,,,,,,no,,,,,CDC-PDD,SRA1070184,,public,EE0222AC6F87EB2EF576A9774D9B591F,AA024D13424CF460709DD982A475F1EE
SRR11637304,2020-04-28 22:04:44,2020-04-28 18:36:25,104566,85081467,0,813,75,,https://sra-downloadb.be-md.ncbi.nlm.nih.gov/sos3/sra-pub-run-20/SRR11637304/SRR11637304.1,SRX8201085,E0145_BC52,AMPLICON,RT-PCR,VIRAL RNA,SINGLE,0,0,OXFORD_NANOPORE,MinION,SRP258998,PRJNA610248,,610248,SRS6559222,SAMN14765057,simple,2697049,Severe acute respiratory syndrome coronavirus 2,P200291,,,,,,,no,,,,,CDC-PDD,SRA1070184,,public,43215EAD577641AC6D5EA7D5E1A680AB,02651CB47728CB190E196D84EF118556
SRR11637303,2020-04-28 22:04:44,2020-04-28 18:36:11,159167,127655252,0,802,114,,https://sra-downloadb.be-md.ncbi.nlm.nih.gov/sos3/sra-pub-run-21/SRR11637303/SRR11637303.1,SRX8201086,E0146_BC12,AMPLICON,RT-PCR,VIRAL RNA,SINGLE,0,0,OXFORD_NANOPORE,MinION,SRP258998,PRJNA610248,,610248,SRS6559223,SAMN14765058,simple,2697049,Severe acute respiratory syndrome coronavirus 2,P200294,,,,,,,no,,,,,CDC-PDD,SRA1070184,,public,95BF326CADE5356484FA0099D75663FA,FB608EED788EF8D7FF47EDA1822C01B9
SRR11637302,2020-04-28 22:04:44,2020-04-28 18:36:14,58604,47314290,0,807,42,,https://sra-downloadb.be-md.ncbi.nlm.nih.gov/sos3/sra-pub-run-19/SRR11637302/SRR11637302.1,SRX8201087,E0145_BC54,AMPLICON,RT-PCR,VIRAL RNA,SINGLE,0,0,OXFORD_NANOPORE,MinION,SRP258998,PRJNA610248,,610248,SRS6559224,SAMN14765059,simple,2697049,Severe acute respiratory syndrome coronavirus 2,P200295,,,,,,,no,,,,,CDC-PDD,SRA1070184,,public,682A134A7238ACA5E218E10E3125D14E,037FB3A03AB3200ED93FFF08636A7E09
SRR11637301,2020-04-28 22:04:44,2020-04-28 18:36:32,90515,95992168,0,1060,84,,https://sra-downloadb.be-md.ncbi.nlm.nih.gov/sos3/sra-pub-run-19/SRR11637301/SRR11637301.1,SRX8201088,E0145_BC55,AMPLICON,RT-PCR,VIRAL RNA,SINGLE,0,0,OXFORD_NANOPORE,MinION,SRP258998,PRJNA610248,,610248,SRS6559225,SAMN14765060,simple,2697049,Severe acute respiratory syndrome coronavirus 2,P200298,,,,,,,no,,,,,CDC-PDD,SRA1070184,,public,A276A55E06BAA95866504BCFF306A9B3,595BEBEEA91BF1B76531A2A031CF6339
SRR11637299,2020-04-28 22:04:44,2020-04-28 18:36:24,212479,165460868,0,778,147,,https://sra-downloadb.be-md.ncbi.nlm.nih.gov/sos3/sra-pub-run-19/SRR11637299/SRR11637299.1,SRX8201090,E0146_BC11,AMPLICON,RT-PCR,VIRAL RNA,SINGLE,0,0,OXFORD_NANOPORE,MinION,SRP258998,PRJNA610248,,610248,SRS6559226,SAMN14765061,simple,2697049,Severe acute respiratory syndrome coronavirus 2,P200300,,,,,,,no,,,,,CDC-PDD,SRA1070184,,public,A526214D04ABF67E7BA8775B1B4DEE0A,9560C28863856F699661BD08C5B53D74
SRR11637300,2020-04-28 22:04:44,2020-04-28 18:36:19,123250,99290134,0,805,88,,https://sra-downloadb.be-md.ncbi.nlm.nih.gov/sos3/sra-pub-run-20/SRR11637300/SRR11637300.1,SRX8201089,E0145_BC56,AMPLICON,RT-PCR,VIRAL RNA,SINGLE,0,0,OXFORD_NANOPORE,MinION,SRP258998,PRJNA610248,,610248,SRS6559226,SAMN14765061,simple,2697049,Severe acute respiratory syndrome coronavirus 2,P200300,,,,,,,no,,,,,CDC-PDD,SRA1070184,,public,0C13787BC3B7326D23470241BA139CEF,3923FFF2B63EDE2A79042D21F45B0236
SRR11637297,2020-04-28 22:04:44,2020-04-28 18:36:18,51791,41608847,0,803,37,,https://sra-downloadb.be-md.ncbi.nlm.nih.gov/sos3/sra-pub-run-20/SRR11637297/SRR11637297.1,SRX8201092,E0145_BC61,AMPLICON,RT-PCR,VIRAL RNA,SINGLE,0,0,OXFORD_NANOPORE,MinION,SRP258998,PRJNA610248,,610248,SRS6559228,SAMN14765062,simple,2697049,Severe acute respiratory syndrome coronavirus 2,P200301,,,,,,,no,,,,,CDC-PDD,SRA1070184,,public,0698D2910EFDD8F7B54C8F49F33228F1,9DEF18437CA5B7461765725D07806FEC
SRR11637296,2020-04-28 22:04:44,2020-04-28 18:36:33,112139,114605269,0,1021,101,,https://sra-downloadb.be-md.ncbi.nlm.nih.gov/sos3/sra-pub-run-19/SRR11637296/SRR11637296.1,SRX8201093,E0145_BC43,AMPLICON,RT-PCR,VIRAL RNA,SINGLE,0,0,OXFORD_NANOPORE,MinION,SRP258998,PRJNA610248,,610248,SRS6559229,SAMN14765063,simple,2697049,Severe acute respiratory syndrome coronavirus 2,P200303,,,,,,,no,,,,,CDC-PDD,SRA1070184,,public,2EACE8F49849EB471C2DB03AA76BBDB7,E7353EB6B10B12CD404B62EC0632C4E9
SRR11637294,2020-04-28 22:04:44,2020-04-28 18:36:17,61551,52061655,0,845,46,,https://sra-downloadb.st-va.ncbi.nlm.nih.gov/sos1/sra-pub-run-18/SRR11637294/SRR11637294.1,SRX8201095,E0145_BC62,AMPLICON,RT-PCR,VIRAL RNA,SINGLE,0,0,OXFORD_NANOPORE,MinION,SRP258998,PRJNA610248,,610248,SRS6559231,SAMN14765065,simple,2697049,Severe acute respiratory syndrome coronavirus 2,P200305,,,,,,,no,,,,,CDC-PDD,SRA1070184,,public,7F241099B638D932A04B256A1D42DA55,33389BD19689BD958189E46631F72D35
SRR11637295,2020-04-28 22:04:44,2020-04-28 18:36:25,161376,131103759,0,812,116,,https://sra-downloadb.be-md.ncbi.nlm.nih.gov/sos3/sra-pub-run-20/SRR11637295/SRR11637295.1,SRX8201094,E0145_BC63,AMPLICON,RT-PCR,VIRAL RNA,SINGLE,0,0,OXFORD_NANOPORE,MinION,SRP258998,PRJNA610248,,610248,SRS6559230,SAMN14765064,simple,2697049,Severe acute respiratory syndrome coronavirus 2,P200306,,,,,,,no,,,,,CDC-PDD,SRA1070184,,public,E9A09926A459E77FACA05B541252B726,ED714AAED981ECC3ACD4A4198F995B2D
SRR11637293,2020-04-28 22:04:44,2020-04-28 18:36:27,158527,123833461,0,781,110,,https://sra-downloadb.be-md.ncbi.nlm.nih.gov/sos3/sra-pub-run-20/SRR11637293/SRR11637293.1,SRX8201096,E0146_BC21,AMPLICON,RT-PCR,VIRAL RNA,SINGLE,0,0,OXFORD_NANOPORE,MinION,SRP258998,PRJNA610248,,610248,SRS6559232,SAMN14765066,simple,2697049,Severe acute respiratory syndrome coronavirus 2,P200307,,,,,,,no,,,,,CDC-PDD,SRA1070184,,public,5766C904087087F8A384033ED131B6C3,79964022EC2DBBA3331C8F97CB68F947
SRR11637292,2020-04-28 22:04:44,2020-04-28 18:36:31,84941,66963675,0,788,59,,https://sra-downloadb.be-md.ncbi.nlm.nih.gov/sos3/sra-pub-run-20/SRR11637292/SRR11637292.1,SRX8201097,E0145_BC64,AMPLICON,RT-PCR,VIRAL RNA,SINGLE,0,0,OXFORD_NANOPORE,MinION,SRP258998,PRJNA610248,,610248,SRS6559233,SAMN14765067,simple,2697049,Severe acute respiratory syndrome coronavirus 2,P200308,,,,,,,no,,,,,CDC-PDD,SRA1070184,,public,10D4A0BE5920991E1DD60F0C565B7358,54025BF3E2B9AAB19DA159C7B606934B
SRR11637291,2020-04-28 22:04:44,2020-04-28 18:36:27,105547,84930133,0,804,75,,https://sra-downloadb.be-md.ncbi.nlm.nih.gov/sos3/sra-pub-run-20/SRR11637291/SRR11637291.1,SRX8201098,E0145_BC65,AMPLICON,RT-PCR,VIRAL RNA,SINGLE,0,0,OXFORD_NANOPORE,MinION,SRP258998,PRJNA610248,,610248,SRS6559234,SAMN14765068,simple,2697049,Severe acute respiratory syndrome coronavirus 2,P200309,,,,,,,no,,,,,CDC-PDD,SRA1070184,,public,C8E2BA95BD20946A9B4721B5706B5445,20CB9D46A7AA7DD11F19AC43606A9DDF
SRR11637307,2020-04-28 22:04:44,2020-04-28 18:36:16,150863,126628710,0,839,113,,https://sra-downloadb.be-md.ncbi.nlm.nih.gov/sos3/sra-pub-run-21/SRR11637307/SRR11637307.1,SRX8201082,E0146_BC35,AMPLICON,RT-PCR,VIRAL RNA,SINGLE,0,0,OXFORD_NANOPORE,MinION,SRP258998,PRJNA610248,,610248,SRS6559220,SAMN14765055,simple,2697049,Severe acute respiratory syndrome coronavirus 2,P200316,,,,,,,no,,,,,CDC-PDD,SRA1070184,,public,ED6C474385C8E8A650BB570CA3D1966E,2F02D1080264FE0D5222D9370D9C3F23
SRR11637305,2020-04-28 22:04:44,2020-04-28 18:36:26,187205,157985611,0,843,141,,https://sra-downloadb.be-md.ncbi.nlm.nih.gov/sos3/sra-pub-run-19/SRR11637305/SRR11637305.1,SRX8201084,E0146_BC36,AMPLICON,RT-PCR,VIRAL RNA,SINGLE,0,0,OXFORD_NANOPORE,MinION,SRP258998,PRJNA610248,,610248,SRS6559221,SAMN14765056,simple,2697049,Severe acute respiratory syndrome coronavirus 2,P200317,,,,,,,no,,,,,CDC-PDD,SRA1070184,,public,B6C9B15C4EE461BF5F50B937038BFA35,7DECD882DBB0F31038D20C02DFDC1843
SRR11637306,2020-04-28 22:04:44,2020-04-28 18:36:20,163014,147926548,0,907,131,,https://sra-downloadb.be-md.ncbi.nlm.nih.gov/sos3/sra-pub-run-21/SRR11637306/SRR11637306.1,SRX8201083,E0144_BC02,AMPLICON,RT-PCR,VIRAL RNA,SINGLE,0,0,OXFORD_NANOPORE,MinION,SRP258998,PRJNA610248,,610248,SRS6559221,SAMN14765056,simple,2697049,Severe acute respiratory syndrome coronavirus 2,P200317,,,,,,,no,,,,,CDC-PDD,SRA1070184,,public,13AD4FF6F51B11FD1FAAC7F51DA4B624,2C50CE7F3290B2D94D3C25D72D943047
SRR11637352,2020-04-28 22:04:43,2020-04-28 18:38:19,131370,104329723,0,794,92,,https://sra-downloadb.be-md.ncbi.nlm.nih.gov/sos3/sra-pub-run-19/SRR11637352/SRR11637352.1,SRX8201037,E0145_BC40,AMPLICON,RT-PCR,VIRAL RNA,SINGLE,0,0,OXFORD_NANOPORE,MinION,SRP258998,PRJNA610248,,610248,SRS6559177,SAMN14765006,simple,2697049,Severe acute respiratory syndrome coronavirus 2,P200339,,,,,,,no,,,,,CDC-PDD,SRA1070184,,public,2A99841C7A57B3D03ED82C74903F9749,091B2523033938C466535546B9BF25AE
SRR11637349,2020-04-28 22:04:43,2020-04-28 18:37:18,172520,139394262,0,807,121,,https://sra-downloadb.be-md.ncbi.nlm.nih.gov/sos3/sra-pub-run-19/SRR11637349/SRR11637349.1,SRX8201040,E0153_BC41,AMPLICON,RT-PCR,VIRAL RNA,SINGLE,0,0,OXFORD_NANOPORE,GridION,SRP258998,PRJNA610248,,610248,SRS6559180,SAMN14765099,simple,2697049,Severe acute respiratory syndrome coronavirus 2,P200364,,,,,,,no,,,,,CDC-PDD,SRA1070184,,public,F9FCC1864AD19462EA4FF51044DD2863,ADB54D3CFFC3B741E122B3B88FB3283C
SRR11637351,2020-04-28 22:04:43,2020-04-28 18:40:07,123999,98304541,0,792,87,,https://sra-downloadb.be-md.ncbi.nlm.nih.gov/sos3/sra-pub-run-19/SRR11637351/SRR11637351.1,SRX8201038,E0152_BC02,AMPLICON,RT-PCR,VIRAL RNA,SINGLE,0,0,OXFORD_NANOPORE,MinION,SRP258998,PRJNA610248,,610248,SRS6559178,SAMN14765007,simple,2697049,Severe acute respiratory syndrome coronavirus 2,P200597,,,,,,,no,,,,,CDC-PDD,SRA1070184,,public,E8BD1FC6DE169C23BCD4AF247202256C,2FE2C0E1D70CE950D198C24FE33BB5BC
SRR11637342,2020-04-28 22:04:43,2020-04-28 18:40:10,74572,57705692,0,773,51,,https://sra-downloadb.be-md.ncbi.nlm.nih.gov/sos3/sra-pub-run-21/SRR11637342/SRR11637342.1,SRX8201047,E0152_BC03,AMPLICON,RT-PCR,VIRAL RNA,SINGLE,0,0,OXFORD_NANOPORE,MinION,SRP258998,PRJNA610248,,610248,SRS6559187,SAMN14765008,simple,2697049,Severe acute respiratory syndrome coronavirus 2,P200598,,,,,,,no,,,,,CDC-PDD,SRA1070184,,public,57BB9066A2053D009E75E77EACF4A9BF,AD45B3A98C3BCA61C093FA8DD1456ABB
SRR11637331,2020-04-28 22:04:43,2020-04-28 18:36:27,145964,111736235,0,765,98,,https://sra-downloadb.be-md.ncbi.nlm.nih.gov/sos3/sra-pub-run-19/SRR11637331/SRR11637331.1,SRX8201058,E0152_BC04,AMPLICON,RT-PCR,VIRAL RNA,SINGLE,0,0,OXFORD_NANOPORE,MinION,SRP258998,PRJNA610248,,610248,SRS6559198,SAMN14765009,simple,2697049,Severe acute respiratory syndrome coronavirus 2,P200599,,,,,,,no,,,,,CDC-PDD,SRA1070184,,public,2587CA8AEBB8C465CB3EE0FE0E40B9F7,2319312DC50757FC2F86815CC46FC540
SRR11637320,2020-04-28 22:04:43,2020-04-28 18:36:21,122605,104623640,0,853,92,,https://sra-downloadb.be-md.ncbi.nlm.nih.gov/sos3/sra-pub-run-21/SRR11637320/SRR11637320.1,SRX8201069,E0152_BC05,AMPLICON,RT-PCR,VIRAL RNA,SINGLE,0,0,OXFORD_NANOPORE,MinION,SRP258998,PRJNA610248,,610248,SRS6559209,SAMN14765010,simple,2697049,Severe acute respiratory syndrome coronavirus 2,P200600,,,,,,,no,,,,,CDC-PDD,SRA1070184,,public,5208B4B092786E4B0A394108F467804A,3801D85009E659E50A6CA499B4D84881
SRR11637309,2020-04-28 22:04:44,2020-04-28 18:36:30,100910,85521157,0,847,75,,https://sra-downloadb.be-md.ncbi.nlm.nih.gov/sos3/sra-pub-run-21/SRR11637309/SRR11637309.1,SRX8201080,E0152_BC06,AMPLICON,RT-PCR,VIRAL RNA,SINGLE,0,0,OXFORD_NANOPORE,MinION,SRP258998,PRJNA610248,,610248,SRS6559219,SAMN14765011,simple,2697049,Severe acute respiratory syndrome coronavirus 2,P200601,,,,,,,no,,,,,CDC-PDD,SRA1070184,,public,0C81BB5CB1086809C9B518D1C360317A,41663D9B80526E2679F6276BC8FBC07E
SRR11637298,2020-04-28 22:04:44,2020-04-28 18:36:19,112232,87142452,0,776,77,,https://sra-downloadb.be-md.ncbi.nlm.nih.gov/sos3/sra-pub-run-21/SRR11637298/SRR11637298.1,SRX8201091,E0152_BC07,AMPLICON,RT-PCR,VIRAL RNA,SINGLE,0,0,OXFORD_NANOPORE,MinION,SRP258998,PRJNA610248,,610248,SRS6559227,SAMN14765012,simple,2697049,Severe acute respiratory syndrome coronavirus 2,P200602,,,,,,,no,,,,,CDC-PDD,SRA1070184,,public,3FE4D505160EF10F849BDBDB845E4FDB,19CB50AA3CE1EDB5BBFFF75A6211BFC7
SRR11637350,2020-04-28 22:04:43,2020-04-28 18:38:19,138295,106648006,0,771,94,,https://sra-downloadb.be-md.ncbi.nlm.nih.gov/sos3/sra-pub-run-20/SRR11637350/SRR11637350.1,SRX8201039,E0152_BC11,AMPLICON,RT-PCR,VIRAL RNA,SINGLE,0,0,OXFORD_NANOPORE,MinION,SRP258998,PRJNA610248,,610248,SRS6559179,SAMN14765016,simple,2697049,Severe acute respiratory syndrome coronavirus 2,P200606,,,,,,,no,,,,,CDC-PDD,SRA1070184,,public,C3C8434D11DAA698C7DCCA33212F4A55,CFC12F9A1065D673C4AAC561C7325BE4
SRR11637348,2020-04-28 22:04:43,2020-04-28 18:40:09,170279,135511186,0,795,120,,https://sra-downloadb.be-md.ncbi.nlm.nih.gov/sos3/sra-pub-run-21/SRR11637348/SRR11637348.1,SRX8201041,E0152_BC19,AMPLICON,RT-PCR,VIRAL RNA,SINGLE,0,0,OXFORD_NANOPORE,MinION,SRP258998,PRJNA610248,,610248,SRS6559181,SAMN14765022,simple,2697049,Severe acute respiratory syndrome coronavirus 2,P200614,,,,,,,no,,,,,CDC-PDD,SRA1070184,,public,8671AC138DF8E9E70B995DCE24A8E050,A5B7A6A2FF8D89773AD40DB26FB382E0
SRR11637345,2020-04-28 22:04:43,2020-04-28 18:37:13,111015,105893861,0,953,93,,https://sra-downloadb.be-md.ncbi.nlm.nih.gov/sos3/sra-pub-run-19/SRR11637345/SRR11637345.1,SRX8201044,E0152_BC20,AMPLICON,RT-PCR,VIRAL RNA,SINGLE,0,0,OXFORD_NANOPORE,MinION,SRP258998,PRJNA610248,,610248,SRS6559184,SAMN14765023,simple,2697049,Severe acute respiratory syndrome coronavirus 2,P200615,,,,,,,no,,,,,CDC-PDD,SRA1070184,,public,9F8382653950F626784FF732A83E3932,C1F27EBF56FA62B0FDB8FF5C84E82F0D
SRR11637344,2020-04-28 22:04:43,2020-04-28 18:40:07,104317,83641458,0,801,74,,https://sra-downloadb.be-md.ncbi.nlm.nih.gov/sos3/sra-pub-run-21/SRR11637344/SRR11637344.1,SRX8201045,E0152_BC21,AMPLICON,RT-PCR,VIRAL RNA,SINGLE,0,0,OXFORD_NANOPORE,MinION,SRP258998,PRJNA610248,,610248,SRS6559185,SAMN14765024,simple,2697049,Severe acute respiratory syndrome coronavirus 2,P200616,,,,,,,no,,,,,CDC-PDD,SRA1070184,,public,01F60F93A0FBE8125663B98FF5FB4B8A,279F3B2779E2E07C5EA908707B228C2D
SRR11637343,2020-04-28 22:04:43,2020-04-28 18:40:10,138864,109515219,0,788,97,,https://sra-downloadb.be-md.ncbi.nlm.nih.gov/sos3/sra-pub-run-19/SRR11637343/SRR11637343.1,SRX8201046,E0152_BC22,AMPLICON,RT-PCR,VIRAL RNA,SINGLE,0,0,OXFORD_NANOPORE,MinION,SRP258998,PRJNA610248,,610248,SRS6559186,SAMN14765025,simple,2697049,Severe acute respiratory syndrome coronavirus 2,P200617,,,,,,,no,,,,,CDC-PDD,SRA1070184,,public,041E52C93BCFC5FE39F36946E9460D48,0A1E24BE4757D571501B2B95799F86F0
SRR11637341,2020-04-28 22:04:43,2020-04-28 18:40:09,132798,105011432,0,790,92,,https://sra-downloadb.be-md.ncbi.nlm.nih.gov/sos3/sra-pub-run-20/SRR11637341/SRR11637341.1,SRX8201048,E0152_BC23,AMPLICON,RT-PCR,VIRAL RNA,SINGLE,0,0,OXFORD_NANOPORE,MinION,SRP258998,PRJNA610248,,610248,SRS6559188,SAMN14765026,simple,2697049,Severe acute respiratory syndrome coronavirus 2,P200618,,,,,,,no,,,,,CDC-PDD,SRA1070184,,public,758B6D6FB5A0D5E2541B08BE341E11A3,8341D0682D37F64CC27E9AA303529022
SRR11637340,2020-04-28 22:04:43,2020-04-28 18:38:19,134637,106397293,0,790,94,,https://sra-downloadb.st-va.ncbi.nlm.nih.gov/sos1/sra-pub-run-14/SRR11637340/SRR11637340.1,SRX8201049,E0152_BC24,AMPLICON,RT-PCR,VIRAL RNA,SINGLE,0,0,OXFORD_NANOPORE,MinION,SRP258998,PRJNA610248,,610248,SRS6559189,SAMN14765027,simple,2697049,Severe acute respiratory syndrome coronavirus 2,P200619,,,,,,,no,,,,,CDC-PDD,SRA1070184,,public,1265514445344A13B343473E65D79042,EC8953C61F743A11FAFEC0B52FBC8569

