Run,ReleaseDate,LoadDate,spots,bases,spots_with_mates,avgLength,size_MB,AssemblyName,download_path,Experiment,LibraryName,LibraryStrategy,LibrarySelection,LibrarySource,LibraryLayout,InsertSize,InsertDev,Platform,Model,SRAStudy,BioProject,Study_Pubmed_id,ProjectID,Sample,BioSample,SampleType,TaxID,ScientificName,SampleName,g1k_pop_code,source,g1k_analysis_group,Subject_ID,Sex,Disease,Tumor,Affection_Status,Analyte_Type,Histological_Type,Body_Site,CenterName,Submission,dbgap_study_accession,Consent,RunHash,ReadHash
SRR11483112,2020-04-05 13:23:33,2020-04-05 13:18:48,267093,129885904,0,486,113,,https://sra-downloadb.be-md.ncbi.nlm.nih.gov/sos3/sra-pub-run-21/SRR11483112/SRR11483112.1,SRX8059239,ncov2019_run3_Mar18_NB13,WGS,PCR,VIRAL RNA,SINGLE,0,0,OXFORD_NANOPORE,MinION,SRP255253,PRJNA614976,,614976,SRS6428186,SAMN14442735,simple,2697049,Severe acute respiratory syndrome coronavirus 2,hCoV-19/USA/CT-Yale-001/2020,,,,,,,no,,,,,YALE SCHOOL OF PUBLIC HEALTH,SRA1062401,,public,32E55CE987E1477990CB012A374DF9DA,09B3C8FB408F8327FA6AD1332A7BB27E
SRR11483111,2020-04-05 13:23:33,2020-04-05 13:18:54,128061,62681473,0,489,55,,https://sra-downloadb.be-md.ncbi.nlm.nih.gov/sos3/sra-pub-run-19/SRR11483111/SRR11483111.1,SRX8059240,ncov2019_run4_Mar19_NB14,WGS,PCR,VIRAL RNA,SINGLE,0,0,OXFORD_NANOPORE,MinION,SRP255253,PRJNA614976,,614976,SRS6428187,SAMN14533860,simple,2697049,Severe acute respiratory syndrome coronavirus 2,hCoV-19/USA/CT-Yale-002/2020,,,,,,,no,,,,,YALE SCHOOL OF PUBLIC HEALTH,SRA1062401,,public,4B4FD463D4DA0C8AA3D45FA727923ECA,11BBD1CA10182C5F5681701EC7796C37
SRR11483110,2020-04-05 13:18:29,2020-04-05 13:15:12,133879,65021299,0,485,57,,https://sra-downloadb.be-md.ncbi.nlm.nih.gov/sos3/sra-pub-run-20/SRR11483110/SRR11483110.1,SRX8059241,ncov2019_run3_Mar18_NB15,WGS,PCR,VIRAL RNA,SINGLE,0,0,OXFORD_NANOPORE,MinION,SRP255253,PRJNA614976,,614976,SRS6428188,SAMN14533861,simple,2697049,Severe acute respiratory syndrome coronavirus 2,hCoV-19/USA/CT-Yale-003/2020,,,,,,,no,,,,,YALE SCHOOL OF PUBLIC HEALTH,SRA1062401,,public,22D64B9F91D1BFE32E29A94F3BD5E457,C2017CF6F7C7277D7F5B61763EB85283
SRR11483109,2020-04-05 13:19:12,2020-04-05 13:15:58,108767,53246322,0,489,46,,https://sra-downloadb.be-md.ncbi.nlm.nih.gov/sos3/sra-pub-run-19/SRR11483109/SRR11483109.1,SRX8059242,ncov2019_run4_Mar19_NB17,WGS,PCR,VIRAL RNA,SINGLE,0,0,OXFORD_NANOPORE,MinION,SRP255253,PRJNA614976,,614976,SRS6428189,SAMN14533862,simple,2697049,Severe acute respiratory syndrome coronavirus 2,hCoV-19/USA/CT-Yale-005/2020,,,,,,,no,,,,,YALE SCHOOL OF PUBLIC HEALTH,SRA1062401,,public,4B11D6F5853861B0A4A06D0C10CC5AE5,9E16BEA54E0814EB25770456214C8B87
SRR11483108,2020-04-05 13:19:12,2020-04-05 13:16:50,111031,54374406,0,489,47,,https://sra-downloadb.be-md.ncbi.nlm.nih.gov/sos3/sra-pub-run-21/SRR11483108/SRR11483108.1,SRX8059243,ncov2019_run4_Mar19_NB18,WGS,PCR,VIRAL RNA,SINGLE,0,0,OXFORD_NANOPORE,MinION,SRP255253,PRJNA614976,,614976,SRS6428190,SAMN14533863,simple,2697049,Severe acute respiratory syndrome coronavirus 2,hCoV-19/USA/CT-Yale-006/2020,,,,,,,no,,,,,YALE SCHOOL OF PUBLIC HEALTH,SRA1062401,,public,31F172B95BE2E569FA5FC61FF864DD61,B941EAC2BC6957093B0E8D06E72A1CB6
SRR11483107,2020-04-05 13:18:29,2020-04-05 13:14:50,118501,58004114,0,489,50,,https://sra-downloadb.be-md.ncbi.nlm.nih.gov/sos3/sra-pub-run-19/SRR11483107/SRR11483107.1,SRX8059244,ncov2019_run4_Mar19_NB19,WGS,PCR,VIRAL RNA,SINGLE,0,0,OXFORD_NANOPORE,MinION,SRP255253,PRJNA614976,,614976,SRS6428191,SAMN14533864,simple,2697049,Severe acute respiratory syndrome coronavirus 2,hCoV-19/USA/CT-Yale-007/2020,,,,,,,no,,,,,YALE SCHOOL OF PUBLIC HEALTH,SRA1062401,,public,3B1D3FD2DFF66CC5BD1C1780117A2C33,7BB5ADAA1CFDF9FD2A1AA7EAA808CC22
SRR11483106,2020-04-05 13:18:29,2020-04-05 13:13:07,191870,93421728,0,486,81,,https://sra-downloadb.be-md.ncbi.nlm.nih.gov/sos3/sra-pub-run-20/SRR11483106/SRR11483106.1,SRX8059245,ncov2019_run3_Mar18_NB20,WGS,PCR,VIRAL RNA,SINGLE,0,0,OXFORD_NANOPORE,MinION,SRP255253,PRJNA614976,,614976,SRS6428192,SAMN14533865,simple,2697049,Severe acute respiratory syndrome coronavirus 2,hCoV-19/USA/CT-Yale-008/2020,,,,,,,no,,,,,YALE SCHOOL OF PUBLIC HEALTH,SRA1062401,,public,7F1CE28FD39E750730CBA1AFD3D51AA1,B13D9EE53B64FBEE617CA066030C86B8
SRR11483105,2020-04-05 13:18:29,2020-04-05 13:14:10,122593,60023988,0,489,52,,https://sra-downloadb.be-md.ncbi.nlm.nih.gov/sos3/sra-pub-run-21/SRR11483105/SRR11483105.1,SRX8059246,ncov2019_run4_Mar19_NB21,WGS,PCR,VIRAL RNA,SINGLE,0,0,OXFORD_NANOPORE,MinION,SRP255253,PRJNA614976,,614976,SRS6428193,SAMN14533866,simple,2697049,Severe acute respiratory syndrome coronavirus 2,hCoV-19/USA/CT-Yale-009/2020,,,,,,,no,,,,,YALE SCHOOL OF PUBLIC HEALTH,SRA1062401,,public,36FE223EBA3B6566AF93D84392E10B4C,5C3CBBEC37CDD8FD132B61906E11451E
SRR11483104,2020-04-05 13:29:27,2020-04-05 13:24:13,601571,293377435,0,487,257,,https://sra-downloadb.be-md.ncbi.nlm.nih.gov/sos3/sra-pub-run-19/SRR11483104/SRR11483104.1,SRX8059247,ncov2019_run3_Mar18_NB22,WGS,PCR,VIRAL RNA,SINGLE,0,0,OXFORD_NANOPORE,MinION,SRP255253,PRJNA614976,,614976,SRS6428194,SAMN14533867,simple,2697049,Severe acute respiratory syndrome coronavirus 2,hCoV-19/USA/CT-Yale-010/2020,,,,,,,no,,,,,YALE SCHOOL OF PUBLIC HEALTH,SRA1062401,,public,5728147113F5ED585E1BEF48013FA81E,45AD63F3B78C83D79EA636E9B23FD82F
SRR11648056,2020-04-29 20:43:51,2020-04-29 20:41:24,157805,76494146,0,484,67,,https://sra-downloadb.be-md.ncbi.nlm.nih.gov/sos3/sra-pub-run-21/SRR11648056/SRR11648056.1,SRX8209139,ncov2019_run8_Apr1_NB01,AMPLICON,PCR,VIRAL RNA,SINGLE,0,0,OXFORD_NANOPORE,MinION,SRP255253,PRJNA614976,,614976,SRS6569392,SAMN14603684,simple,2697049,Severe acute respiratory syndrome coronavirus 2,hCoV-19/USA/CT-Yale-011/2020,,,,,,,no,,,,,YALE SCHOOL OF PUBLIC HEALTH,SRA1070470,,public,AC32C06F8FCA828163D5518BFC8326D2,076AC7E83986145E3AE9A196F7417E9A
SRR11648055,2020-04-29 20:43:51,2020-04-29 20:41:07,234721,113829166,0,484,99,,https://sra-downloadb.be-md.ncbi.nlm.nih.gov/sos2/sra-pub-run-13/SRR11648055/SRR11648055.1,SRX8209140,ncov2019_run8_Apr1_NB02,AMPLICON,PCR,VIRAL RNA,SINGLE,0,0,OXFORD_NANOPORE,MinION,SRP255253,PRJNA614976,,614976,SRS6569393,SAMN14603685,simple,2697049,Severe acute respiratory syndrome coronavirus 2,hCoV-19/USA/CT-Yale-012/2020,,,,,,,no,,,,,YALE SCHOOL OF PUBLIC HEALTH,SRA1070470,,public,9C6C3D71A516CE73834930A4453FA261,0030D67030B7EBF7BDFB5E2C0D3A86C1
SRR11648044,2020-04-29 20:43:51,2020-04-29 20:41:02,241513,117509402,0,486,103,,https://sra-downloadb.be-md.ncbi.nlm.nih.gov/sos3/sra-pub-run-20/SRR11648044/SRR11648044.1,SRX8209151,ncov2019_run7_Mar30_NB09,AMPLICON,PCR,VIRAL RNA,SINGLE,0,0,OXFORD_NANOPORE,MinION,SRP255253,PRJNA614976,,614976,SRS6569404,SAMN14603686,simple,2697049,Severe acute respiratory syndrome coronavirus 2,hCoV-19/USA/CT-Yale-013/2020,,,,,,,no,,,,,YALE SCHOOL OF PUBLIC HEALTH,SRA1070470,,public,3FD8C2732123DDA99587556F1E0C34F9,679C996711699F4A610EE0D92A0C338D
SRR11648033,2020-04-29 20:43:51,2020-04-29 20:41:07,190933,92583154,0,484,81,,https://sra-downloadb.be-md.ncbi.nlm.nih.gov/sos3/sra-pub-run-21/SRR11648033/SRR11648033.1,SRX8209162,ncov2019_run7_Mar30_NB10,AMPLICON,PCR,VIRAL RNA,SINGLE,0,0,OXFORD_NANOPORE,MinION,SRP255253,PRJNA614976,,614976,SRS6569415,SAMN14603687,simple,2697049,Severe acute respiratory syndrome coronavirus 2,hCoV-19/USA/CT-Yale-014/2020,,,,,,,no,,,,,YALE SCHOOL OF PUBLIC HEALTH,SRA1070470,,public,F2B01AA08CE783FAE34C97E7757CE76B,8A98E9EBB760622526B9302AA85FC1BF
SRR11648022,2020-04-29 20:43:52,2020-04-29 20:40:56,211081,102245904,0,484,89,,https://sra-downloadb.be-md.ncbi.nlm.nih.gov/sos3/sra-pub-run-19/SRR11648022/SRR11648022.1,SRX8209173,ncov2019_run7_Mar30_NB11,AMPLICON,PCR,VIRAL RNA,SINGLE,0,0,OXFORD_NANOPORE,MinION,SRP255253,PRJNA614976,,614976,SRS6569426,SAMN14603688,simple,2697049,Severe acute respiratory syndrome coronavirus 2,hCoV-19/USA/CT-Yale-016/2020,,,,,,,no,,,,,YALE SCHOOL OF PUBLIC HEALTH,SRA1070470,,public,4EF640A0CD281D99C9435BDD78C7405B,04DA01CB828AED6F0D24F7E2A216E9C4
SRR11648011,2020-04-29 20:43:52,2020-04-29 20:40:58,145197,70429464,0,485,61,,https://sra-downloadb.be-md.ncbi.nlm.nih.gov/sos3/sra-pub-run-20/SRR11648011/SRR11648011.1,SRX8209184,ncov2019_run7_Mar30_NB12,AMPLICON,PCR,VIRAL RNA,SINGLE,0,0,OXFORD_NANOPORE,MinION,SRP255253,PRJNA614976,,614976,SRS6569437,SAMN14603689,simple,2697049,Severe acute respiratory syndrome coronavirus 2,hCoV-19/USA/CT-Yale-017/2020,,,,,,,no,,,,,YALE SCHOOL OF PUBLIC HEALTH,SRA1070470,,public,0B6A33B5ADBF8471E26E21F06EE83939,F2FDB0A3598827C85CF3CBAA27AB3549
SRR11648000,2020-04-29 20:43:52,2020-04-29 20:40:54,181587,88041129,0,484,77,,https://sra-downloadb.be-md.ncbi.nlm.nih.gov/sos3/sra-pub-run-20/SRR11648000/SRR11648000.1,SRX8209195,ncov2019_run8_Apr1_NB03,AMPLICON,PCR,VIRAL RNA,SINGLE,0,0,OXFORD_NANOPORE,MinION,SRP255253,PRJNA614976,,614976,SRS6569448,SAMN14603690,simple,2697049,Severe acute respiratory syndrome coronavirus 2,hCoV-19/USA/CT-Yale-018/2020,,,,,,,no,,,,,YALE SCHOOL OF PUBLIC HEALTH,SRA1070470,,public,9614C37632215D9D48112863CD740FA7,A3F1A5B7C8B357D508D939856260A27E
SRR11647999,2020-04-29 20:43:52,2020-04-29 20:40:52,330039,160022077,0,484,140,,https://sra-downloadb.be-md.ncbi.nlm.nih.gov/sos3/sra-pub-run-19/SRR11647999/SRR11647999.1,SRX8209196,ncov2019_run7_Mar30_NB13,AMPLICON,PCR,VIRAL RNA,SINGLE,0,0,OXFORD_NANOPORE,MinION,SRP255253,PRJNA614976,,614976,SRS6569449,SAMN14603691,simple,2697049,Severe acute respiratory syndrome coronavirus 2,hCoV-19/USA/CT-Yale-019/2020,,,,,,,no,,,,,YALE SCHOOL OF PUBLIC HEALTH,SRA1070470,,public,B6618712ECD1D806552E0CE08ECFD58D,5FAF6F7B3D89C0A374943D625BE8E61B
SRR11647998,2020-04-29 20:43:52,2020-04-29 20:40:52,347812,168247849,0,483,147,,https://sra-downloadb.be-md.ncbi.nlm.nih.gov/sos3/sra-pub-run-19/SRR11647998/SRR11647998.1,SRX8209197,ncov2019_run8_Apr1_NB04,AMPLICON,PCR,VIRAL RNA,SINGLE,0,0,OXFORD_NANOPORE,MinION,SRP255253,PRJNA614976,,614976,SRS6569450,SAMN14603692,simple,2697049,Severe acute respiratory syndrome coronavirus 2,hCoV-19/USA/CT-Yale-020/2020,,,,,,,no,,,,,YALE SCHOOL OF PUBLIC HEALTH,SRA1070470,,public,7BA0BB1D5B891E8785B3A46783A1F89D,789AAE85F5BBADFB2E6283A4CD2605D3
SRR11647997,2020-04-29 20:43:52,2020-04-29 20:40:54,338705,164001306,0,484,143,,https://sra-downloadb.be-md.ncbi.nlm.nih.gov/sos3/sra-pub-run-19/SRR11647997/SRR11647997.1,SRX8209198,ncov2019_run8_Apr1_NB05,AMPLICON,PCR,VIRAL RNA,SINGLE,0,0,OXFORD_NANOPORE,MinION,SRP255253,PRJNA614976,,614976,SRS6569451,SAMN14603693,simple,2697049,Severe acute respiratory syndrome coronavirus 2,hCoV-19/USA/CT-Yale-021/2020,,,,,,,no,,,,,YALE SCHOOL OF PUBLIC HEALTH,SRA1070470,,public,098E974F5D7610D2F000F8DB76D2D716,90741CC2F514301BAB86EC3029809B8D
SRR11648053,2020-04-29 20:43:51,2020-04-29 20:41:03,244447,118216371,0,483,103,,https://sra-downloadb.be-md.ncbi.nlm.nih.gov/sos3/sra-pub-run-20/SRR11648053/SRR11648053.1,SRX8209142,ncov2019_run8_Apr1_NB07,AMPLICON,PCR,VIRAL RNA,SINGLE,0,0,OXFORD_NANOPORE,MinION,SRP255253,PRJNA614976,,614976,SRS6569395,SAMN14603695,simple,2697049,Severe acute respiratory syndrome coronavirus 2,hCoV-19/USA/CT-Yale-023/2020,,,,,,,no,,,,,YALE SCHOOL OF PUBLIC HEALTH,SRA1070470,,public,34F374699D077FCB8C10B061CC97602C,A65ACCA6A4CBC504FFD8530C83941B24
SRR11648052,2020-04-29 20:43:51,2020-04-29 20:41:04,260323,126153197,0,484,110,,https://sra-downloadb.be-md.ncbi.nlm.nih.gov/sos3/sra-pub-run-21/SRR11648052/SRR11648052.1,SRX8209143,ncov2019_run8_Apr1_NB08,AMPLICON,PCR,VIRAL RNA,SINGLE,0,0,OXFORD_NANOPORE,MinION,SRP255253,PRJNA614976,,614976,SRS6569396,SAMN14603696,simple,2697049,Severe acute respiratory syndrome coronavirus 2,hCoV-19/USA/CT-Yale-024/2020,,,,,,,no,,,,,YALE SCHOOL OF PUBLIC HEALTH,SRA1070470,,public,95C7E38269B772D022F853C25CD87CED,46D48606A91B658E90C907805EF482A8
SRR11648049,2020-04-29 20:43:51,2020-04-29 20:41:05,308579,149416946,0,484,130,,https://sra-downloadb.be-md.ncbi.nlm.nih.gov/sos3/sra-pub-run-19/SRR11648049/SRR11648049.1,SRX8209146,ncov2019_run8_Apr1_NB11,AMPLICON,PCR,VIRAL RNA,SINGLE,0,0,OXFORD_NANOPORE,MinION,SRP255253,PRJNA614976,,614976,SRS6569399,SAMN14603699,simple,2697049,Severe acute respiratory syndrome coronavirus 2,hCoV-19/USA/CT-Yale-027/2020,,,,,,,no,,,,,YALE SCHOOL OF PUBLIC HEALTH,SRA1070470,,public,D80FB3DF97F610E83394448B342461C8,EA9EE4E25C7D96DD16BE956093B34D0B
SRR11648048,2020-04-29 20:43:51,2020-04-29 20:41:02,180428,87581649,0,485,76,,https://sra-downloadb.be-md.ncbi.nlm.nih.gov/sos3/sra-pub-run-21/SRR11648048/SRR11648048.1,SRX8209147,ncov2019_run7_Mar30_NB14,AMPLICON,PCR,VIRAL RNA,SINGLE,0,0,OXFORD_NANOPORE,MinION,SRP255253,PRJNA614976,,614976,SRS6569400,SAMN14603700,simple,2697049,Severe acute respiratory syndrome coronavirus 2,hCoV-19/USA/CT-Yale-028/2020,,,,,,,no,,,,,YALE SCHOOL OF PUBLIC HEALTH,SRA1070470,,public,6642D75C16BAAFA3968D6D975DC1A360,3C5B9F0947E4F2DEAEC0553FD7233837
SRR11648047,2020-04-29 20:43:51,2020-04-29 20:40:59,201433,97651444,0,484,85,,https://sra-downloadb.be-md.ncbi.nlm.nih.gov/sos3/sra-pub-run-19/SRR11648047/SRR11648047.1,SRX8209148,ncov2019_run7_Mar30_NB15,AMPLICON,PCR,VIRAL RNA,SINGLE,0,0,OXFORD_NANOPORE,MinION,SRP255253,PRJNA614976,,614976,SRS6569401,SAMN14603701,simple,2697049,Severe acute respiratory syndrome coronavirus 2,hCoV-19/USA/CT-Yale-029/2020,,,,,,,no,,,,,YALE SCHOOL OF PUBLIC HEALTH,SRA1070470,,public,D7654D13EF51A82CDC23603195642DB9,E1E35651945E1B74CB8842DDC73015F6
SRR11648045,2020-04-29 20:43:51,2020-04-29 20:41:25,180512,87437823,0,484,76,,https://sra-downloadb.be-md.ncbi.nlm.nih.gov/sos3/sra-pub-run-19/SRR11648045/SRR11648045.1,SRX8209150,ncov2019_run8_Apr1_NB12,AMPLICON,PCR,VIRAL RNA,SINGLE,0,0,OXFORD_NANOPORE,MinION,SRP255253,PRJNA614976,,614976,SRS6569403,SAMN14603703,simple,2697049,Severe acute respiratory syndrome coronavirus 2,hCoV-19/USA/CT-Yale-031/2020,,,,,,,no,,,,,YALE SCHOOL OF PUBLIC HEALTH,SRA1070470,,public,159E26A512F89DA6AC9BA3AE93D6066B,4E2F082DE58052E2024427F9A758C7CE
SRR11648043,2020-04-29 20:43:51,2020-04-29 20:40:55,150139,72893760,0,485,63,,https://sra-downloadb.be-md.ncbi.nlm.nih.gov/sos3/sra-pub-run-19/SRR11648043/SRR11648043.1,SRX8209152,ncov2019_run9_Apr4_NB01,AMPLICON,PCR,VIRAL RNA,SINGLE,0,0,OXFORD_NANOPORE,MinION,SRP255253,PRJNA614976,,614976,SRS6569405,SAMN14603704,simple,2697049,Severe acute respiratory syndrome coronavirus 2,hCoV-19/USA/CT-Yale-032/2020,,,,,,,no,,,,,YALE SCHOOL OF PUBLIC HEALTH,SRA1070470,,public,9C58F066BA91FCB078C2CD2892232FFC,524044D810B5199B5C3F55A75EA48243
SRR11648042,2020-04-29 20:43:51,2020-04-29 20:41:10,235448,114195972,0,485,100,,https://sra-downloadb.be-md.ncbi.nlm.nih.gov/sos3/sra-pub-run-19/SRR11648042/SRR11648042.1,SRX8209153,ncov2019_run9_Apr4_NB02,AMPLICON,PCR,VIRAL RNA,SINGLE,0,0,OXFORD_NANOPORE,MinION,SRP255253,PRJNA614976,,614976,SRS6569406,SAMN14603705,simple,2697049,Severe acute respiratory syndrome coronavirus 2,hCoV-19/USA/CT-Yale-033/2020,,,,,,,no,,,,,YALE SCHOOL OF PUBLIC HEALTH,SRA1070470,,public,825407667360C4D4966EE9E257D4B56D,A060EA6B4EEA4C78B12E0AE15B3A8DAF
SRR11648041,2020-04-29 20:43:51,2020-04-29 20:41:03,267554,129945617,0,485,113,,https://sra-downloadb.be-md.ncbi.nlm.nih.gov/sos3/sra-pub-run-21/SRR11648041/SRR11648041.1,SRX8209154,ncov2019_run7_Mar30_NB17,AMPLICON,PCR,VIRAL RNA,SINGLE,0,0,OXFORD_NANOPORE,MinION,SRP255253,PRJNA614976,,614976,SRS6569407,SAMN14603706,simple,2697049,Severe acute respiratory syndrome coronavirus 2,hCoV-19/USA/CT-Yale-034/2020,,,,,,,no,,,,,YALE SCHOOL OF PUBLIC HEALTH,SRA1070470,,public,EC59473FA96FB08F4118EDECE3134F33,CBCF1275C966171EC2723C5FE1190DDA
SRR11648040,2020-04-29 20:43:51,2020-04-29 20:41:12,204061,98892288,0,484,86,,https://sra-downloadb.be-md.ncbi.nlm.nih.gov/sos3/sra-pub-run-19/SRR11648040/SRR11648040.1,SRX8209155,ncov2019_run8_Apr1_NB13,AMPLICON,PCR,VIRAL RNA,SINGLE,0,0,OXFORD_NANOPORE,MinION,SRP255253,PRJNA614976,,614976,SRS6569408,SAMN14603707,simple,2697049,Severe acute respiratory syndrome coronavirus 2,hCoV-19/USA/CT-Yale-035/2020,,,,,,,no,,,,,YALE SCHOOL OF PUBLIC HEALTH,SRA1070470,,public,CA74CD43032F950F5EB27B5BD20C7541,8B38AAD4A2B6317489D4C73E943CA0A7
SRR11648039,2020-04-29 20:43:51,2020-04-29 20:41:06,342356,166118468,0,485,145,,https://sra-downloadb.be-md.ncbi.nlm.nih.gov/sos3/sra-pub-run-21/SRR11648039/SRR11648039.1,SRX8209156,ncov2019_run7_Mar30_NB18,AMPLICON,PCR,VIRAL RNA,SINGLE,0,0,OXFORD_NANOPORE,MinION,SRP255253,PRJNA614976,,614976,SRS6569409,SAMN14603708,simple,2697049,Severe acute respiratory syndrome coronavirus 2,hCoV-19/USA/CT-Yale-036/2020,,,,,,,no,,,,,YALE SCHOOL OF PUBLIC HEALTH,SRA1070470,,public,35B6177B8BC49BC007F76FA4264836C6,BD408EF992B1B8C06E7B549C957950D9
SRR11648038,2020-04-29 20:43:51,2020-04-29 20:41:04,324358,157264487,0,484,137,,https://sra-downloadb.be-md.ncbi.nlm.nih.gov/sos3/sra-pub-run-19/SRR11648038/SRR11648038.1,SRX8209157,ncov2019_run7_Mar30_NB19,AMPLICON,PCR,VIRAL RNA,SINGLE,0,0,OXFORD_NANOPORE,MinION,SRP255253,PRJNA614976,,614976,SRS6569410,SAMN14603709,simple,2697049,Severe acute respiratory syndrome coronavirus 2,hCoV-19/USA/CT-Yale-037/2020,,,,,,,no,,,,,YALE SCHOOL OF PUBLIC HEALTH,SRA1070470,,public,4997CEFE2A8F6278211AD3ACA3F05D82,D950A6206557DB2779FE6C16CE636752
SRR11648037,2020-04-29 20:43:51,2020-04-29 20:41:01,313418,152281004,0,485,133,,https://sra-downloadb.be-md.ncbi.nlm.nih.gov/sos3/sra-pub-run-21/SRR11648037/SRR11648037.1,SRX8209158,ncov2019_run9_Apr4_NB21,AMPLICON,PCR,VIRAL RNA,SINGLE,0,0,OXFORD_NANOPORE,MinION,SRP255253,PRJNA614976,,614976,SRS6569411,SAMN14603710,simple,2697049,Severe acute respiratory syndrome coronavirus 2,hCoV-19/USA/CT-Yale-038/2020,,,,,,,no,,,,,YALE SCHOOL OF PUBLIC HEALTH,SRA1070470,,public,8C58584BB1473FE4132F831A05418371,DA321A6440946136D1D65BA1A96678E6
SRR11648036,2020-04-29 20:43:51,2020-04-29 20:41:05,362200,175892758,0,485,153,,https://sra-downloadb.be-md.ncbi.nlm.nih.gov/sos3/sra-pub-run-21/SRR11648036/SRR11648036.1,SRX8209159,ncov2019_run7_Mar30_NB21,AMPLICON,PCR,VIRAL RNA,SINGLE,0,0,OXFORD_NANOPORE,MinION,SRP255253,PRJNA614976,,614976,SRS6569412,SAMN14603711,simple,2697049,Severe acute respiratory syndrome coronavirus 2,hCoV-19/USA/CT-Yale-039/2020,,,,,,,no,,,,,YALE SCHOOL OF PUBLIC HEALTH,SRA1070470,,public,7D0EDE8C8D0EE727E6AF1BBDCC679CF0,2C251E7D55DD208A77C6D50106015A44
SRR11648035,2020-04-29 20:43:51,2020-04-29 20:41:05,361289,175604628,0,486,153,,https://sra-downloadb.be-md.ncbi.nlm.nih.gov/sos3/sra-pub-run-20/SRR11648035/SRR11648035.1,SRX8209160,ncov2019_run7_Mar30_NB22,AMPLICON,PCR,VIRAL RNA,SINGLE,0,0,OXFORD_NANOPORE,MinION,SRP255253,PRJNA614976,,614976,SRS6569413,SAMN14603712,simple,2697049,Severe acute respiratory syndrome coronavirus 2,hCoV-19/USA/CT-Yale-040/2020,,,,,,,no,,,,,YALE SCHOOL OF PUBLIC HEALTH,SRA1070470,,public,088541BBA57BDCA0492072F46F040581,28BB91AE48D6D04A2FAB578F45467D9D
SRR11648034,2020-04-29 20:43:51,2020-04-29 20:41:08,340077,164959811,0,485,144,,https://sra-downloadb.be-md.ncbi.nlm.nih.gov/sos3/sra-pub-run-19/SRR11648034/SRR11648034.1,SRX8209161,ncov2019_run9_Apr4_NB03,AMPLICON,PCR,VIRAL RNA,SINGLE,0,0,OXFORD_NANOPORE,MinION,SRP255253,PRJNA614976,,614976,SRS6569414,SAMN14603713,simple,2697049,Severe acute respiratory syndrome coronavirus 2,hCoV-19/USA/CT-Yale-041/2020,,,,,,,no,,,,,YALE SCHOOL OF PUBLIC HEALTH,SRA1070470,,public,C8EF9668D224855BED4ED54067B0A79C,B620E35BE2F789D46BA99CEA1EA0D4D4
SRR11648032,2020-04-29 20:43:51,2020-04-29 20:41:01,253817,123414037,0,486,108,,https://sra-downloadb.be-md.ncbi.nlm.nih.gov/sos3/sra-pub-run-19/SRR11648032/SRR11648032.1,SRX8209163,ncov2019_run9_Apr4_NB22,AMPLICON,PCR,VIRAL RNA,SINGLE,0,0,OXFORD_NANOPORE,MinION,SRP255253,PRJNA614976,,614976,SRS6569416,SAMN14603714,simple,2697049,Severe acute respiratory syndrome coronavirus 2,hCoV-19/USA/CT-Yale-042/2020,,,,,,,no,,,,,YALE SCHOOL OF PUBLIC HEALTH,SRA1070470,,public,2B5807793AED264E1BBC53DB521B173C,C5CBB195DD4A226B6B280591CCC585EB
SRR11648031,2020-04-29 20:43:52,2020-04-29 20:41:02,289837,140658618,0,485,123,,https://sra-downloadb.be-md.ncbi.nlm.nih.gov/sos3/sra-pub-run-19/SRR11648031/SRR11648031.1,SRX8209164,ncov2019_run8_Apr1_NB16,AMPLICON,PCR,VIRAL RNA,SINGLE,0,0,OXFORD_NANOPORE,MinION,SRP255253,PRJNA614976,,614976,SRS6569417,SAMN14603715,simple,2697049,Severe acute respiratory syndrome coronavirus 2,hCoV-19/USA/CT-Yale-043/2020,,,,,,,no,,,,,YALE SCHOOL OF PUBLIC HEALTH,SRA1070470,,public,62021A56B8355D7B8CFE8F87412A6E7F,3628E80DB69943AD0B6BEDCEF8C98A51
SRR11648030,2020-04-29 20:43:52,2020-04-29 20:40:59,178495,86493310,0,484,75,,https://sra-downloadb.be-md.ncbi.nlm.nih.gov/sos3/sra-pub-run-20/SRR11648030/SRR11648030.1,SRX8209165,ncov2019_run5_Mar27_NB01,AMPLICON,PCR,VIRAL RNA,SINGLE,0,0,OXFORD_NANOPORE,MinION,SRP255253,PRJNA614976,,614976,SRS6569418,SAMN14603716,simple,2697049,Severe acute respiratory syndrome coronavirus 2,hCoV-19/USA/CT-Yale-044/2020,,,,,,,no,,,,,YALE SCHOOL OF PUBLIC HEALTH,SRA1070470,,public,0BA2E1BD07BB12D660DDEB5BEBBDBD73,279B74667A76CF44344C6B6447EB356C
SRR11648029,2020-04-29 20:43:52,2020-04-29 20:40:57,192573,93454688,0,485,81,,https://sra-downloadb.be-md.ncbi.nlm.nih.gov/sos3/sra-pub-run-21/SRR11648029/SRR11648029.1,SRX8209166,ncov2019_run5_Mar27_NB02,AMPLICON,PCR,VIRAL RNA,SINGLE,0,0,OXFORD_NANOPORE,MinION,SRP255253,PRJNA614976,,614976,SRS6569419,SAMN14603717,simple,2697049,Severe acute respiratory syndrome coronavirus 2,hCoV-19/USA/CT-Yale-045/2020,,,,,,,no,,,,,YALE SCHOOL OF PUBLIC HEALTH,SRA1070470,,public,3EE612463D9AD3AB9C36DA0EC3DB9839,FF30D9B6F41F685C6C4BB3C7DEE46C57
SRR11648028,2020-04-29 20:43:52,2020-04-29 20:40:53,110398,53312697,0,482,46,,https://sra-downloadb.be-md.ncbi.nlm.nih.gov/sos3/sra-pub-run-20/SRR11648028/SRR11648028.1,SRX8209167,ncov2019_run5_Mar27_NB03,AMPLICON,PCR,VIRAL RNA,SINGLE,0,0,OXFORD_NANOPORE,MinION,SRP255253,PRJNA614976,,614976,SRS6569420,SAMN14603718,simple,2697049,Severe acute respiratory syndrome coronavirus 2,hCoV-19/USA/CT-Yale-046/2020,,,,,,,no,,,,,YALE SCHOOL OF PUBLIC HEALTH,SRA1070470,,public,2B5E15FA5487AD27F79E296DC7764514,82F23A43FFB2A4513D121428D1857765
SRR11648027,2020-04-29 20:43:52,2020-04-29 20:41:06,412190,198900175,0,482,173,,https://sra-downloadb.be-md.ncbi.nlm.nih.gov/sos3/sra-pub-run-20/SRR11648027/SRR11648027.1,SRX8209168,ncov2019_run5_Mar27_NB04,AMPLICON,PCR,VIRAL RNA,SINGLE,0,0,OXFORD_NANOPORE,MinION,SRP255253,PRJNA614976,,614976,SRS6569421,SAMN14603719,simple,2697049,Severe acute respiratory syndrome coronavirus 2,hCoV-19/USA/CT-Yale-047/2020,,,,,,,no,,,,,YALE SCHOOL OF PUBLIC HEALTH,SRA1070470,,public,4CCA34F8ABE2D3960DA0F332FE097AFB,2C9EC4A89C789B29E44763A36BA49BA5
SRR11648026,2020-04-29 20:43:52,2020-04-29 20:41:09,422229,204024232,0,483,178,,https://sra-downloadb.be-md.ncbi.nlm.nih.gov/sos3/sra-pub-run-20/SRR11648026/SRR11648026.1,SRX8209169,ncov2019_run5_Mar27_NB05,AMPLICON,PCR,VIRAL RNA,SINGLE,0,0,OXFORD_NANOPORE,MinION,SRP255253,PRJNA614976,,614976,SRS6569422,SAMN14603720,simple,2697049,Severe acute respiratory syndrome coronavirus 2,hCoV-19/USA/CT-Yale-048/2020,,,,,,,no,,,,,YALE SCHOOL OF PUBLIC HEALTH,SRA1070470,,public,C7438C1129202001FB3B681643861BC0,8641119E8E51190FE673F8663E162408
SRR11648025,2020-04-29 20:43:52,2020-04-29 20:40:53,97286,47464156,0,487,41,,https://sra-downloadb.be-md.ncbi.nlm.nih.gov/sos3/sra-pub-run-19/SRR11648025/SRR11648025.1,SRX8209170,ncov2019_run11_Apr11_NB13,AMPLICON,PCR,VIRAL RNA,SINGLE,0,0,OXFORD_NANOPORE,MinION,SRP255253,PRJNA614976,,614976,SRS6569423,SAMN14603721,simple,2697049,Severe acute respiratory syndrome coronavirus 2,hCoV-19/USA/CT-Yale-051/2020,,,,,,,no,,,,,YALE SCHOOL OF PUBLIC HEALTH,SRA1070470,,public,4CBBB38A5A4F0533808AF86CBB94A78F,BB0ACADED491E7BD5D17343300B83999
SRR11648024,2020-04-29 20:43:52,2020-04-29 20:41:07,367410,178105095,0,484,156,,https://sra-downloadb.be-md.ncbi.nlm.nih.gov/sos3/sra-pub-run-19/SRR11648024/SRR11648024.1,SRX8209171,ncov2019_run9_Apr4_NB05,AMPLICON,PCR,VIRAL RNA,SINGLE,0,0,OXFORD_NANOPORE,MinION,SRP255253,PRJNA614976,,614976,SRS6569424,SAMN14603722,simple,2697049,Severe acute respiratory syndrome coronavirus 2,hCoV-19/USA/CT-Yale-052/2020,,,,,,,no,,,,,YALE SCHOOL OF PUBLIC HEALTH,SRA1070470,,public,4F9F5DF45F3917502DC06119763085F7,47D7189988760C7F9DE7F7B5D25281EB
SRR11648023,2020-04-29 20:43:52,2020-04-29 20:41:07,413538,200496957,0,484,175,,https://sra-downloadb.be-md.ncbi.nlm.nih.gov/sos3/sra-pub-run-19/SRR11648023/SRR11648023.1,SRX8209172,ncov2019_run9_Apr4_NB06,AMPLICON,PCR,VIRAL RNA,SINGLE,0,0,OXFORD_NANOPORE,MinION,SRP255253,PRJNA614976,,614976,SRS6569425,SAMN14603723,simple,2697049,Severe acute respiratory syndrome coronavirus 2,hCoV-19/USA/CT-Yale-053/2020,,,,,,,no,,,,,YALE SCHOOL OF PUBLIC HEALTH,SRA1070470,,public,CCA49892FBEC4F8C7078244FEEE84E22,C22126F6228D15F237EF800B1C3B85B0
SRR11648021,2020-04-29 20:43:52,2020-04-29 20:41:06,385153,186381461,0,483,163,,https://sra-downloadb.be-md.ncbi.nlm.nih.gov/sos3/sra-pub-run-21/SRR11648021/SRR11648021.1,SRX8209174,ncov2019_run9_Apr4_NB07,AMPLICON,PCR,VIRAL RNA,SINGLE,0,0,OXFORD_NANOPORE,MinION,SRP255253,PRJNA614976,,614976,SRS6569427,SAMN14603724,simple,2697049,Severe acute respiratory syndrome coronavirus 2,hCoV-19/USA/CT-Yale-054/2020,,,,,,,no,,,,,YALE SCHOOL OF PUBLIC HEALTH,SRA1070470,,public,C80779E13759F48BA44554432FB1EC82,CFC4647441428EF4BFDF417B2A2AE9BC
SRR11648020,2020-04-29 20:43:52,2020-04-29 20:41:04,344302,167132819,0,485,146,,https://sra-downloadb.be-md.ncbi.nlm.nih.gov/sos3/sra-pub-run-20/SRR11648020/SRR11648020.1,SRX8209175,ncov2019_run9_Apr4_NB08,AMPLICON,PCR,VIRAL RNA,SINGLE,0,0,OXFORD_NANOPORE,MinION,SRP255253,PRJNA614976,,614976,SRS6569428,SAMN14603725,simple,2697049,Severe acute respiratory syndrome coronavirus 2,hCoV-19/USA/CT-Yale-055/2020,,,,,,,no,,,,,YALE SCHOOL OF PUBLIC HEALTH,SRA1070470,,public,C19E700A2826F71C8F15CA8530FE53A3,7A86AD647C072CC956236A823C7E3848
SRR11648019,2020-04-29 20:43:52,2020-04-29 20:41:00,249209,120977489,0,485,106,,https://sra-downloadb.be-md.ncbi.nlm.nih.gov/sos3/sra-pub-run-19/SRR11648019/SRR11648019.1,SRX8209176,ncov2019_run9_Apr4_NB09,AMPLICON,PCR,VIRAL RNA,SINGLE,0,0,OXFORD_NANOPORE,MinION,SRP255253,PRJNA614976,,614976,SRS6569429,SAMN14603726,simple,2697049,Severe acute respiratory syndrome coronavirus 2,hCoV-19/USA/CT-Yale-056/2020,,,,,,,no,,,,,YALE SCHOOL OF PUBLIC HEALTH,SRA1070470,,public,A3BFF157F2EE07B8F79D1D8FE7ACABD4,8A646170F2A1D5F2B2404A6C599F1FF5
SRR11648018,2020-04-29 20:43:52,2020-04-29 20:41:01,268108,129966075,0,484,113,,https://sra-downloadb.be-md.ncbi.nlm.nih.gov/sos3/sra-pub-run-20/SRR11648018/SRR11648018.1,SRX8209177,ncov2019_run9_Apr4_NB10,AMPLICON,PCR,VIRAL RNA,SINGLE,0,0,OXFORD_NANOPORE,MinION,SRP255253,PRJNA614976,,614976,SRS6569430,SAMN14603727,simple,2697049,Severe acute respiratory syndrome coronavirus 2,hCoV-19/USA/CT-Yale-057/2020,,,,,,,no,,,,,YALE SCHOOL OF PUBLIC HEALTH,SRA1070470,,public,451A11B3291B093D316A45EEFDF78C42,39720DBC9F062B09A8B71E85B772BA85
SRR11648017,2020-04-29 20:43:52,2020-04-29 20:41:06,352568,179818687,0,510,159,,https://sra-downloadb.be-md.ncbi.nlm.nih.gov/sos3/sra-pub-run-19/SRR11648017/SRR11648017.1,SRX8209178,run10_04082020_NB05,AMPLICON,PCR,VIRAL RNA,SINGLE,0,0,OXFORD_NANOPORE,MinION,SRP255253,PRJNA614976,,614976,SRS6569431,SAMN14603728,simple,2697049,Severe acute respiratory syndrome coronavirus 2,hCoV-19/USA/CT-Yale-058/2020,,,,,,,no,,,,,YALE SCHOOL OF PUBLIC HEALTH,SRA1070470,,public,C0E315A836F96FC79162EB8D04B5CF95,F745AE2C469C4E9BB3BD11202F174FD8
SRR11648016,2020-04-29 20:43:52,2020-04-29 20:40:59,187861,91013785,0,484,79,,https://sra-downloadb.be-md.ncbi.nlm.nih.gov/sos3/sra-pub-run-19/SRR11648016/SRR11648016.1,SRX8209179,ncov2019_run9_Apr4_NB11,AMPLICON,PCR,VIRAL RNA,SINGLE,0,0,OXFORD_NANOPORE,MinION,SRP255253,PRJNA614976,,614976,SRS6569432,SAMN14603729,simple,2697049,Severe acute respiratory syndrome coronavirus 2,hCoV-19/USA/CT-Yale-059/2020,,,,,,,no,,,,,YALE SCHOOL OF PUBLIC HEALTH,SRA1070470,,public,B74D2C83F15304D8CE5859CE0A1F3C2D,63BC62E2832664D9DD65A35107777EA2
SRR11648015,2020-04-29 20:43:52,2020-04-29 20:41:02,347250,169698636,0,488,148,,https://sra-downloadb.be-md.ncbi.nlm.nih.gov/sos3/sra-pub-run-19/SRR11648015/SRR11648015.1,SRX8209180,ncov2019_run11_Apr11_NB14,AMPLICON,PCR,VIRAL RNA,SINGLE,0,0,OXFORD_NANOPORE,MinION,SRP255253,PRJNA614976,,614976,SRS6569433,SAMN14603730,simple,2697049,Severe acute respiratory syndrome coronavirus 2,hCoV-19/USA/CT-Yale-060/2020,,,,,,,no,,,,,YALE SCHOOL OF PUBLIC HEALTH,SRA1070470,,public,CB50078391B886270E3F7D3F4217D393,C0F863873EDD9DCDAE8B3E7FC01059AC
SRR11648014,2020-04-29 20:43:52,2020-04-29 20:41:01,247013,119888723,0,485,105,,https://sra-downloadb.be-md.ncbi.nlm.nih.gov/sos3/sra-pub-run-19/SRR11648014/SRR11648014.1,SRX8209181,ncov2019_run9_Apr4_NB12,AMPLICON,PCR,VIRAL RNA,SINGLE,0,0,OXFORD_NANOPORE,MinION,SRP255253,PRJNA614976,,614976,SRS6569434,SAMN14603731,simple,2697049,Severe acute respiratory syndrome coronavirus 2,hCoV-19/USA/CT-Yale-061/2020,,,,,,,no,,,,,YALE SCHOOL OF PUBLIC HEALTH,SRA1070470,,public,28EFDE7313BB9D1BA811AB8AF622BB99,105BC7BFE8390E92F2596662E60F0DD0
SRR11648013,2020-04-29 20:43:52,2020-04-29 20:41:01,288610,147009878,0,509,130,,https://sra-downloadb.be-md.ncbi.nlm.nih.gov/sos3/sra-pub-run-19/SRR11648013/SRR11648013.1,SRX8209182,run10_04082020_NB04,AMPLICON,PCR,VIRAL RNA,SINGLE,0,0,OXFORD_NANOPORE,MinION,SRP255253,PRJNA614976,,614976,SRS6569435,SAMN14603732,simple,2697049,Severe acute respiratory syndrome coronavirus 2,hCoV-19/USA/CT-Yale-062/2020,,,,,,,no,,,,,YALE SCHOOL OF PUBLIC HEALTH,SRA1070470,,public,11F9A94B27509B20B18453A52060E04C,FCFE55AC4D8FFE87A4A2BDBB39D1C16D
SRR11648012,2020-04-29 20:43:52,2020-04-29 20:40:54,102279,49790492,0,486,43,,https://sra-downloadb.be-md.ncbi.nlm.nih.gov/sos3/sra-pub-run-21/SRR11648012/SRR11648012.1,SRX8209183,ncov2019_run11_Apr11_NB15,AMPLICON,PCR,VIRAL RNA,SINGLE,0,0,OXFORD_NANOPORE,MinION,SRP255253,PRJNA614976,,614976,SRS6569436,SAMN14603733,simple,2697049,Severe acute respiratory syndrome coronavirus 2,hCoV-19/USA/CT-Yale-065/2020,,,,,,,no,,,,,YALE SCHOOL OF PUBLIC HEALTH,SRA1070470,,public,B17F49E5ACA32301CE6D60B2C343A191,91D0A2B6E3EF11D69803E2CD74769414
SRR11648010,2020-04-29 20:43:52,2020-04-29 20:41:04,379074,193473052,0,510,171,,https://sra-downloadb.be-md.ncbi.nlm.nih.gov/sos3/sra-pub-run-19/SRR11648010/SRR11648010.1,SRX8209185,run10_04082020_NB02,AMPLICON,PCR,VIRAL RNA,SINGLE,0,0,OXFORD_NANOPORE,MinION,SRP255253,PRJNA614976,,614976,SRS6569438,SAMN14603734,simple,2697049,Severe acute respiratory syndrome coronavirus 2,hCoV-19/USA/CT-Yale-066/2020,,,,,,,no,,,,,YALE SCHOOL OF PUBLIC HEALTH,SRA1070470,,public,792E3B0B9EDE853B6A18FDA71E233ACA,B745998EA189B58E982C30DF7EF6368E
SRR11648009,2020-04-29 20:43:52,2020-04-29 20:41:01,198237,101212495,0,510,89,,https://sra-downloadb.be-md.ncbi.nlm.nih.gov/sos3/sra-pub-run-20/SRR11648009/SRR11648009.1,SRX8209186,run10_04082020_NB03,AMPLICON,PCR,VIRAL RNA,SINGLE,0,0,OXFORD_NANOPORE,MinION,SRP255253,PRJNA614976,,614976,SRS6569439,SAMN14603735,simple,2697049,Severe acute respiratory syndrome coronavirus 2,hCoV-19/USA/CT-Yale-068/2020,,,,,,,no,,,,,YALE SCHOOL OF PUBLIC HEALTH,SRA1070470,,public,66DA14AD0C3D2AF4761A80071D846A34,66D9823F51B71A0CA7A1ED99A30A3943
SRR11648008,2020-04-29 20:43:52,2020-04-29 20:40:59,256604,131323220,0,511,116,,https://sra-downloadb.be-md.ncbi.nlm.nih.gov/sos3/sra-pub-run-21/SRR11648008/SRR11648008.1,SRX8209187,run10_04082020_NB06,AMPLICON,PCR,VIRAL RNA,SINGLE,0,0,OXFORD_NANOPORE,MinION,SRP255253,PRJNA614976,,614976,SRS6569440,SAMN14603736,simple,2697049,Severe acute respiratory syndrome coronavirus 2,hCoV-19/USA/CT-Yale-075/2020,,,,,,,no,,,,,YALE SCHOOL OF PUBLIC HEALTH,SRA1070470,,public,CC91B3CDA0EE2F07FE417A8B6867FE73,30235C0797ECE33D61729FA345F00643
SRR11648007,2020-04-29 20:43:52,2020-04-29 20:41:29,337528,172199648,0,510,152,,https://sra-downloadb.be-md.ncbi.nlm.nih.gov/sos3/sra-pub-run-21/SRR11648007/SRR11648007.1,SRX8209188,run10_04082020_NB01,AMPLICON,PCR,VIRAL RNA,SINGLE,0,0,OXFORD_NANOPORE,MinION,SRP255253,PRJNA614976,,614976,SRS6569441,SAMN14603737,simple,2697049,Severe acute respiratory syndrome coronavirus 2,hCoV-19/USA/CT-Yale-076/2020,,,,,,,no,,,,,YALE SCHOOL OF PUBLIC HEALTH,SRA1070470,,public,002D1AAAB3E208CF16CD8EE635359A54,DA6D3F922A27FE1156351AE4AD03190A
SRR11648006,2020-04-29 20:43:52,2020-04-29 20:40:51,266739,130500985,0,489,114,,https://sra-downloadb.be-md.ncbi.nlm.nih.gov/sos3/sra-pub-run-21/SRR11648006/SRR11648006.1,SRX8209189,ncov2019_run11_Apr11_NB16,AMPLICON,PCR,VIRAL RNA,SINGLE,0,0,OXFORD_NANOPORE,MinION,SRP255253,PRJNA614976,,614976,SRS6569442,SAMN14603738,simple,2697049,Severe acute respiratory syndrome coronavirus 2,hCoV-19/USA/CT-Yale-084/2020,,,,,,,no,,,,,YALE SCHOOL OF PUBLIC HEALTH,SRA1070470,,public,D56DFC47106C8656722A17D9A3018DBB,80ECA0119A0F76132315E60516780A08
SRR11648005,2020-04-29 20:43:52,2020-04-29 20:41:13,257782,125995789,0,488,110,,https://sra-downloadb.be-md.ncbi.nlm.nih.gov/sos3/sra-pub-run-21/SRR11648005/SRR11648005.1,SRX8209190,ncov2019_run11_Apr11_NB17,AMPLICON,PCR,VIRAL RNA,SINGLE,0,0,OXFORD_NANOPORE,MinION,SRP255253,PRJNA614976,,614976,SRS6569443,SAMN14603739,simple,2697049,Severe acute respiratory syndrome coronavirus 2,hCoV-19/USA/CT-Yale-086/2020,,,,,,,no,,,,,YALE SCHOOL OF PUBLIC HEALTH,SRA1070470,,public,48534E04EEA456ED4A1C9077CB51D235,1FC69CA5CFC92F56BB2F20AE44A350BC
SRR11648004,2020-04-29 20:43:52,2020-04-29 20:40:46,176594,86308765,0,488,75,,https://sra-downloadb.be-md.ncbi.nlm.nih.gov/sos3/sra-pub-run-20/SRR11648004/SRR11648004.1,SRX8209191,ncov2019_run11_Apr11_NB18,AMPLICON,PCR,VIRAL RNA,SINGLE,0,0,OXFORD_NANOPORE,MinION,SRP255253,PRJNA614976,,614976,SRS6569444,SAMN14603740,simple,2697049,Severe acute respiratory syndrome coronavirus 2,hCoV-19/USA/CT-Yale-091/2020,,,,,,,no,,,,,YALE SCHOOL OF PUBLIC HEALTH,SRA1070470,,public,F681449B5C7440345731980415297807,E78BE4D3D8023ECBADDBFB828E400967
SRR11648003,2020-04-29 20:43:52,2020-04-29 20:40:54,326696,159455383,0,488,139,,https://sra-downloadb.be-md.ncbi.nlm.nih.gov/sos3/sra-pub-run-21/SRR11648003/SRR11648003.1,SRX8209192,ncov2019_run11_Apr11_NB19,AMPLICON,PCR,VIRAL RNA,SINGLE,0,0,OXFORD_NANOPORE,MinION,SRP255253,PRJNA614976,,614976,SRS6569445,SAMN14603741,simple,2697049,Severe acute respiratory syndrome coronavirus 2,hCoV-19/USA/CT-Yale-092/2020,,,,,,,no,,,,,YALE SCHOOL OF PUBLIC HEALTH,SRA1070470,,public,6A89F8F54CC3ADD8B388CFD1FF06F195,413E55240DD8D3635AA8424F89AF59A4
SRR11648002,2020-04-29 20:43:52,2020-04-29 20:40:55,390143,191206369,0,490,167,,https://sra-downloadb.be-md.ncbi.nlm.nih.gov/sos3/sra-pub-run-21/SRR11648002/SRR11648002.1,SRX8209193,ncov2019_run11_Apr11_NB20,AMPLICON,PCR,VIRAL RNA,SINGLE,0,0,OXFORD_NANOPORE,MinION,SRP255253,PRJNA614976,,614976,SRS6569446,SAMN14603742,simple,2697049,Severe acute respiratory syndrome coronavirus 2,hCoV-19/USA/CT-Yale-094/2020,,,,,,,no,,,,,YALE SCHOOL OF PUBLIC HEALTH,SRA1070470,,public,272D555C736081D8AE356C52F65C5C51,B3FF4CCE27B6E88EE09A5E68DD113CC0
SRR11648001,2020-04-29 20:43:52,2020-04-29 20:40:54,360524,175926566,0,487,153,,https://sra-downloadb.be-md.ncbi.nlm.nih.gov/sos3/sra-pub-run-19/SRR11648001/SRR11648001.1,SRX8209194,ncov2019_run11_Apr11_NB21,AMPLICON,PCR,VIRAL RNA,SINGLE,0,0,OXFORD_NANOPORE,MinION,SRP255253,PRJNA614976,,614976,SRS6569447,SAMN14603743,simple,2697049,Severe acute respiratory syndrome coronavirus 2,hCoV-19/USA/CT-Yale-095/2020,,,,,,,no,,,,,YALE SCHOOL OF PUBLIC HEALTH,SRA1070470,,public,ACA023E40E77EB02460EA11525016673,C234F3478BF30B22BBD740E743F7D190
SRR11648054,2020-04-29 20:43:51,2020-04-29 20:41:08,335662,162841328,0,485,142,,https://sra-downloadb.be-md.ncbi.nlm.nih.gov/sos3/sra-pub-run-20/SRR11648054/SRR11648054.1,SRX8209141,ncov2019_run8_Apr1_NB06,AMPLICON,PCR,VIRAL RNA,SINGLE,0,0,OXFORD_NANOPORE,MinION,SRP255253,PRJNA614976,,614976,SRS6569394,SAMN14603694,simple,2697049,Severe acute respiratory syndrome coronavirus 2,hCoV-19/USA/NY-Yale-022/2020,,,,,,,no,,,,,YALE SCHOOL OF PUBLIC HEALTH,SRA1070470,,public,BDC1F03538FD376E0932A6A1223DC2D4,EBEE70ED8983EB39014341071DA3C66F
SRR11648051,2020-04-29 20:43:51,2020-04-29 20:41:16,327531,158788732,0,484,139,,https://sra-downloadb.be-md.ncbi.nlm.nih.gov/sos3/sra-pub-run-20/SRR11648051/SRR11648051.1,SRX8209144,ncov2019_run8_Apr1_NB09,AMPLICON,PCR,VIRAL RNA,SINGLE,0,0,OXFORD_NANOPORE,MinION,SRP255253,PRJNA614976,,614976,SRS6569397,SAMN14603697,simple,2697049,Severe acute respiratory syndrome coronavirus 2,hCoV-19/USA/NY-Yale-025/2020,,,,,,,no,,,,,YALE SCHOOL OF PUBLIC HEALTH,SRA1070470,,public,58F285F0CD962FB95A512CD0C561DF2B,08EA615C11BE2A656893FCC9268CAC73
SRR11648050,2020-04-29 20:43:51,2020-04-29 20:41:04,180048,87169010,0,484,76,,https://sra-downloadb.be-md.ncbi.nlm.nih.gov/sos3/sra-pub-run-20/SRR11648050/SRR11648050.1,SRX8209145,ncov2019_run8_Apr1_NB10,AMPLICON,PCR,VIRAL RNA,SINGLE,0,0,OXFORD_NANOPORE,MinION,SRP255253,PRJNA614976,,614976,SRS6569398,SAMN14603698,simple,2697049,Severe acute respiratory syndrome coronavirus 2,hCoV-19/USA/NY-Yale-026/2020,,,,,,,no,,,,,YALE SCHOOL OF PUBLIC HEALTH,SRA1070470,,public,E90B2536B54D031354FCA8AB6496A250,A23AC4EAC28963F8264A68B333EB7203
SRR11648046,2020-04-29 20:43:51,2020-04-29 20:41:10,135419,66397788,0,490,58,,https://sra-downloadb.be-md.ncbi.nlm.nih.gov/sos3/sra-pub-run-19/SRR11648046/SRR11648046.1,SRX8209149,ncov2019_run7_Mar30_NB16,AMPLICON,PCR,VIRAL RNA,SINGLE,0,0,OXFORD_NANOPORE,MinION,SRP255253,PRJNA614976,,614976,SRS6569402,SAMN14603702,simple,2697049,Severe acute respiratory syndrome coronavirus 2,hCoV-19/USA/NY-Yale-030/2020,,,,,,,no,,,,,YALE SCHOOL OF PUBLIC HEALTH,SRA1070470,,public,82BC7065137FD32F41A326CF57DEF44F,514F2E1A4A0D9232CAC48BB62A39931E

