Run,ReleaseDate,LoadDate,spots,bases,spots_with_mates,avgLength,size_MB,AssemblyName,download_path,Experiment,LibraryName,LibraryStrategy,LibrarySelection,LibrarySource,LibraryLayout,InsertSize,InsertDev,Platform,Model,SRAStudy,BioProject,Study_Pubmed_id,ProjectID,Sample,BioSample,SampleType,TaxID,ScientificName,SampleName,g1k_pop_code,source,g1k_analysis_group,Subject_ID,Sex,Disease,Tumor,Affection_Status,Analyte_Type,Histological_Type,Body_Site,CenterName,Submission,dbgap_study_accession,Consent,RunHash,ReadHash
SRR12228735,2020-07-15 14:06:36,2020-07-15 14:06:25,80807,41199805,0,509,36,,https://sra-download.ncbi.nlm.nih.gov/traces/sra62/SRR/011942/SRR12228735,SRX8737272,MN-MDH-117,AMPLICON,PCR,VIRAL RNA,SINGLE,0,0,OXFORD_NANOPORE,MinION,SRP269783,PRJNA628662,,628662,SRS7009871,SAMN15543596,simple,2697049,Severe acute respiratory syndrome coronavirus 2,MN-MDH-117,,,,,,,no,,,,,MINNESOTA DEPARTMENT OF HEALTH,SRA1099376,,public,0626D826CF66E5C16367F745E5551105,73640336278B3EB9F3BA731AE04E26A9
SRR12228733,2020-07-15 14:23:45,2020-07-15 14:22:56,67380,34315039,0,509,30,,https://sra-download.ncbi.nlm.nih.gov/traces/sra3/SRR/011942/SRR12228733,SRX8737274,MN-MDH-118,AMPLICON,PCR,VIRAL RNA,SINGLE,0,0,OXFORD_NANOPORE,MinION,SRP269783,PRJNA628662,,628662,SRS7009873,SAMN15543597,simple,2697049,Severe acute respiratory syndrome coronavirus 2,MN-MDH-118,,,,,,,no,,,,,MINNESOTA DEPARTMENT OF HEALTH,SRA1099376,,public,6405F3F827A30DBE8BAABD591B82F0FA,776496F8B2BE2028152417D798F04217
SRR12228732,2020-07-15 14:13:34,2020-07-15 14:11:59,78257,39536483,0,505,34,,https://sra-download.ncbi.nlm.nih.gov/traces/sra35/SRR/011942/SRR12228732,SRX8737275,MN-MDH-119,AMPLICON,PCR,VIRAL RNA,SINGLE,0,0,OXFORD_NANOPORE,MinION,SRP269783,PRJNA628662,,628662,SRS7009874,SAMN15543598,simple,2697049,Severe acute respiratory syndrome coronavirus 2,MN-MDH-119,,,,,,,no,,,,,MINNESOTA DEPARTMENT OF HEALTH,SRA1099376,,public,AD073CB59B77F065598AD1554E8E95A5,86137C697F41139628C6A758D6297769
SRR12228731,2020-07-15 13:52:14,2020-07-15 13:51:41,73814,37451893,0,507,32,,https://sra-download.ncbi.nlm.nih.gov/traces/sra62/SRR/011942/SRR12228731,SRX8737276,MN-MDH-120,AMPLICON,PCR,VIRAL RNA,SINGLE,0,0,OXFORD_NANOPORE,MinION,SRP269783,PRJNA628662,,628662,SRS7009875,SAMN15543599,simple,2697049,Severe acute respiratory syndrome coronavirus 2,MN-MDH-120,,,,,,,no,,,,,MINNESOTA DEPARTMENT OF HEALTH,SRA1099376,,public,59D4AAEF2CB43FB7E316C9E8D4ABFFDA,31074BCC29E1CA7A9E6FAF99E71B8A6D
SRR12228730,2020-07-15 13:54:32,2020-07-15 13:52:46,90129,45756934,0,507,40,,https://sra-download.ncbi.nlm.nih.gov/traces/sra65/SRR/011942/SRR12228730,SRX8737277,MN-MDH-121,AMPLICON,PCR,VIRAL RNA,SINGLE,0,0,OXFORD_NANOPORE,MinION,SRP269783,PRJNA628662,,628662,SRS7009876,SAMN15543600,simple,2697049,Severe acute respiratory syndrome coronavirus 2,MN-MDH-121,,,,,,,no,,,,,MINNESOTA DEPARTMENT OF HEALTH,SRA1099376,,public,4A5F8CA9870B819796D22F910368A544,43F98221D6EB3297397CEBDDAA3732CD
SRR12228721,2020-07-15 13:52:14,2020-07-15 13:51:41,55891,28710295,0,513,25,,https://sra-download.ncbi.nlm.nih.gov/traces/sra62/SRR/011942/SRR12228721,SRX8737286,MN-MDH-138,AMPLICON,PCR,VIRAL RNA,SINGLE,0,0,OXFORD_NANOPORE,MinION,SRP269783,PRJNA628662,,628662,SRS7009885,SAMN15543608,simple,2697049,Severe acute respiratory syndrome coronavirus 2,MN-MDH-138,,,,,,,no,,,,,MINNESOTA DEPARTMENT OF HEALTH,SRA1099376,,public,EF653C928C34D3736919F880A3F410C7,C65BA86FCF21B683D3DA548F500DB7D3
SRR12228729,2020-07-15 13:52:14,2020-07-15 13:51:50,63666,32464725,0,509,28,,https://sra-download.ncbi.nlm.nih.gov/traces/sra55/SRR/011942/SRR12228729,SRX8737278,MN-MDH-140,AMPLICON,PCR,VIRAL RNA,SINGLE,0,0,OXFORD_NANOPORE,MinION,SRP269783,PRJNA628662,,628662,SRS7009877,SAMN15543601,simple,2697049,Severe acute respiratory syndrome coronavirus 2,MN-MDH-140,,,,,,,no,,,,,MINNESOTA DEPARTMENT OF HEALTH,SRA1099376,,public,283715FA0D31DDBC949D40154A06C1B6,5C51CDA703D32147F5AD966AAAC3AF2E
SRR12228728,2020-07-15 14:23:45,2020-07-15 14:22:47,66822,34002686,0,508,29,,https://sra-download.ncbi.nlm.nih.gov/traces/sra46/SRR/011942/SRR12228728,SRX8737279,MN-MDH-141,AMPLICON,PCR,VIRAL RNA,SINGLE,0,0,OXFORD_NANOPORE,MinION,SRP269783,PRJNA628662,,628662,SRS7009878,SAMN15543602,simple,2697049,Severe acute respiratory syndrome coronavirus 2,MN-MDH-141,,,,,,,no,,,,,MINNESOTA DEPARTMENT OF HEALTH,SRA1099376,,public,B031E78EBDC2A127C3D36712BEFFAA8A,845030830A77D29F40DB182407D5125B
SRR12228736,2020-07-15 13:54:32,2020-07-15 13:52:42,73709,37509660,0,508,32,,https://sra-download.ncbi.nlm.nih.gov/traces/sra77/SRR/011942/SRR12228736,SRX8737271,MN-MDH-142,AMPLICON,PCR,VIRAL RNA,SINGLE,0,0,OXFORD_NANOPORE,MinION,SRP269783,PRJNA628662,,628662,SRS7009870,SAMN15543595,simple,2697049,Severe acute respiratory syndrome coronavirus 2,MN-MDH-142,,,,,,,no,,,,,MINNESOTA DEPARTMENT OF HEALTH,SRA1099376,,public,C6EE40FB07EC383440E662A40D447ED2,1ABCB98236BED959BC799033DF79E6FF
SRR12228724,2020-07-15 13:52:14,2020-07-15 13:51:40,80635,41073337,0,509,35,,https://sra-download.ncbi.nlm.nih.gov/traces/sra52/SRR/011942/SRR12228724,SRX8737283,MN-MDH-143,AMPLICON,PCR,VIRAL RNA,SINGLE,0,0,OXFORD_NANOPORE,MinION,SRP269783,PRJNA628662,,628662,SRS7009882,SAMN15543606,simple,2697049,Severe acute respiratory syndrome coronavirus 2,MN-MDH-143,,,,,,,no,,,,,MINNESOTA DEPARTMENT OF HEALTH,SRA1099376,,public,D1D0ED74EA558AED492D61390F7E4623,A38C23D39FD780119527E4A37E8DD6A5
SRR12228727,2020-07-15 13:54:32,2020-07-15 13:52:41,63067,32070490,0,508,28,,https://sra-download.ncbi.nlm.nih.gov/traces/sra62/SRR/011942/SRR12228727,SRX8737280,MN-MDH-144,AMPLICON,PCR,VIRAL RNA,SINGLE,0,0,OXFORD_NANOPORE,MinION,SRP269783,PRJNA628662,,628662,SRS7009879,SAMN15543603,simple,2697049,Severe acute respiratory syndrome coronavirus 2,MN-MDH-144,,,,,,,no,,,,,MINNESOTA DEPARTMENT OF HEALTH,SRA1099376,,public,78727CBDD54BAD5789F62E894FF73246,DBDAD15A76F8B5E1E85CCD1C753D8198
SRR12228726,2020-07-15 14:06:36,2020-07-15 14:05:57,76088,38534256,0,506,33,,https://sra-download.ncbi.nlm.nih.gov/traces/sra50/SRR/011942/SRR12228726,SRX8737281,MN-MDH-145,AMPLICON,PCR,VIRAL RNA,SINGLE,0,0,OXFORD_NANOPORE,MinION,SRP269783,PRJNA628662,,628662,SRS7009880,SAMN15543604,simple,2697049,Severe acute respiratory syndrome coronavirus 2,MN-MDH-145,,,,,,,no,,,,,MINNESOTA DEPARTMENT OF HEALTH,SRA1099376,,public,42BEA54C84DD39D6390C024F597329A5,5DEDFA0348683605450D1D80CFFD49E9
SRR12228725,2020-07-15 13:54:32,2020-07-15 13:52:29,60463,30687561,0,507,26,,https://sra-download.ncbi.nlm.nih.gov/traces/sra8/SRR/011942/SRR12228725,SRX8737282,MN-MDH-146,AMPLICON,PCR,VIRAL RNA,SINGLE,0,0,OXFORD_NANOPORE,MinION,SRP269783,PRJNA628662,,628662,SRS7009881,SAMN15543605,simple,2697049,Severe acute respiratory syndrome coronavirus 2,MN-MDH-146,,,,,,,no,,,,,MINNESOTA DEPARTMENT OF HEALTH,SRA1099376,,public,738105E57D96133565E8C14D9660C3F3,0A0662C03704789A5926C5FA0249D308
SRR12228722,2020-07-15 13:58:39,2020-07-15 13:57:48,63514,32132209,0,505,28,,https://sra-download.ncbi.nlm.nih.gov/traces/sra20/SRR/011942/SRR12228722,SRX8737285,MN-MDH-147,AMPLICON,PCR,VIRAL RNA,SINGLE,0,0,OXFORD_NANOPORE,MinION,SRP269783,PRJNA628662,,628662,SRS7009884,SAMN15543607,simple,2697049,Severe acute respiratory syndrome coronavirus 2,MN-MDH-147,,,,,,,no,,,,,MINNESOTA DEPARTMENT OF HEALTH,SRA1099376,,public,C79582EBA7D8C07FBD06749C36812F5F,3EB8C31D5FF571E05BE186F2953250F6
SRR12228720,2020-07-15 13:52:14,2020-07-15 13:48:17,53816,27491609,0,510,24,,https://sra-download.ncbi.nlm.nih.gov/traces/sra12/SRR/011942/SRR12228720,SRX8737287,MN-MDH-149,AMPLICON,PCR,VIRAL RNA,SINGLE,0,0,OXFORD_NANOPORE,MinION,SRP269783,PRJNA628662,,628662,SRS7009886,SAMN15543609,simple,2697049,Severe acute respiratory syndrome coronavirus 2,MN-MDH-149,,,,,,,no,,,,,MINNESOTA DEPARTMENT OF HEALTH,SRA1099376,,public,03E8B72957B74021B1AB01EC7F30DC08,357FB4745478B5E41E376DFDF9C60EFC
SRR12229270,2020-07-15 15:14:10,2020-07-15 15:12:59,179964,91266777,0,507,77,,https://sra-download.ncbi.nlm.nih.gov/traces/sra74/SRR/011942/SRR12229270,SRX8737803,MN1-MDH1,AMPLICON,PCR,VIRAL RNA,SINGLE,0,0,OXFORD_NANOPORE,MinION,SRP269783,PRJNA628662,,628662,SRS7010363,SAMN15544566,simple,2697049,Severe acute respiratory syndrome coronavirus 2,MN1-MDH1,,,,,,,no,,,,,MINNESOTA DEPARTMENT OF HEALTH,SRA1099446,,public,EC6CF92F223BCA445D1243790B7B0045,74B5357492716499973332613362A5E8
SRR12228747,2020-07-15 14:23:45,2020-07-15 14:23:11,54480,27796903,0,510,24,,https://sra-download.ncbi.nlm.nih.gov/traces/sra11/SRR/011942/SRR12228747,SRX8737260,MN124-MDH124,AMPLICON,PCR,VIRAL RNA,SINGLE,0,0,OXFORD_NANOPORE,MinION,SRP269783,PRJNA628662,,628662,SRS7009859,SAMN15543585,simple,2697049,Severe acute respiratory syndrome coronavirus 2,MN124-MDH124,,,,,,,no,,,,,MINNESOTA DEPARTMENT OF HEALTH,SRA1099376,,public,55D94472D4BFFD9272F08454B67B68AA,F4AD70B7901B9DC9BDA7A53D43FDAEC1
SRR12228746,2020-07-15 14:23:45,2020-07-15 14:22:47,47116,24078815,0,511,21,,https://sra-download.ncbi.nlm.nih.gov/traces/sra76/SRR/011942/SRR12228746,SRX8737261,MN128-MDH128,AMPLICON,PCR,VIRAL RNA,SINGLE,0,0,OXFORD_NANOPORE,MinION,SRP269783,PRJNA628662,,628662,SRS7009860,SAMN15543586,simple,2697049,Severe acute respiratory syndrome coronavirus 2,MN128-MDH128,,,,,,,no,,,,,MINNESOTA DEPARTMENT OF HEALTH,SRA1099376,,public,65ABF3F909287805801FF443AA6936FE,CE5C7E731B0214E6268A23785014C650
SRR12228739,2020-07-15 14:23:45,2020-07-15 14:22:38,59211,30227654,0,510,26,,https://sra-download.ncbi.nlm.nih.gov/traces/sra45/SRR/011942/SRR12228739,SRX8737268,MN129-MDH129,AMPLICON,PCR,VIRAL RNA,SINGLE,0,0,OXFORD_NANOPORE,MinION,SRP269783,PRJNA628662,,628662,SRS7009867,SAMN15543592,simple,2697049,Severe acute respiratory syndrome coronavirus 2,MN129-MDH129,,,,,,,no,,,,,MINNESOTA DEPARTMENT OF HEALTH,SRA1099376,,public,99C640C4EE6D61D8105E54054F9D3C3D,6F0B101CCE29E6B92C649C2C545E752D
SRR12228738,2020-07-15 14:23:45,2020-07-15 14:23:09,87290,44415346,0,508,38,,https://sra-download.ncbi.nlm.nih.gov/traces/sra68/SRR/011942/SRR12228738,SRX8737269,MN130-MDH130,AMPLICON,PCR,VIRAL RNA,SINGLE,0,0,OXFORD_NANOPORE,MinION,SRP269783,PRJNA628662,,628662,SRS7009868,SAMN15543593,simple,2697049,Severe acute respiratory syndrome coronavirus 2,MN130-MDH130,,,,,,,no,,,,,MINNESOTA DEPARTMENT OF HEALTH,SRA1099376,,public,4ECEA1150E072724FDEFAC598A6C03A0,3EBEC8AB6B35F8A4C14D1440BE4F3C08
SRR12228744,2020-07-15 14:23:45,2020-07-15 14:22:51,45756,23398815,0,511,20,,https://sra-download.ncbi.nlm.nih.gov/traces/sra39/SRR/011942/SRR12228744,SRX8737263,MN131-MDH131,AMPLICON,PCR,VIRAL RNA,SINGLE,0,0,OXFORD_NANOPORE,MinION,SRP269783,PRJNA628662,,628662,SRS7009862,SAMN15543587,simple,2697049,Severe acute respiratory syndrome coronavirus 2,MN131-MDH131,,,,,,,no,,,,,MINNESOTA DEPARTMENT OF HEALTH,SRA1099376,,public,9C75394C4A364CC3633188050C0F4716,D5E8D97C9F1EA10E83B87E65E9AB167D
SRR12228743,2020-07-15 14:23:45,2020-07-15 14:22:38,71119,36161872,0,508,31,,https://sra-download.ncbi.nlm.nih.gov/traces/sra5/SRR/011942/SRR12228743,SRX8737264,MN132-MDH132,AMPLICON,PCR,VIRAL RNA,SINGLE,0,0,OXFORD_NANOPORE,MinION,SRP269783,PRJNA628662,,628662,SRS7009863,SAMN15543588,simple,2697049,Severe acute respiratory syndrome coronavirus 2,MN132-MDH132,,,,,,,no,,,,,MINNESOTA DEPARTMENT OF HEALTH,SRA1099376,,public,ECFC3C812068EA08AAD6D385B1714AAE,F08C174F4FC1FCDD25C21CDC9F0D7D41
SRR12228742,2020-07-15 14:45:34,2020-07-15 14:45:19,80139,40931002,0,510,35,,https://sra-download.ncbi.nlm.nih.gov/traces/sra70/SRR/011942/SRR12228742,SRX8737265,MN133-MDH133,AMPLICON,PCR,VIRAL RNA,SINGLE,0,0,OXFORD_NANOPORE,MinION,SRP269783,PRJNA628662,,628662,SRS7009864,SAMN15543589,simple,2697049,Severe acute respiratory syndrome coronavirus 2,MN133-MDH133,,,,,,,no,,,,,MINNESOTA DEPARTMENT OF HEALTH,SRA1099376,,public,E47F898881164C8CD46749AB993DCCF7,A9E6B0D07EFF2C9F2A8E8203AC24C500
SRR12228741,2020-07-15 14:39:33,2020-07-15 14:38:42,91720,46728642,0,509,40,,https://sra-download.ncbi.nlm.nih.gov/traces/sra65/SRR/011942/SRR12228741,SRX8737266,MN134-MDH134,AMPLICON,PCR,VIRAL RNA,SINGLE,0,0,OXFORD_NANOPORE,MinION,SRP269783,PRJNA628662,,628662,SRS7009865,SAMN15543590,simple,2697049,Severe acute respiratory syndrome coronavirus 2,MN134-MDH134,,,,,,,no,,,,,MINNESOTA DEPARTMENT OF HEALTH,SRA1099376,,public,4A1582E4781FD619D89811A5151DBFA3,827696F58F95C0305347940319FD0A44
SRR12228740,2020-07-15 14:26:36,2020-07-15 14:24:30,78589,39984568,0,508,35,,https://sra-download.ncbi.nlm.nih.gov/traces/sra64/SRR/011942/SRR12228740,SRX8737267,MN135-MDH135,AMPLICON,PCR,VIRAL RNA,SINGLE,0,0,OXFORD_NANOPORE,MinION,SRP269783,PRJNA628662,,628662,SRS7009866,SAMN15543591,simple,2697049,Severe acute respiratory syndrome coronavirus 2,MN135-MDH135,,,,,,,no,,,,,MINNESOTA DEPARTMENT OF HEALTH,SRA1099376,,public,5590FEDBC0A7A12A7E6E12AA18F64327,07E40618B0AD8EE92B6E77C84015FBA5
SRR12228737,2020-07-15 14:00:45,2020-07-15 13:59:33,52853,26880914,0,508,23,,https://sra-download.ncbi.nlm.nih.gov/traces/sra75/SRR/011942/SRR12228737,SRX8737270,MN136-MDH136,AMPLICON,PCR,VIRAL RNA,SINGLE,0,0,OXFORD_NANOPORE,MinION,SRP269783,PRJNA628662,,628662,SRS7009869,SAMN15543594,simple,2697049,Severe acute respiratory syndrome coronavirus 2,MN136-MDH136,,,,,,,no,,,,,MINNESOTA DEPARTMENT OF HEALTH,SRA1099376,,public,C7152FA613997761C0EA43C317D8C3AD,17ADA45DCEE4579B9BCF567191FB0CD4
SRR12229269,2020-07-15 15:14:10,2020-07-15 15:13:15,193420,102808050,0,531,88,,https://sra-download.ncbi.nlm.nih.gov/traces/sra4/SRR/011942/SRR12229269,SRX8737804,MN2-MDH2,AMPLICON,PCR,VIRAL RNA,SINGLE,0,0,OXFORD_NANOPORE,MinION,SRP269783,PRJNA628662,,628662,SRS7010364,SAMN15544567,simple,2697049,Severe acute respiratory syndrome coronavirus 2,MN2-MDH2,,,,,,,no,,,,,MINNESOTA DEPARTMENT OF HEALTH,SRA1099446,,public,2F37470DA677830634BE9F6ECD26D3DA,9E2177E23EF95F1FA56D123F65751DCA
SRR12227951,2020-07-15 12:12:38,2020-07-15 12:11:52,42267,17599783,0,416,15,,https://sra-download.ncbi.nlm.nih.gov/traces/sra47/SRR/011941/SRR12227951,SRX8736521,MN25-MDH25,AMPLICON,PCR,VIRAL RNA,SINGLE,0,0,OXFORD_NANOPORE,MinION,SRP269783,PRJNA628662,,628662,SRS7009165,SAMN15543072,simple,2697049,Severe acute respiratory syndrome coronavirus 2,MN25-MDH25,,,,,,,no,,,,,MINNESOTA DEPARTMENT OF HEALTH,SRA1099346,,public,946CC6795C5A65BEA18CB42C1426C10E,7C8E7A8608A29959B5BE03ECC6802AA1
SRR12227950,2020-07-15 12:12:38,2020-07-15 12:11:55,74511,33750237,0,452,29,,https://sra-download.ncbi.nlm.nih.gov/traces/sra30/SRR/011941/SRR12227950,SRX8736522,MN26-MDH26,AMPLICON,PCR,VIRAL RNA,SINGLE,0,0,OXFORD_NANOPORE,MinION,SRP269783,PRJNA628662,,628662,SRS7009166,SAMN15543073,simple,2697049,Severe acute respiratory syndrome coronavirus 2,MN26-MDH26,,,,,,,no,,,,,MINNESOTA DEPARTMENT OF HEALTH,SRA1099346,,public,E93079BC7C182F4B03FBC10A332536BA,6750F829CAFEB7123A62BE7E11A15C3B
SRR12227939,2020-07-15 11:41:46,2020-07-15 11:41:01,97823,38604061,0,394,33,,https://sra-download.ncbi.nlm.nih.gov/traces/sra21/SRR/011941/SRR12227939,SRX8736533,MN29-MDH29,AMPLICON,PCR,VIRAL RNA,SINGLE,0,0,OXFORD_NANOPORE,MinION,SRP269783,PRJNA628662,,628662,SRS7009177,SAMN15543074,simple,2697049,Severe acute respiratory syndrome coronavirus 2,MN29-MDH29,,,,,,,no,,,,,MINNESOTA DEPARTMENT OF HEALTH,SRA1099346,,public,FBD0769CD3ED110923D3CC5CBE579266,D948D71DF9F2F33741673FC22D4AAF40
SRR12229268,2020-07-15 14:56:34,2020-07-15 14:54:16,146801,74978635,0,510,63,,https://sra-download.ncbi.nlm.nih.gov/traces/sra48/SRR/011942/SRR12229268,SRX8737805,MN3-MDH3,AMPLICON,PCR,VIRAL RNA,SINGLE,0,0,OXFORD_NANOPORE,MinION,SRP269783,PRJNA628662,,628662,SRS7010365,SAMN15544568,simple,2697049,Severe acute respiratory syndrome coronavirus 2,MN3-MDH3,,,,,,,no,,,,,MINNESOTA DEPARTMENT OF HEALTH,SRA1099446,,public,FCE5DA79A24C39226AF18D9A4B85347F,B941C64CEF4BF59BC07074F4FDA8D84A
SRR12227938,2020-07-15 11:41:46,2020-07-15 11:40:41,55805,22853179,0,409,19,,https://sra-download.ncbi.nlm.nih.gov/traces/sra44/SRR/011941/SRR12227938,SRX8736534,MN30-MDH30,AMPLICON,PCR,VIRAL RNA,SINGLE,0,0,OXFORD_NANOPORE,MinION,SRP269783,PRJNA628662,,628662,SRS7009178,SAMN15543075,simple,2697049,Severe acute respiratory syndrome coronavirus 2,MN30-MDH30,,,,,,,no,,,,,MINNESOTA DEPARTMENT OF HEALTH,SRA1099346,,public,D64B328BBDE82D5A3C328F46E1434F0B,1955246A0E6643CE06A4C9CEEC8FE3AF
SRR12227937,2020-07-15 11:41:46,2020-07-15 11:40:58,37428,21961326,0,586,19,,https://sra-download.ncbi.nlm.nih.gov/traces/sra47/SRR/011941/SRR12227937,SRX8736535,MN31-MDH31,AMPLICON,PCR,VIRAL RNA,SINGLE,0,0,OXFORD_NANOPORE,MinION,SRP269783,PRJNA628662,,628662,SRS7009179,SAMN15543076,simple,2697049,Severe acute respiratory syndrome coronavirus 2,MN31-MDH31,,,,,,,no,,,,,MINNESOTA DEPARTMENT OF HEALTH,SRA1099346,,public,72A51BEFCE8B3153279A1ED2312A0BFC,242E27EED0AA593BC9C22E6A04A6C63A
SRR12227936,2020-07-15 12:12:38,2020-07-15 12:12:04,146148,84625110,0,579,74,,https://sra-download.ncbi.nlm.nih.gov/traces/sra48/SRR/011941/SRR12227936,SRX8736536,MN32-MDH32,AMPLICON,PCR,VIRAL RNA,SINGLE,0,0,OXFORD_NANOPORE,MinION,SRP269783,PRJNA628662,,628662,SRS7009180,SAMN15543077,simple,2697049,Severe acute respiratory syndrome coronavirus 2,MN32-MDH32,,,,,,,no,,,,,MINNESOTA DEPARTMENT OF HEALTH,SRA1099346,,public,DAF1A994EADBD7481A40DDCA4EE54E62,ADB8B3C3B605616D699891DEE099D190
SRR12227935,2020-07-15 11:41:46,2020-07-15 11:41:13,77647,45299849,0,583,39,,https://sra-download.ncbi.nlm.nih.gov/traces/sra68/SRR/011941/SRR12227935,SRX8736537,MN34-MDH34,AMPLICON,PCR,VIRAL RNA,SINGLE,0,0,OXFORD_NANOPORE,MinION,SRP269783,PRJNA628662,,628662,SRS7009181,SAMN15543078,simple,2697049,Severe acute respiratory syndrome coronavirus 2,MN34-MDH34,,,,,,,no,,,,,MINNESOTA DEPARTMENT OF HEALTH,SRA1099346,,public,B478E7A4E0C13C5AF9270EDBCDD2EC03,29D60C94E3B23D760828CD1D1CCEB585
SRR12227934,2020-07-15 12:24:54,2020-07-15 12:19:20,1345073,848194396,0,630,744,,https://sra-download.ncbi.nlm.nih.gov/traces/sra55/SRR/011941/SRR12227934,SRX8736538,MN35-MDH35,AMPLICON,PCR,VIRAL RNA,SINGLE,0,0,OXFORD_NANOPORE,MinION,SRP269783,PRJNA628662,,628662,SRS7009182,SAMN15543079,simple,2697049,Severe acute respiratory syndrome coronavirus 2,MN35-MDH35,,,,,,,no,,,,,MINNESOTA DEPARTMENT OF HEALTH,SRA1099346,,public,2D68BEAB0B5FAF3307C7204F0005304D,E0EDE29372A41AB93AF8295CCCA75388
SRR12227933,2020-07-15 11:41:46,2020-07-15 11:40:55,56294,33525091,0,595,29,,https://sra-download.ncbi.nlm.nih.gov/traces/sra10/SRR/011941/SRR12227933,SRX8736539,MN36-MDH36,AMPLICON,PCR,VIRAL RNA,SINGLE,0,0,OXFORD_NANOPORE,MinION,SRP269783,PRJNA628662,,628662,SRS7009183,SAMN15543080,simple,2697049,Severe acute respiratory syndrome coronavirus 2,MN36-MDH36,,,,,,,no,,,,,MINNESOTA DEPARTMENT OF HEALTH,SRA1099346,,public,6B42290402C980544055842BD4B8F3CD,40465AC6F8BACD56BBA8D0D98BCEB0CE
SRR12227932,2020-07-15 11:41:46,2020-07-15 11:41:22,161776,94542945,0,584,82,,https://sra-download.ncbi.nlm.nih.gov/traces/sra70/SRR/011941/SRR12227932,SRX8736540,MN38-MDH38,AMPLICON,PCR,VIRAL RNA,SINGLE,0,0,OXFORD_NANOPORE,MinION,SRP269783,PRJNA628662,,628662,SRS7009184,SAMN15543081,simple,2697049,Severe acute respiratory syndrome coronavirus 2,MN38-MDH38,,,,,,,no,,,,,MINNESOTA DEPARTMENT OF HEALTH,SRA1099346,,public,4B39C79C1014C808526475223350484A,0DB7A8F3C1747B60F9EBA45A59B27579
SRR12227949,2020-07-15 12:14:35,2020-07-15 12:12:54,382429,201184310,0,526,176,,https://sra-download.ncbi.nlm.nih.gov/traces/sra50/SRR/011941/SRR12227949,SRX8736523,MN39-MDH39,AMPLICON,PCR,VIRAL RNA,SINGLE,0,0,OXFORD_NANOPORE,MinION,SRP269783,PRJNA628662,,628662,SRS7009167,SAMN15543082,simple,2697049,Severe acute respiratory syndrome coronavirus 2,MN39-MDH39,,,,,,,no,,,,,MINNESOTA DEPARTMENT OF HEALTH,SRA1099346,,public,1E3CB70C983ADED77B588F0581CCA1FC,A761570A02BDADFFD5A195DA1D47C20B
SRR12136505,2020-07-06 09:38:16,2020-07-02 15:25:07,71486,29953588,0,419,25,,https://sra-download.ncbi.nlm.nih.gov/traces/sra77/SRR/011852/SRR12136505,SRX8657700,MN4-MDH4,AMPLICON,PCR,VIRAL RNA,SINGLE,0,0,OXFORD_NANOPORE,MinION,SRP269783,PRJNA628662,,628662,SRS6938962,SAMN15429080,simple,2697049,Severe acute respiratory syndrome coronavirus 2,MN4-MDH4,,,,,,,no,,,,,MINNESOTA DEPARTMENT OF HEALTH,SRA1094034,,public,AB584AE195B0EEA2DE19A03183072F2C,569530D6EE18BD6CE813063B4DF7FC81
SRR12227948,2020-07-15 11:41:45,2020-07-15 11:41:19,109938,62249892,0,566,54,,https://sra-download.ncbi.nlm.nih.gov/traces/sra5/SRR/011941/SRR12227948,SRX8736524,MN40-MDH40,AMPLICON,PCR,VIRAL RNA,SINGLE,0,0,OXFORD_NANOPORE,MinION,SRP269783,PRJNA628662,,628662,SRS7009168,SAMN15543083,simple,2697049,Severe acute respiratory syndrome coronavirus 2,MN40-MDH40,,,,,,,no,,,,,MINNESOTA DEPARTMENT OF HEALTH,SRA1099346,,public,3CB4FFB3DED3858F10BC538303336AEB,57DD06037C7C462B0BD0F82640E14F59
SRR12227947,2020-07-15 11:41:45,2020-07-15 11:40:55,95052,54459045,0,572,47,,https://sra-download.ncbi.nlm.nih.gov/traces/sra51/SRR/011941/SRR12227947,SRX8736525,MN41-MDH41,AMPLICON,PCR,VIRAL RNA,SINGLE,0,0,OXFORD_NANOPORE,MinION,SRP269783,PRJNA628662,,628662,SRS7009169,SAMN15543084,simple,2697049,Severe acute respiratory syndrome coronavirus 2,MN41-MDH41,,,,,,,no,,,,,MINNESOTA DEPARTMENT OF HEALTH,SRA1099346,,public,1F10762C6747C250A5FA35EFBE690DD9,41534ACBD4E13413FDD490349AA56236
SRR12227946,2020-07-15 12:12:38,2020-07-15 12:12:00,84818,48911534,0,576,42,,https://sra-download.ncbi.nlm.nih.gov/traces/sra35/SRR/011941/SRR12227946,SRX8736526,MN42-MDH42,AMPLICON,PCR,VIRAL RNA,SINGLE,0,0,OXFORD_NANOPORE,MinION,SRP269783,PRJNA628662,,628662,SRS7009170,SAMN15543085,simple,2697049,Severe acute respiratory syndrome coronavirus 2,MN42-MDH42,,,,,,,no,,,,,MINNESOTA DEPARTMENT OF HEALTH,SRA1099346,,public,E0FDB0FCD5A6D7DCD17AEAB01991F3CF,C3A1DA8C26BC0D9BF6E6B2A469CDBED0
SRR12227945,2020-07-15 11:41:45,2020-07-15 11:40:59,72874,43112913,0,591,37,,https://sra-download.ncbi.nlm.nih.gov/traces/sra72/SRR/011941/SRR12227945,SRX8736527,MN43-MDH43,AMPLICON,PCR,VIRAL RNA,SINGLE,0,0,OXFORD_NANOPORE,MinION,SRP269783,PRJNA628662,,628662,SRS7009171,SAMN15543086,simple,2697049,Severe acute respiratory syndrome coronavirus 2,MN43-MDH43,,,,,,,no,,,,,MINNESOTA DEPARTMENT OF HEALTH,SRA1099346,,public,ACEAF2CB9819C20A3CE9EC0F0395CD9B,9ACD0EAA715DBFBF7E7100719AA8BF51
SRR12227944,2020-07-15 11:43:31,2020-07-15 11:42:46,643808,337074701,0,523,295,,https://sra-download.ncbi.nlm.nih.gov/traces/sra72/SRR/011941/SRR12227944,SRX8736528,MN44-MDH44,AMPLICON,PCR,VIRAL RNA,SINGLE,0,0,OXFORD_NANOPORE,MinION,SRP269783,PRJNA628662,,628662,SRS7009172,SAMN15543087,simple,2697049,Severe acute respiratory syndrome coronavirus 2,MN44-MDH44,,,,,,,no,,,,,MINNESOTA DEPARTMENT OF HEALTH,SRA1099346,,public,16B99D90DEBFFE106A5B0DF6EDB02188,73C339C631CF284F0790A9EA9BE71CC6
SRR12227943,2020-07-15 12:12:38,2020-07-15 12:12:00,119271,66595624,0,558,58,,https://sra-download.ncbi.nlm.nih.gov/traces/sra6/SRR/011941/SRR12227943,SRX8736529,MN45-MDH45,AMPLICON,PCR,VIRAL RNA,SINGLE,0,0,OXFORD_NANOPORE,MinION,SRP269783,PRJNA628662,,628662,SRS7009173,SAMN15543088,simple,2697049,Severe acute respiratory syndrome coronavirus 2,MN45-MDH45,,,,,,,no,,,,,MINNESOTA DEPARTMENT OF HEALTH,SRA1099346,,public,58C19C62CA8A9591A06D47921443027F,AEC5E86FEAC3B2349DDF4CDBA53C4F2C
SRR12227942,2020-07-15 11:41:46,2020-07-15 11:41:16,174208,100283838,0,575,87,,https://sra-download.ncbi.nlm.nih.gov/traces/sra75/SRR/011941/SRR12227942,SRX8736530,MN46-MDH46,AMPLICON,PCR,VIRAL RNA,SINGLE,0,0,OXFORD_NANOPORE,MinION,SRP269783,PRJNA628662,,628662,SRS7009174,SAMN15543089,simple,2697049,Severe acute respiratory syndrome coronavirus 2,MN46-MDH46,,,,,,,no,,,,,MINNESOTA DEPARTMENT OF HEALTH,SRA1099346,,public,86847529DFD35E3FF826DF90327825B0,23FA5106D686D79FE7CD342595B26975
SRR12227941,2020-07-15 12:06:32,2020-07-15 12:02:15,83871,48255866,0,575,42,,https://sra-download.ncbi.nlm.nih.gov/traces/sra51/SRR/011941/SRR12227941,SRX8736531,MN47-MDH47,AMPLICON,PCR,VIRAL RNA,SINGLE,0,0,OXFORD_NANOPORE,MinION,SRP269783,PRJNA628662,,628662,SRS7009175,SAMN15543090,simple,2697049,Severe acute respiratory syndrome coronavirus 2,MN47-MDH47,,,,,,,no,,,,,MINNESOTA DEPARTMENT OF HEALTH,SRA1099346,,public,C9355F58457709BE1D15BC4E172CC63F,36A58489D8A890BB96C9E36A4E54B537
SRR12227940,2020-07-15 12:12:38,2020-07-15 12:12:33,169804,95455868,0,562,83,,https://sra-download.ncbi.nlm.nih.gov/traces/sra47/SRR/011941/SRR12227940,SRX8736532,MN48-MDH48,AMPLICON,PCR,VIRAL RNA,SINGLE,0,0,OXFORD_NANOPORE,MinION,SRP269783,PRJNA628662,,628662,SRS7009176,SAMN15543091,simple,2697049,Severe acute respiratory syndrome coronavirus 2,MN48-MDH48,,,,,,,no,,,,,MINNESOTA DEPARTMENT OF HEALTH,SRA1099346,,public,0150307CE7A7B8A50BE9FBFCC635FD3E,3372D58E8E7030ADE4FE6D056FFEA75F
SRR12136504,2020-07-06 09:38:16,2020-07-02 15:22:45,101064,44950497,0,444,39,,https://sra-download.ncbi.nlm.nih.gov/traces/sra45/SRR/011852/SRR12136504,SRX8657701,MN5-MDH5,AMPLICON,PCR,VIRAL RNA,SINGLE,0,0,OXFORD_NANOPORE,MinION,SRP269783,PRJNA628662,,628662,SRS6938963,SAMN15429081,simple,2697049,Severe acute respiratory syndrome coronavirus 2,MN5-MDH5,,,,,,,no,,,,,MINNESOTA DEPARTMENT OF HEALTH,SRA1094034,,public,7231F2B160A5145FB0B7833CB63B2BF3,2550283A4214CC5DAAE437B6DC66D86E
SRR12228757,2020-07-15 14:26:36,2020-07-15 14:24:07,243016,138057387,0,568,120,,https://sra-download.ncbi.nlm.nih.gov/traces/sra78/SRR/011942/SRR12228757,SRX8737250,MN51-MDH51,AMPLICON,PCR,VIRAL RNA,SINGLE,0,0,OXFORD_NANOPORE,MinION,SRP269783,PRJNA628662,,628662,SRS7009849,SAMN15543567,simple,2697049,Severe acute respiratory syndrome coronavirus 2,MN51-MDH51,,,,,,,no,,,,,MINNESOTA DEPARTMENT OF HEALTH,SRA1099376,,public,A43FC2E00FCC3F3CCF033962AF90FA4C,84A0CB62C3C7B9B62F4754BF02AD5FC8
SRR12228756,2020-07-15 14:23:45,2020-07-15 14:22:53,157792,92212823,0,584,80,,https://sra-download.ncbi.nlm.nih.gov/traces/sra51/SRR/011942/SRR12228756,SRX8737251,MN52-MDH52,AMPLICON,PCR,VIRAL RNA,SINGLE,0,0,OXFORD_NANOPORE,MinION,SRP269783,PRJNA628662,,628662,SRS7009850,SAMN15543568,simple,2697049,Severe acute respiratory syndrome coronavirus 2,MN52-MDH52,,,,,,,no,,,,,MINNESOTA DEPARTMENT OF HEALTH,SRA1099376,,public,92D56FF076AC208AC0F814BFA8F53F9D,1CB175C349301509DAB0BFD11F8134C5
SRR12228745,2020-07-15 14:23:45,2020-07-15 14:23:14,119986,69817916,0,581,61,,https://sra-download.ncbi.nlm.nih.gov/traces/sra73/SRR/011942/SRR12228745,SRX8737262,MN53-MDH53,AMPLICON,PCR,VIRAL RNA,SINGLE,0,0,OXFORD_NANOPORE,MinION,SRP269783,PRJNA628662,,628662,SRS7009861,SAMN15543569,simple,2697049,Severe acute respiratory syndrome coronavirus 2,MN53-MDH53,,,,,,,no,,,,,MINNESOTA DEPARTMENT OF HEALTH,SRA1099376,,public,E04678C89C744398DCD4CB53C71A709C,F98EF8D3AC6278358C1E47099EC1FDC4
SRR12228734,2020-07-15 13:54:32,2020-07-15 13:52:47,166670,93700339,0,562,82,,https://sra-download.ncbi.nlm.nih.gov/traces/sra33/SRR/011942/SRR12228734,SRX8737273,MN55-MDH55,AMPLICON,PCR,VIRAL RNA,SINGLE,0,0,OXFORD_NANOPORE,MinION,SRP269783,PRJNA628662,,628662,SRS7009872,SAMN15543570,simple,2697049,Severe acute respiratory syndrome coronavirus 2,MN55-MDH55,,,,,,,no,,,,,MINNESOTA DEPARTMENT OF HEALTH,SRA1099376,,public,394E7667BE30CCCB14594236E3A2C2AB,8B38B33442AB4A6FB7940A235BB04DC7
SRR12228723,2020-07-15 13:54:32,2020-07-15 13:53:46,783560,469500699,0,599,411,,https://sra-download.ncbi.nlm.nih.gov/traces/sra51/SRR/011942/SRR12228723,SRX8737284,MN56-MDH56,AMPLICON,PCR,VIRAL RNA,SINGLE,0,0,OXFORD_NANOPORE,MinION,SRP269783,PRJNA628662,,628662,SRS7009883,SAMN15543571,simple,2697049,Severe acute respiratory syndrome coronavirus 2,MN56-MDH56,,,,,,,no,,,,,MINNESOTA DEPARTMENT OF HEALTH,SRA1099376,,public,D6EF824C0CD28D7256C9E87FB9037964,AC3791CB86CD737C27DAC4415D06F62F
SRR12228719,2020-07-15 14:02:56,2020-07-15 14:02:16,106180,60910980,0,573,53,,https://sra-download.ncbi.nlm.nih.gov/traces/sra21/SRR/011942/SRR12228719,SRX8737288,MN57-MDH57,AMPLICON,PCR,VIRAL RNA,SINGLE,0,0,OXFORD_NANOPORE,MinION,SRP269783,PRJNA628662,,628662,SRS7009887,SAMN15543572,simple,2697049,Severe acute respiratory syndrome coronavirus 2,MN57-MDH57,,,,,,,no,,,,,MINNESOTA DEPARTMENT OF HEALTH,SRA1099376,,public,F7152B9A1C5B632F06F361AC61320810,13A83907E15790906417D3D0BD71AAE0
SRR12228718,2020-07-15 13:52:14,2020-07-15 13:51:41,89029,51582894,0,579,45,,https://sra-download.ncbi.nlm.nih.gov/traces/sra0/SRR/011942/SRR12228718,SRX8737289,MN58-MDH58,AMPLICON,PCR,VIRAL RNA,SINGLE,0,0,OXFORD_NANOPORE,MinION,SRP269783,PRJNA628662,,628662,SRS7009888,SAMN15543573,simple,2697049,Severe acute respiratory syndrome coronavirus 2,MN58-MDH58,,,,,,,no,,,,,MINNESOTA DEPARTMENT OF HEALTH,SRA1099376,,public,A388A95D40916E5A5442B4F57AFA7B37,8ABCF64F8019071FC3783C602BDFBD6E
SRR12228717,2020-07-15 14:23:45,2020-07-15 13:51:48,67259,38722248,0,575,33,,https://sra-download.ncbi.nlm.nih.gov/traces/sra58/SRR/011942/SRR12228717,SRX8737290,MN59-MDH59,AMPLICON,PCR,VIRAL RNA,SINGLE,0,0,OXFORD_NANOPORE,MinION,SRP269783,PRJNA628662,,628662,SRS7009889,SAMN15543574,simple,2697049,Severe acute respiratory syndrome coronavirus 2,MN59-MDH59,,,,,,,no,,,,,MINNESOTA DEPARTMENT OF HEALTH,SRA1099376,,public,CA7D1A39C6D2698B6815777C57FDEEB1,55935BE81D37A62C9E70FE91B53F2833
SRR12228716,2020-07-15 13:52:14,2020-07-15 13:47:54,39816,19718146,0,495,17,,https://sra-download.ncbi.nlm.nih.gov/traces/sra33/SRR/011942/SRR12228716,SRX8737291,MN60-MDH60,AMPLICON,PCR,VIRAL RNA,SINGLE,0,0,OXFORD_NANOPORE,MinION,SRP269783,PRJNA628662,,628662,SRS7009890,SAMN15543575,simple,2697049,Severe acute respiratory syndrome coronavirus 2,MN60-MDH60,,,,,,,no,,,,,MINNESOTA DEPARTMENT OF HEALTH,SRA1099376,,public,4B8B10C23FC68062E053093E0B65E8CD,15907F49BCF6F7A5CBDB1003261093E5
SRR12228715,2020-07-15 13:52:14,2020-07-15 13:51:54,37973,18122468,0,477,15,,https://sra-download.ncbi.nlm.nih.gov/traces/sra46/SRR/011942/SRR12228715,SRX8737292,MN61-MDH61,AMPLICON,PCR,VIRAL RNA,SINGLE,0,0,OXFORD_NANOPORE,MinION,SRP269783,PRJNA628662,,628662,SRS7009891,SAMN15543576,simple,2697049,Severe acute respiratory syndrome coronavirus 2,MN61-MDH61,,,,,,,no,,,,,MINNESOTA DEPARTMENT OF HEALTH,SRA1099376,,public,CA513F6E23155DAE6AEBACA0B7CB7C96,0339D2FEAEE2EBCA3E1993516757F6CA
SRR12228755,2020-07-15 14:23:45,2020-07-15 14:22:51,68778,33048684,0,480,28,,https://sra-download.ncbi.nlm.nih.gov/traces/sra48/SRR/011942/SRR12228755,SRX8737252,MN62-MDH62,AMPLICON,PCR,VIRAL RNA,SINGLE,0,0,OXFORD_NANOPORE,MinION,SRP269783,PRJNA628662,,628662,SRS7009851,SAMN15543577,simple,2697049,Severe acute respiratory syndrome coronavirus 2,MN62-MDH62,,,,,,,no,,,,,MINNESOTA DEPARTMENT OF HEALTH,SRA1099376,,public,963B3ACAE25A704BB154B391CD91962E,54D4672DE57C14361C5B7F38C391564F
SRR12228754,2020-07-15 14:23:45,2020-07-15 14:22:36,52403,25344569,0,483,22,,https://sra-download.ncbi.nlm.nih.gov/traces/sra62/SRR/011942/SRR12228754,SRX8737253,MN63-MDH63,AMPLICON,PCR,VIRAL RNA,SINGLE,0,0,OXFORD_NANOPORE,MinION,SRP269783,PRJNA628662,,628662,SRS7009852,SAMN15543578,simple,2697049,Severe acute respiratory syndrome coronavirus 2,MN63-MDH63,,,,,,,no,,,,,MINNESOTA DEPARTMENT OF HEALTH,SRA1099376,,public,529DE5C709199C89EA89597D9DBC40EE,AE3AED35EC4C7F2009BD485B8237C710
SRR12228753,2020-07-15 14:26:36,2020-07-15 14:24:44,765261,374516145,0,489,326,,https://sra-download.ncbi.nlm.nih.gov/traces/sra15/SRR/011942/SRR12228753,SRX8737254,MN64-MDH64,AMPLICON,PCR,VIRAL RNA,SINGLE,0,0,OXFORD_NANOPORE,MinION,SRP269783,PRJNA628662,,628662,SRS7009853,SAMN15543579,simple,2697049,Severe acute respiratory syndrome coronavirus 2,MN64-MDH64,,,,,,,no,,,,,MINNESOTA DEPARTMENT OF HEALTH,SRA1099376,,public,B8E3FCBAD7A60EB2CDC62A0F07F254A9,A3B352123AF67D441A53837B6E775359
SRR12228752,2020-07-15 14:23:45,2020-07-15 14:23:20,121984,60041031,0,492,52,,https://sra-download.ncbi.nlm.nih.gov/traces/sra68/SRR/011942/SRR12228752,SRX8737255,MN65-MDH65,AMPLICON,PCR,VIRAL RNA,SINGLE,0,0,OXFORD_NANOPORE,MinION,SRP269783,PRJNA628662,,628662,SRS7009854,SAMN15543580,simple,2697049,Severe acute respiratory syndrome coronavirus 2,MN65-MDH65,,,,,,,no,,,,,MINNESOTA DEPARTMENT OF HEALTH,SRA1099376,,public,84BA7129DA4347B7250658F32DFEBE54,905B29E9DD47C1748ABAD4CCFC815AE4
SRR12228751,2020-07-15 14:23:45,2020-07-15 14:23:33,80959,38995926,0,481,34,,https://sra-download.ncbi.nlm.nih.gov/traces/sra47/SRR/011942/SRR12228751,SRX8737256,MN66-MDH66,AMPLICON,PCR,VIRAL RNA,SINGLE,0,0,OXFORD_NANOPORE,MinION,SRP269783,PRJNA628662,,628662,SRS7009855,SAMN15543581,simple,2697049,Severe acute respiratory syndrome coronavirus 2,MN66-MDH66,,,,,,,no,,,,,MINNESOTA DEPARTMENT OF HEALTH,SRA1099376,,public,3C11B7E005A80A9D7CBE34605A074551,735BC1ABDF7117A8AA78A2A9E0BF6E6D
SRR12228750,2020-07-15 14:23:45,2020-07-15 14:22:38,69167,33088063,0,478,28,,https://sra-download.ncbi.nlm.nih.gov/traces/sra52/SRR/011942/SRR12228750,SRX8737257,MN67-MDH67,AMPLICON,PCR,VIRAL RNA,SINGLE,0,0,OXFORD_NANOPORE,MinION,SRP269783,PRJNA628662,,628662,SRS7009856,SAMN15543582,simple,2697049,Severe acute respiratory syndrome coronavirus 2,MN67-MDH67,,,,,,,no,,,,,MINNESOTA DEPARTMENT OF HEALTH,SRA1099376,,public,A423DB3D1EAD569D61775B21A1814AF1,69B0B7F4E088B37EF6327F9F0BC0133D
SRR12228749,2020-07-15 14:23:45,2020-07-15 14:22:52,59838,30481217,0,509,26,,https://sra-download.ncbi.nlm.nih.gov/traces/sra74/SRR/011942/SRR12228749,SRX8737258,MN68-MDH68,AMPLICON,PCR,VIRAL RNA,SINGLE,0,0,OXFORD_NANOPORE,MinION,SRP269783,PRJNA628662,,628662,SRS7009857,SAMN15543583,simple,2697049,Severe acute respiratory syndrome coronavirus 2,MN68-MDH68,,,,,,,no,,,,,MINNESOTA DEPARTMENT OF HEALTH,SRA1099376,,public,8F09BAB6C2958B813E7E0AE8C69C858A,1DA076A724409422333F6D7BF30ECEA1
SRR12228748,2020-07-15 14:23:45,2020-07-15 14:22:59,86393,41623159,0,481,36,,https://sra-download.ncbi.nlm.nih.gov/traces/sra38/SRR/011942/SRR12228748,SRX8737259,MN69-MDH69,AMPLICON,PCR,VIRAL RNA,SINGLE,0,0,OXFORD_NANOPORE,MinION,SRP269783,PRJNA628662,,628662,SRS7009858,SAMN15543584,simple,2697049,Severe acute respiratory syndrome coronavirus 2,MN69-MDH69,,,,,,,no,,,,,MINNESOTA DEPARTMENT OF HEALTH,SRA1099376,,public,45C484E9C0FE3C0A8DE3CAE2ECE0B705,B59A24A6B7BC6BA31D91C922B3B05849

