Run,ReleaseDate,LoadDate,spots,bases,spots_with_mates,avgLength,size_MB,AssemblyName,download_path,Experiment,LibraryName,LibraryStrategy,LibrarySelection,LibrarySource,LibraryLayout,InsertSize,InsertDev,Platform,Model,SRAStudy,BioProject,Study_Pubmed_id,ProjectID,Sample,BioSample,SampleType,TaxID,ScientificName,SampleName,g1k_pop_code,source,g1k_analysis_group,Subject_ID,Sex,Disease,Tumor,Affection_Status,Analyte_Type,Histological_Type,Body_Site,CenterName,Submission,dbgap_study_accession,Consent,RunHash,ReadHash
SRR11397727,2020/3/24 2:56,2020/3/24 2:17,843864,331553326,0,392,290,,https://sra-download.ncbi.nlm.nih.gov/traces/sra60/SRR/011130/SRR11397727,SRX7976447,VIC02_ONT,AMPLICON,PCR,VIRAL RNA,SINGLE,0,0,OXFORD_NANOPORE,MinION,SRP253798,PRJNA613958,,613958,SRS6361185,SAMN14422702,simple,2697049,Severe acute respiratory syndrome coronavirus 2,hCoV-19/Australia/VIC02/2020,,,,,,,no,,,,,THE PETER DOHERTY INSTITUTE FOR INFECTION AND IMMUNITY,SRA1058630,,public,404899E2EBD2F2D87FD8F6D78E55CDA0,3FC016D78F23A214116D0412AF4C3F1A
SRR11397726,2020/3/24 2:56,2020/3/24 2:17,912052,363340838,0,398,317,,https://sra-download.ncbi.nlm.nih.gov/traces/sra62/SRR/011130/SRR11397726,SRX7976448,VIC03_ONT,AMPLICON,PCR,VIRAL RNA,SINGLE,0,0,OXFORD_NANOPORE,MinION,SRP253798,PRJNA613958,,613958,SRS6361187,SAMN14422703,simple,2697049,Severe acute respiratory syndrome coronavirus 2,hCoV-19/Australia/VIC03/2020,,,,,,,no,,,,,THE PETER DOHERTY INSTITUTE FOR INFECTION AND IMMUNITY,SRA1058630,,public,D97B3AB175EBE29AD2B20ED3DCB039D8,08BB847466CB488773AB1B03165F2A95
SRR11397725,2020/3/24 2:56,2020/3/24 2:15,581265,236813764,0,407,207,,https://sra-download.ncbi.nlm.nih.gov/traces/sra61/SRR/011130/SRR11397725,SRX7976449,VIC04_ONT,AMPLICON,PCR,VIRAL RNA,SINGLE,0,0,OXFORD_NANOPORE,MinION,SRP253798,PRJNA613958,,613958,SRS6361188,SAMN14422704,simple,2697049,Severe acute respiratory syndrome coronavirus 2,hCoV-19/Australia/VIC04/2020,,,,,,,no,,,,,THE PETER DOHERTY INSTITUTE FOR INFECTION AND IMMUNITY,SRA1058630,,public,B83A422954F580CDA742DEE275C8E481,9FD14ECE708ECEE3E5D8199C736ECBDF
SRR11397724,2020/3/24 2:56,2020/3/24 2:16,543649,221112159,0,406,193,,https://sra-download.ncbi.nlm.nih.gov/traces/sra58/SRR/011130/SRR11397724,SRX7976450,VIC05_ONT,AMPLICON,PCR,VIRAL RNA,SINGLE,0,0,OXFORD_NANOPORE,MinION,SRP253798,PRJNA613958,,613958,SRS6361189,SAMN14422705,simple,2697049,Severe acute respiratory syndrome coronavirus 2,hCoV-19/Australia/VIC05/2020,,,,,,,no,,,,,THE PETER DOHERTY INSTITUTE FOR INFECTION AND IMMUNITY,SRA1058630,,public,2A3A48BE775A82B01176C926825D0870,7D0AB354A61D437750D8FB199F25F493
SRR11397723,2020/3/24 2:56,2020/3/24 2:15,477700,187769236,0,393,164,,https://sra-download.ncbi.nlm.nih.gov/traces/sra60/SRR/011130/SRR11397723,SRX7976451,VIC06_ONT,AMPLICON,PCR,VIRAL RNA,SINGLE,0,0,OXFORD_NANOPORE,MinION,SRP253798,PRJNA613958,,613958,SRS6361190,SAMN14422706,simple,2697049,Severe acute respiratory syndrome coronavirus 2,hCoV-19/Australia/VIC06/2020,,,,,,,no,,,,,THE PETER DOHERTY INSTITUTE FOR INFECTION AND IMMUNITY,SRA1058630,,public,57EC59E2889E5840C5A13186B17FCE82,E5F8B3C25A82E832987A725FBC60F461
SRR11397722,2020/3/24 2:56,2020/3/24 2:16,968410,381016503,0,393,333,,https://sra-download.ncbi.nlm.nih.gov/traces/sra62/SRR/011130/SRR11397722,SRX7976452,VIC07_ONT,AMPLICON,PCR,VIRAL RNA,SINGLE,0,0,OXFORD_NANOPORE,MinION,SRP253798,PRJNA613958,,613958,SRS6361191,SAMN14422707,simple,2697049,Severe acute respiratory syndrome coronavirus 2,hCoV-19/Australia/VIC07/2020,,,,,,,no,,,,,THE PETER DOHERTY INSTITUTE FOR INFECTION AND IMMUNITY,SRA1058630,,public,B881B595527A602E918AEB25C3EB7195,ABC9244B34F05C75BA605E43E41D0F98
