Run,ReleaseDate,LoadDate,spots,bases,spots_with_mates,avgLength,size_MB,AssemblyName,download_path,Experiment,LibraryName,LibraryStrategy,LibrarySelection,LibrarySource,LibraryLayout,InsertSize,InsertDev,Platform,Model,SRAStudy,BioProject,Study_Pubmed_id,ProjectID,Sample,BioSample,SampleType,TaxID,ScientificName,SampleName,g1k_pop_code,source,g1k_analysis_group,Subject_ID,Sex,Disease,Tumor,Affection_Status,Analyte_Type,Histological_Type,Body_Site,CenterName,Submission,dbgap_study_accession,Consent,RunHash,ReadHash
SRR11844878,2020-06-01 00:08:21,2020-05-25 22:49:28,853213,496931872,0,582,437,,https://sra-download.ncbi.nlm.nih.gov/traces/sra54/SRR/011567/SRR11844878,SRX8395222,HKSH0003,AMPLICON,PCR,GENOMIC,SINGLE,0,0,OXFORD_NANOPORE,MinION,SRP263605,PRJNA634965,,634965,SRS6708284,SAMN15013847,simple,2697049,Severe acute respiratory syndrome coronavirus 2,HKSH0003,,,,,,,no,,,,,HONG KONG SANATORIUM & HOSPITAL,SRA1079592,,public,9191CE245888C6ADE4988E9442888256,A65680557CE75D8A7C7A4FE29E72F27D
SRR11844877,2020-06-01 00:08:21,2020-05-25 22:49:34,781048,533901813,0,683,472,,https://sra-download.ncbi.nlm.nih.gov/traces/sra69/SRR/011567/SRR11844877,SRX8395223,HKSH0004,AMPLICON,PCR,GENOMIC,SINGLE,0,0,OXFORD_NANOPORE,MinION,SRP263605,PRJNA634965,,634965,SRS6708285,SAMN15013848,simple,2697049,Severe acute respiratory syndrome coronavirus 2,HKSH0004,,,,,,,no,,,,,HONG KONG SANATORIUM & HOSPITAL,SRA1079592,,public,BA9273011AF764AFD1C61BB1C4370C8B,1408DFD22AC3091DB003BE88021D419E
SRR11852109,2020-06-02 00:00:28,2020-05-26 22:38:36,16122660,7740299021,0,480,6805,,https://sra-download.ncbi.nlm.nih.gov/traces/sra4/SRR/011574/SRR11852109,SRX8402219,HKSH0007,AMPLICON,PCR,GENOMIC,SINGLE,0,0,OXFORD_NANOPORE,MinION,SRP263605,PRJNA634965,,634965,SRS6714869,SAMN15028143,simple,2697049,Severe acute respiratory syndrome coronavirus 2,HKSH0007,,,,,,,no,,,,,HONG KONG SANATORIUM & HOSPITAL,SRA1080061,,public,3773A787C35A24A5E015545498E2FA51,87887D14D1E2AB61FAC3BF5533585E2C

