Run,ReleaseDate,LoadDate,spots,bases,spots_with_mates,avgLength,size_MB,AssemblyName,download_path,Experiment,LibraryName,LibraryStrategy,LibrarySelection,LibrarySource,LibraryLayout,InsertSize,InsertDev,Platform,Model,SRAStudy,BioProject,Study_Pubmed_id,ProjectID,Sample,BioSample,SampleType,TaxID,ScientificName,SampleName,g1k_pop_code,source,g1k_analysis_group,Subject_ID,Sex,Disease,Tumor,Affection_Status,Analyte_Type,Histological_Type,Body_Site,CenterName,Submission,dbgap_study_accession,Consent,RunHash,ReadHash
SRR12209729,2020-07-13 12:02:15,2020-07-13 11:58:53,114879,58446889,0,508,51,,https://sra-download.ncbi.nlm.nih.gov/traces/sra60/SRR/011923/SRR12209729,SRX8720518,ONT-RBK-S1,AMPLICON,RT-PCR,VIRAL RNA,SINGLE,0,0,OXFORD_NANOPORE,MinION,SRP271588,PRJNA645718,,645718,SRS6995742,SAMN15514591,simple,2697049,Severe acute respiratory syndrome coronavirus 2,AKL-MU-1,,,,,,,no,,,,,MASSEY UNIVERSITY,SRA1098098,,public,94D766BE3DA824466D6D3105C9D416CF,7F419F3C494C7B222ADFAB84A2014704
SRR12209728,2020-07-13 12:02:15,2020-07-13 11:58:44,58899,26918002,0,457,23,,https://sra-download.ncbi.nlm.nih.gov/traces/sra38/SRR/011923/SRR12209728,SRX8720519,ONT-RBK-S2,AMPLICON,RT-PCR,VIRAL RNA,SINGLE,0,0,OXFORD_NANOPORE,MinION,SRP271588,PRJNA645718,,645718,SRS6995743,SAMN15514592,simple,2697049,Severe acute respiratory syndrome coronavirus 2,AKL-MU-2,,,,,,,no,,,,,MASSEY UNIVERSITY,SRA1098098,,public,877E9230B2C290D675A46A1A3DDDCEF4,10E36658F3BCA50152D402461877AF39
SRR12209727,2020-07-13 12:02:15,2020-07-13 11:58:49,56842,26118431,0,459,23,,https://sra-download.ncbi.nlm.nih.gov/traces/sra19/SRR/011923/SRR12209727,SRX8720520,ONT-RBK-S3,AMPLICON,RT-PCR,VIRAL RNA,SINGLE,0,0,OXFORD_NANOPORE,MinION,SRP271588,PRJNA645718,,645718,SRS6995744,SAMN15514593,simple,2697049,Severe acute respiratory syndrome coronavirus 2,AKL-MU-3,,,,,,,no,,,,,MASSEY UNIVERSITY,SRA1098098,,public,4005EDCC86DC05168D363E0EDC0D2F68,D7FB53F83CC5BC2722843E6C5B90AC89
SRR12209726,2020-07-13 12:02:15,2020-07-13 11:58:47,53001,25871724,0,488,22,,https://sra-download.ncbi.nlm.nih.gov/traces/sra80/SRR/011923/SRR12209726,SRX8720521,ONT-RBK-S4,AMPLICON,RT-PCR,VIRAL RNA,SINGLE,0,0,OXFORD_NANOPORE,MinION,SRP271588,PRJNA645718,,645718,SRS6995745,SAMN15514594,simple,2697049,Severe acute respiratory syndrome coronavirus 2,AKL-MU-4,,,,,,,no,,,,,MASSEY UNIVERSITY,SRA1098098,,public,8E3B7ACB46FFFAFC9CDBE26584BF35D4,9B37FE32C1DBF2B9E6E6B51A4EB4772B
SRR12209725,2020-07-13 12:02:15,2020-07-13 11:58:50,45168,22086531,0,488,19,,https://sra-download.ncbi.nlm.nih.gov/traces/sra63/SRR/011923/SRR12209725,SRX8720522,ONT-RBK-S5,AMPLICON,RT-PCR,VIRAL RNA,SINGLE,0,0,OXFORD_NANOPORE,MinION,SRP271588,PRJNA645718,,645718,SRS6995746,SAMN15514595,simple,2697049,Severe acute respiratory syndrome coronavirus 2,AKL-MU-5,,,,,,,no,,,,,MASSEY UNIVERSITY,SRA1098098,,public,9E65D4CA7954C592597F2C37C55D59C6,684616AB3F5E1CDD0DD332DC23D2344E

