Run,ReleaseDate,LoadDate,spots,bases,spots_with_mates,avgLength,size_MB,AssemblyName,download_path,Experiment,LibraryName,LibraryStrategy,LibrarySelection,LibrarySource,LibraryLayout,InsertSize,InsertDev,Platform,Model,SRAStudy,BioProject,Study_Pubmed_id,ProjectID,Sample,BioSample,SampleType,TaxID,ScientificName,SampleName,g1k_pop_code,source,g1k_analysis_group,Subject_ID,Sex,Disease,Tumor,Affection_Status,Analyte_Type,Histological_Type,Body_Site,CenterName,Submission,dbgap_study_accession,Consent,RunHash,ReadHash
SRR13312487,2020-12-29 13:18:26,2020-12-28 11:18:39,26618,17927044,0,673,15,,https://sra-download.ncbi.nlm.nih.gov/traces/sra78/SRR/013000/SRR13312487,SRX9740384,COVID-19-C198,AMPLICON,cDNA,VIRAL RNA,SINGLE,0,0,OXFORD_NANOPORE,MinION,SRP299434,PRJNA688208,,688208,SRS7928285,SAMN17170389,simple,2697049,Severe acute respiratory syndrome coronavirus 2,hCoV-19/Italy/Florence-C198/2020,,,,,,,no,,,,,UNIVERSITY OF GENOA,SRA1178158,,public,C7DD33F129636DAE0B2CA5DBE9399E3D,EB03D84310DE2F6C8B1718B3E20E1D81
SRR13312486,2020-12-29 13:18:26,2020-12-28 11:18:57,33853,49212994,0,1453,42,,https://sra-download.ncbi.nlm.nih.gov/traces/sra68/SRR/013000/SRR13312486,SRX9740385,COVID-19-C266,AMPLICON,cDNA,VIRAL RNA,SINGLE,0,0,OXFORD_NANOPORE,MinION,SRP299434,PRJNA688208,,688208,SRS7928286,SAMN17170390,simple,2697049,Severe acute respiratory syndrome coronavirus 2,hCoV-19/Italy/Florence-C266/2020,,,,,,,no,,,,,UNIVERSITY OF GENOA,SRA1178158,,public,8BA4E06D50FC08FD91F0B0AEADB52D15,FE5D5E854DA7056C58B59BB5193D94F9
SRR13312488,2020-12-29 13:18:26,2020-12-28 11:18:31,15233,21054177,0,1382,18,,https://sra-download.ncbi.nlm.nih.gov/traces/sra62/SRR/013000/SRR13312488,SRX9740383,COVID-19-C44,AMPLICON,cDNA,VIRAL RNA,SINGLE,0,0,OXFORD_NANOPORE,MinION,SRP299434,PRJNA688208,,688208,SRS7928284,SAMN17170388,simple,2697049,Severe acute respiratory syndrome coronavirus 2,hCoV-19/Italy/Florence-C44/2020,,,,,,,no,,,,,UNIVERSITY OF GENOA,SRA1178158,,public,CCDD4D453418D052DC51C3FC0B2ADACA,11B3941C7769C8FC4BEF50FBFB6BAAE2

