Run,ReleaseDate,LoadDate,spots,bases,spots_with_mates,avgLength,size_MB,AssemblyName,download_path,Experiment,LibraryName,LibraryStrategy,LibrarySelection,LibrarySource,LibraryLayout,InsertSize,InsertDev,Platform,Model,SRAStudy,BioProject,Study_Pubmed_id,ProjectID,Sample,BioSample,SampleType,TaxID,ScientificName,SampleName,g1k_pop_code,source,g1k_analysis_group,Subject_ID,Sex,Disease,Tumor,Affection_Status,Analyte_Type,Histological_Type,Body_Site,CenterName,Submission,dbgap_study_accession,Consent,RunHash,ReadHash
SRR11178057,2020-03-11 14:17:31,2020-02-25 09:37:51,1089986,518864113,0,476,453,,https://sra-downloadb.be-md.ncbi.nlm.nih.gov/sos3/sra-pub-run-21/SRR11178057/SRR11178057.1,SRX7798729,SARS-CoV-2/HKU-902a/2020,WGS,RANDOM,GENOMIC,SINGLE,0,0,OXFORD_NANOPORE,MinION,SRP250661,PRJNA608242,,608242,SRS6213606,SAMN14168013,simple,2697049,Severe acute respiratory syndrome coronavirus 2,SARS-CoV-2/HKU-902a/2020,,,,,,,no,,,,,UNIVERSITY OF HONG KONG,SRA1047925,,public,D67FAAFBA152C74CCE1E5115AB413C12,2004B9380374CD542F095362F8336C23
SRR11178056,2020-03-11 14:17:31,2020-02-25 09:37:16,808223,443789956,0,549,386,,https://sra-downloadb.be-md.ncbi.nlm.nih.gov/sos3/sra-pub-run-20/SRR11178056/SRR11178056.1,SRX7798730,SARS-CoV-2/HKU-902b/2020,WGS,RANDOM,GENOMIC,SINGLE,0,0,OXFORD_NANOPORE,MinION,SRP250661,PRJNA608242,,608242,SRS6213607,SAMN14168014,simple,2697049,Severe acute respiratory syndrome coronavirus 2,SARS-CoV-2/HKU-902b/2020,,,,,,,no,,,,,UNIVERSITY OF HONG KONG,SRA1047925,,public,4234E9C19F1A790335B1BFEE18873A58,2B1B26B5E71B1164EFDD1C90E460FE14
SRR11178055,2020-03-11 14:17:31,2020-02-25 09:37:16,1052685,600378949,0,570,528,,https://sra-downloadb.be-md.ncbi.nlm.nih.gov/sos3/sra-pub-run-19/SRR11178055/SRR11178055.1,SRX7798731,SARS-CoV-2/HKU-903a/2020,WGS,RANDOM,GENOMIC,SINGLE,0,0,OXFORD_NANOPORE,MinION,SRP250661,PRJNA608242,,608242,SRS6213608,SAMN14168015,simple,2697049,Severe acute respiratory syndrome coronavirus 2,SARS-CoV-2/HKU-903a/2020,,,,,,,no,,,,,UNIVERSITY OF HONG KONG,SRA1047925,,public,05A3ABA14CD244CAA4B3A70202BD1D7D,3A039E7F52195F1BD4D4EE83AB3EBD80
SRR11178054,2020-03-11 14:17:31,2020-02-25 09:37:18,586546,316335060,0,539,274,,https://sra-downloadb.be-md.ncbi.nlm.nih.gov/sos3/sra-pub-run-21/SRR11178054/SRR11178054.1,SRX7798732,SARS-CoV-2/HKU-903b/2020,WGS,RANDOM,GENOMIC,SINGLE,0,0,OXFORD_NANOPORE,MinION,SRP250661,PRJNA608242,,608242,SRS6213609,SAMN14168016,simple,2697049,Severe acute respiratory syndrome coronavirus 2,SARS-CoV-2/HKU-903b/2020,,,,,,,no,,,,,UNIVERSITY OF HONG KONG,SRA1047925,,public,50C5644966C815AB64D3B9DBBB894C12,06FF29F8249D4214A678D2DB6C07E22E
SRR11178053,2020-03-11 14:17:31,2020-02-25 09:37:19,860687,363625817,0,422,315,,https://sra-downloadb.be-md.ncbi.nlm.nih.gov/sos3/sra-pub-run-20/SRR11178053/SRR11178053.1,SRX7798733,SARS-CoV-2/HKU-907a/2020,WGS,RANDOM,GENOMIC,SINGLE,0,0,OXFORD_NANOPORE,MinION,SRP250661,PRJNA608242,,608242,SRS6213610,SAMN14168017,simple,2697049,Severe acute respiratory syndrome coronavirus 2,SARS-CoV-2/HKU-907a/2020,,,,,,,no,,,,,UNIVERSITY OF HONG KONG,SRA1047925,,public,C81C7A1D4E6F31F7006095B6B0DD0FD6,A16486CE3D51F51CBF7FA1B74D8E68E0
SRR11178052,2020-03-11 14:17:31,2020-02-25 09:38:10,2142901,1000052155,0,466,879,,https://sra-downloadb.be-md.ncbi.nlm.nih.gov/sos3/sra-pub-run-19/SRR11178052/SRR11178052.1,SRX7798734,SARS-CoV-2/HKU-907b/2020,WGS,RANDOM,GENOMIC,SINGLE,0,0,OXFORD_NANOPORE,MinION,SRP250661,PRJNA608242,,608242,SRS6213611,SAMN14168018,simple,2697049,Severe acute respiratory syndrome coronavirus 2,SARS-CoV-2/HKU-907b/2020,,,,,,,no,,,,,UNIVERSITY OF HONG KONG,SRA1047925,,public,1B7E2E0A46F979851E3E3CB8F6F10011,5A8328EAA6E37707E45A1CF4F08D02CE
SRR11178051,2020-03-11 14:17:31,2020-02-25 09:37:27,775912,421622706,0,543,367,,https://sra-downloadb.be-md.ncbi.nlm.nih.gov/sos3/sra-pub-run-21/SRR11178051/SRR11178051.1,SRX7798735,SARS-CoV-2/HKU-908a/2020,WGS,RANDOM,GENOMIC,SINGLE,0,0,OXFORD_NANOPORE,MinION,SRP250661,PRJNA608242,,608242,SRS6213612,SAMN14168019,simple,2697049,Severe acute respiratory syndrome coronavirus 2,SARS-CoV-2/HKU-908a/2020,,,,,,,no,,,,,UNIVERSITY OF HONG KONG,SRA1047925,,public,303D8BE91AB7A3678863081FF0550B29,EA984F039DF83D8B7363B537D357A7D5
SRR11178050,2020-03-11 14:17:31,2020-02-25 09:36:59,359570,156951923,0,436,136,,https://sra-downloadb.be-md.ncbi.nlm.nih.gov/sos3/sra-pub-run-19/SRR11178050/SRR11178050.1,SRX7798736,SARS-CoV-2/HKU-908b/2020,WGS,RANDOM,GENOMIC,SINGLE,0,0,OXFORD_NANOPORE,MinION,SRP250661,PRJNA608242,,608242,SRS6213613,SAMN14168020,simple,2697049,Severe acute respiratory syndrome coronavirus 2,SARS-CoV-2/HKU-908b/2020,,,,,,,no,,,,,UNIVERSITY OF HONG KONG,SRA1047925,,public,EA97E553B661E3E85F9CCE03F692694D,12F4941135CF3F419E2A137967F7DB35

