Run,ReleaseDate,LoadDate,spots,bases,spots_with_mates,avgLength,size_MB,AssemblyName,download_path,Experiment,LibraryName,LibraryStrategy,LibrarySelection,LibrarySource,LibraryLayout,InsertSize,InsertDev,Platform,Model,SRAStudy,BioProject,Study_Pubmed_id,ProjectID,Sample,BioSample,SampleType,TaxID,ScientificName,SampleName,g1k_pop_code,source,g1k_analysis_group,Subject_ID,Sex,Disease,Tumor,Affection_Status,Analyte_Type,Histological_Type,Body_Site,CenterName,Submission,dbgap_study_accession,Consent,RunHash,ReadHash
SRR11593365,2020-04-23 05:01:42,2020-04-23 04:59:56,1028849,514854180,1028849,500,248,,https://sra-downloadb.be-md.ncbi.nlm.nih.gov/sos3/sra-pub-run-20/SRR11593365/SRR11593365.1,SRX8160309,NRW-01_Illumina,AMPLICON,RT-PCR,VIRAL RNA,PAIRED,0,0,ILLUMINA,Illumina MiSeq,SRP258006,PRJNA627229,,627229,SRS6522024,SAMN14652900,simple,2697049,Severe acute respiratory syndrome coronavirus 2,NRW-01,,,,,,,no,,,,,HEINRICH HEINE UNIVERSITY,SRA1068104,,public,BE713DCF396315F2A60F9F1AB9CDCCD9,D569734C559BDEED811414D5CF3E3235
SRR11593419,2020-04-23 05:04:00,2020-04-23 05:00:35,1062621,544716606,0,512,477,,https://sra-downloadb.be-md.ncbi.nlm.nih.gov/sos3/sra-pub-run-21/SRR11593419/SRR11593419.1,SRX8160255,NRW-01,AMPLICON,RT-PCR,VIRAL RNA,SINGLE,0,0,OXFORD_NANOPORE,MinION,SRP258006,PRJNA627229,,627229,SRS6522024,SAMN14652900,simple,2697049,Severe acute respiratory syndrome coronavirus 2,NRW-01,,,,,,,no,,,,,HEINRICH HEINE UNIVERSITY,SRA1068104,,public,5458B9BE4F7A61765A55FCD3836A5165,174ED81572D39687B5AAAD36BEFFE4B6
SRR11593417,2020-04-23 05:04:00,2020-04-23 05:00:20,589042,300560655,0,510,263,,https://sra-downloadb.be-md.ncbi.nlm.nih.gov/sos3/sra-pub-run-20/SRR11593417/SRR11593417.1,SRX8160257,NRW-011,AMPLICON,RT-PCR,VIRAL RNA,SINGLE,0,0,OXFORD_NANOPORE,MinION,SRP258006,PRJNA627229,,627229,SRS6522026,SAMN14652910,simple,2697049,Severe acute respiratory syndrome coronavirus 2,NRW-011,,,,,,,no,,,,,HEINRICH HEINE UNIVERSITY,SRA1068104,,public,BB1C5D69BB8C4EA03CE263F3B94432B3,1B6191BB6946D8E72DA0C13775E3DB5C
SRR11593354,2020-04-23 05:04:00,2020-04-23 05:00:25,1634553,817885561,1634553,500,373,,https://sra-downloadb.be-md.ncbi.nlm.nih.gov/sos3/sra-pub-run-19/SRR11593354/SRR11593354.1,SRX8160320,NRW-011_Illumina,AMPLICON,RT-PCR,VIRAL RNA,PAIRED,0,0,ILLUMINA,Illumina MiSeq,SRP258006,PRJNA627229,,627229,SRS6522026,SAMN14652910,simple,2697049,Severe acute respiratory syndrome coronavirus 2,NRW-011,,,,,,,no,,,,,HEINRICH HEINE UNIVERSITY,SRA1068104,,public,2E182C4EDAB8B0D8B4223D556F55A65C,141AB86520D4F24338B227EBF7A24563
SRR11593364,2020-04-23 05:01:42,2020-04-23 04:59:59,1004234,502623008,1004234,500,226,,https://sra-downloadb.be-md.ncbi.nlm.nih.gov/sos3/sra-pub-run-19/SRR11593364/SRR11593364.1,SRX8160310,NRW-02-1_Illumina,AMPLICON,RT-PCR,VIRAL RNA,PAIRED,0,0,ILLUMINA,Illumina MiSeq,SRP258006,PRJNA627229,,627229,SRS6522025,SAMN14652901,simple,2697049,Severe acute respiratory syndrome coronavirus 2,NRW-02-1,,,,,,,no,,,,,HEINRICH HEINE UNIVERSITY,SRA1068104,,public,D5E106328D555F053D0708DF8735027A,E638EFC95EFBABB585C6D7CD824777E7
SRR11593418,2020-04-23 05:01:41,2020-04-23 04:57:58,82003,34419270,0,419,29,,https://sra-downloadb.be-md.ncbi.nlm.nih.gov/sos3/sra-pub-run-20/SRR11593418/SRR11593418.1,SRX8160256,NRW-02-1,AMPLICON,RT-PCR,VIRAL RNA,SINGLE,0,0,OXFORD_NANOPORE,MinION,SRP258006,PRJNA627229,,627229,SRS6522025,SAMN14652901,simple,2697049,Severe acute respiratory syndrome coronavirus 2,NRW-02-1,,,,,,,no,,,,,HEINRICH HEINE UNIVERSITY,SRA1068104,,public,167558B07F5398C20E507CF3024D9C8D,B2F408E1AA9A5352C19762F50C33B7B3
SRR11593362,2020-04-23 05:04:00,2020-04-23 05:00:22,1553220,777474360,1553220,500,351,,https://sra-downloadb.be-md.ncbi.nlm.nih.gov/sos3/sra-pub-run-21/SRR11593362/SRR11593362.1,SRX8160312,NRW-03_Illumina,AMPLICON,RT-PCR,VIRAL RNA,PAIRED,0,0,ILLUMINA,Illumina MiSeq,SRP258006,PRJNA627229,,627229,SRS6522036,SAMN14652902,simple,2697049,Severe acute respiratory syndrome coronavirus 2,NRW-03,,,,,,,no,,,,,HEINRICH HEINE UNIVERSITY,SRA1068104,,public,3A9BD9D0ED0557BB0B4ACAACC92EF098,FAFFD85A45AFE2627DE34BF90C048606
SRR11593407,2020-04-23 05:01:41,2020-04-23 05:00:15,1039814,532343180,0,511,467,,https://sra-downloadb.be-md.ncbi.nlm.nih.gov/sos3/sra-pub-run-20/SRR11593407/SRR11593407.1,SRX8160267,NRW-03,AMPLICON,RT-PCR,VIRAL RNA,SINGLE,0,0,OXFORD_NANOPORE,MinION,SRP258006,PRJNA627229,,627229,SRS6522036,SAMN14652902,simple,2697049,Severe acute respiratory syndrome coronavirus 2,NRW-03,,,,,,,no,,,,,HEINRICH HEINE UNIVERSITY,SRA1068104,,public,4DDFD04F9DB63FB5FDECE650150B68EA,109BA4878D6E1AA6A409EA6ACF7F975E
SRR11593396,2020-04-23 05:01:41,2020-04-23 05:00:12,941000,482244175,0,512,422,,https://sra-downloadb.be-md.ncbi.nlm.nih.gov/sos3/sra-pub-run-19/SRR11593396/SRR11593396.1,SRX8160278,NRW-04,AMPLICON,RT-PCR,VIRAL RNA,SINGLE,0,0,OXFORD_NANOPORE,MinION,SRP258006,PRJNA627229,,627229,SRS6522047,SAMN14652903,simple,2697049,Severe acute respiratory syndrome coronavirus 2,NRW-04,,,,,,,no,,,,,HEINRICH HEINE UNIVERSITY,SRA1068104,,public,EDEBE8BD56EA6DA54143A7F8B953D440,EC46807C1CDC6E9B458AC4790FD5561B
SRR11593361,2020-04-23 05:04:00,2020-04-23 05:00:29,1520612,760940012,1520612,500,355,,https://sra-downloadb.be-md.ncbi.nlm.nih.gov/sos3/sra-pub-run-21/SRR11593361/SRR11593361.1,SRX8160313,NRW-04_Illumina,AMPLICON,RT-PCR,VIRAL RNA,PAIRED,0,0,ILLUMINA,Illumina MiSeq,SRP258006,PRJNA627229,,627229,SRS6522047,SAMN14652903,simple,2697049,Severe acute respiratory syndrome coronavirus 2,NRW-04,,,,,,,no,,,,,HEINRICH HEINE UNIVERSITY,SRA1068104,,public,746250E1CFECCFA3D648B4E962ABB54B,23BFB7352CB2A917338E505AE66D0A55
SRR11593360,2020-04-23 05:04:00,2020-04-23 05:00:19,1177801,589409860,1177801,500,277,,https://sra-downloadb.be-md.ncbi.nlm.nih.gov/sos3/sra-pub-run-19/SRR11593360/SRR11593360.1,SRX8160314,NRW-05_Illumina,AMPLICON,RT-PCR,VIRAL RNA,PAIRED,0,0,ILLUMINA,Illumina MiSeq,SRP258006,PRJNA627229,,627229,SRS6522058,SAMN14652904,simple,2697049,Severe acute respiratory syndrome coronavirus 2,NRW-05,,,,,,,no,,,,,HEINRICH HEINE UNIVERSITY,SRA1068104,,public,122AD456FACFF91DC4D0A183ADAE76A1,B99988C568E3940FA62A17D4178A20B5
SRR11593385,2020-04-23 05:01:41,2020-04-23 04:59:57,904904,461844214,0,510,404,,https://sra-downloadb.be-md.ncbi.nlm.nih.gov/sos3/sra-pub-run-21/SRR11593385/SRR11593385.1,SRX8160289,NRW-05,AMPLICON,RT-PCR,VIRAL RNA,SINGLE,0,0,OXFORD_NANOPORE,MinION,SRP258006,PRJNA627229,,627229,SRS6522058,SAMN14652904,simple,2697049,Severe acute respiratory syndrome coronavirus 2,NRW-05,,,,,,,no,,,,,HEINRICH HEINE UNIVERSITY,SRA1068104,,public,F3ADF871FBDD6A160512A66E8FE2A365,79CEF893AA788610E2623BB2CD62BD94
SRR11593359,2020-04-23 05:01:42,2020-04-23 05:00:05,791636,396005280,791636,500,181,,https://sra-downloadb.be-md.ncbi.nlm.nih.gov/sos3/sra-pub-run-21/SRR11593359/SRR11593359.1,SRX8160315,NRW-06_Illumina,AMPLICON,RT-PCR,VIRAL RNA,PAIRED,0,0,ILLUMINA,Illumina MiSeq,SRP258006,PRJNA627229,,627229,SRS6522069,SAMN14652905,simple,2697049,Severe acute respiratory syndrome coronavirus 2,NRW-06,,,,,,,no,,,,,HEINRICH HEINE UNIVERSITY,SRA1068104,,public,072B307183A04466F3C666DFD019FFDB,F427D1DD4536259B70150585A4182E97
SRR11593374,2020-04-23 05:01:42,2020-04-23 05:00:10,813833,415732243,0,510,364,,https://sra-downloadb.be-md.ncbi.nlm.nih.gov/sos3/sra-pub-run-19/SRR11593374/SRR11593374.1,SRX8160300,NRW-06,AMPLICON,RT-PCR,VIRAL RNA,SINGLE,0,0,OXFORD_NANOPORE,MinION,SRP258006,PRJNA627229,,627229,SRS6522069,SAMN14652905,simple,2697049,Severe acute respiratory syndrome coronavirus 2,NRW-06,,,,,,,no,,,,,HEINRICH HEINE UNIVERSITY,SRA1068104,,public,1A290BC0B583017B2985108DA613799E,794AB0FB7862E397A601B687EB83EFFF
SRR11593363,2020-04-23 05:01:42,2020-04-23 05:00:14,1008495,516443228,0,512,452,,https://sra-downloadb.be-md.ncbi.nlm.nih.gov/sos3/sra-pub-run-21/SRR11593363/SRR11593363.1,SRX8160311,NRW-07,AMPLICON,RT-PCR,VIRAL RNA,SINGLE,0,0,OXFORD_NANOPORE,MinION,SRP258006,PRJNA627229,,627229,SRS6522075,SAMN14652906,simple,2697049,Severe acute respiratory syndrome coronavirus 2,NRW-07,,,,,,,no,,,,,HEINRICH HEINE UNIVERSITY,SRA1068104,,public,C1933ED987443EEA193EAC006DA5C4FF,2639A30B2AE72C2F125B3B52B2DDE41A
SRR11593358,2020-04-23 05:01:42,2020-04-23 05:00:09,1051794,526429953,1051794,500,241,,https://sra-downloadb.be-md.ncbi.nlm.nih.gov/sos3/sra-pub-run-21/SRR11593358/SRR11593358.1,SRX8160316,NRW-07_Illumina,AMPLICON,RT-PCR,VIRAL RNA,PAIRED,0,0,ILLUMINA,Illumina MiSeq,SRP258006,PRJNA627229,,627229,SRS6522075,SAMN14652906,simple,2697049,Severe acute respiratory syndrome coronavirus 2,NRW-07,,,,,,,no,,,,,HEINRICH HEINE UNIVERSITY,SRA1068104,,public,B8FFA444AE2A10FD61F5E6DF1D95AF78,2CAF9BBF662D69AFA6E088FDAE04D0F8
SRR11593357,2020-04-23 05:01:42,2020-04-23 04:59:49,875179,437770455,875179,500,207,,https://sra-downloadb.be-md.ncbi.nlm.nih.gov/sos3/sra-pub-run-21/SRR11593357/SRR11593357.1,SRX8160317,NRW-08_Illumina,AMPLICON,RT-PCR,VIRAL RNA,PAIRED,0,0,ILLUMINA,Illumina MiSeq,SRP258006,PRJNA627229,,627229,SRS6522076,SAMN14652907,simple,2697049,Severe acute respiratory syndrome coronavirus 2,NRW-08,,,,,,,no,,,,,HEINRICH HEINE UNIVERSITY,SRA1068104,,public,39487DFF78E9C10EE0963735731092A7,422E3DB3695065C46E3B50E0C7F87693
SRR11593353,2020-04-23 05:01:42,2020-04-23 05:00:07,746858,381525026,0,510,334,,https://sra-downloadb.be-md.ncbi.nlm.nih.gov/sos3/sra-pub-run-21/SRR11593353/SRR11593353.1,SRX8160321,NRW-08,AMPLICON,RT-PCR,VIRAL RNA,SINGLE,0,0,OXFORD_NANOPORE,MinION,SRP258006,PRJNA627229,,627229,SRS6522076,SAMN14652907,simple,2697049,Severe acute respiratory syndrome coronavirus 2,NRW-08,,,,,,,no,,,,,HEINRICH HEINE UNIVERSITY,SRA1068104,,public,94CFEE86EA68A5D4B94FCDB8F2F80E7A,114244546798B30AF443686096154117
SRR11593356,2020-04-23 05:01:42,2020-04-23 04:59:53,1142553,571631560,1142553,500,271,,https://sra-downloadb.be-md.ncbi.nlm.nih.gov/sos3/sra-pub-run-19/SRR11593356/SRR11593356.1,SRX8160318,NRW-09_Illumina,AMPLICON,RT-PCR,VIRAL RNA,PAIRED,0,0,ILLUMINA,Illumina MiSeq,SRP258006,PRJNA627229,,627229,SRS6522077,SAMN14652908,simple,2697049,Severe acute respiratory syndrome coronavirus 2,NRW-09,,,,,,,no,,,,,HEINRICH HEINE UNIVERSITY,SRA1068104,,public,DB575F07E3E8A966FBB8A511E2D14F32,2FE5E6C7C9EAC54BA37923C510E36ED8
SRR11593352,2020-04-23 05:01:42,2020-04-23 04:59:56,761807,390168543,0,512,341,,https://sra-downloadb.be-md.ncbi.nlm.nih.gov/sos3/sra-pub-run-19/SRR11593352/SRR11593352.1,SRX8160322,NRW-09,AMPLICON,RT-PCR,VIRAL RNA,SINGLE,0,0,OXFORD_NANOPORE,MinION,SRP258006,PRJNA627229,,627229,SRS6522077,SAMN14652908,simple,2697049,Severe acute respiratory syndrome coronavirus 2,NRW-09,,,,,,,no,,,,,HEINRICH HEINE UNIVERSITY,SRA1068104,,public,44249646FB8B736CE6E31AFB73862EF8,EEDB4363342DFB75598C35023C65943C
SRR11593351,2020-04-23 05:35:32,2020-04-23 05:00:19,886250,453420584,0,511,397,,https://sra-downloadb.be-md.ncbi.nlm.nih.gov/sos3/sra-pub-run-21/SRR11593351/SRR11593351.1,SRX8160323,NRW-10,AMPLICON,RT-PCR,VIRAL RNA,SINGLE,0,0,OXFORD_NANOPORE,MinION,SRP258006,PRJNA627229,,627229,SRS6522078,SAMN14652909,simple,2697049,Severe acute respiratory syndrome coronavirus 2,NRW-10,,,,,,,no,,,,,HEINRICH HEINE UNIVERSITY,SRA1068104,,public,13ECA5245C6D83DDB14DDB714754A362,A216D6F30F3AF569BB9E9998FB2888AF
SRR11593355,2020-04-23 05:04:00,2020-04-23 05:00:25,1302053,651826154,1302053,500,316,,https://sra-downloadb.be-md.ncbi.nlm.nih.gov/sos3/sra-pub-run-20/SRR11593355/SRR11593355.1,SRX8160319,NRW-10_Illumina,AMPLICON,RT-PCR,VIRAL RNA,PAIRED,0,0,ILLUMINA,Illumina MiSeq,SRP258006,PRJNA627229,,627229,SRS6522078,SAMN14652909,simple,2697049,Severe acute respiratory syndrome coronavirus 2,NRW-10,,,,,,,no,,,,,HEINRICH HEINE UNIVERSITY,SRA1068104,,public,241620A079D2812A4D482E442560F798,7E14F95AAF3C3CAE0ECD937C874FD905
SRR11593416,2020-04-23 05:01:41,2020-04-23 05:00:01,816104,418806289,0,513,368,,https://sra-downloadb.be-md.ncbi.nlm.nih.gov/sos3/sra-pub-run-19/SRR11593416/SRR11593416.1,SRX8160258,NRW-12,AMPLICON,RT-PCR,VIRAL RNA,SINGLE,0,0,OXFORD_NANOPORE,MinION,SRP258006,PRJNA627229,,627229,SRS6522027,SAMN14652911,simple,2697049,Severe acute respiratory syndrome coronavirus 2,NRW-12,,,,,,,no,,,,,HEINRICH HEINE UNIVERSITY,SRA1068104,,public,6787C74F321338E3529DE55400FB108E,2861BB20D6205AB6CBE4AF59D017EF4D
SRR11593415,2020-04-23 05:04:00,2020-04-23 05:00:22,1134950,581651486,0,512,511,,https://sra-downloadb.be-md.ncbi.nlm.nih.gov/sos3/sra-pub-run-19/SRR11593415/SRR11593415.1,SRX8160259,NRW-13,AMPLICON,RT-PCR,VIRAL RNA,SINGLE,0,0,OXFORD_NANOPORE,MinION,SRP258006,PRJNA627229,,627229,SRS6522028,SAMN14652912,simple,2697049,Severe acute respiratory syndrome coronavirus 2,NRW-13,,,,,,,no,,,,,HEINRICH HEINE UNIVERSITY,SRA1068104,,public,4B2DEF0847C64A23F890EF29118C8D69,B4B276EF5DE2E7CCD422F50EDC1F441D
SRR11593414,2020-04-23 05:04:00,2020-04-23 05:00:23,808656,414845318,0,513,365,,https://sra-downloadb.be-md.ncbi.nlm.nih.gov/sos3/sra-pub-run-20/SRR11593414/SRR11593414.1,SRX8160260,NRW-14,AMPLICON,RT-PCR,VIRAL RNA,SINGLE,0,0,OXFORD_NANOPORE,MinION,SRP258006,PRJNA627229,,627229,SRS6522029,SAMN14652913,simple,2697049,Severe acute respiratory syndrome coronavirus 2,NRW-14,,,,,,,no,,,,,HEINRICH HEINE UNIVERSITY,SRA1068104,,public,FA55C2A0EF0FDBA063CD3589607EC525,F93267A6465E446D851E65EF5BC108D9
SRR11593413,2020-04-23 05:04:00,2020-04-23 05:00:21,884519,453113518,0,512,398,,https://sra-downloadb.be-md.ncbi.nlm.nih.gov/sos3/sra-pub-run-21/SRR11593413/SRR11593413.1,SRX8160261,NRW-15,AMPLICON,RT-PCR,VIRAL RNA,SINGLE,0,0,OXFORD_NANOPORE,MinION,SRP258006,PRJNA627229,,627229,SRS6522030,SAMN14652914,simple,2697049,Severe acute respiratory syndrome coronavirus 2,NRW-15,,,,,,,no,,,,,HEINRICH HEINE UNIVERSITY,SRA1068104,,public,F78760A9C7C2DB8375B74629F98A609A,5EE80B4CA1FF5901A7DBA55DE7829DDB
SRR11593412,2020-04-23 05:01:41,2020-04-23 05:00:10,747809,382435065,0,511,335,,https://sra-downloadb.be-md.ncbi.nlm.nih.gov/sos3/sra-pub-run-20/SRR11593412/SRR11593412.1,SRX8160262,NRW-16,AMPLICON,RT-PCR,VIRAL RNA,SINGLE,0,0,OXFORD_NANOPORE,MinION,SRP258006,PRJNA627229,,627229,SRS6522031,SAMN14652915,simple,2697049,Severe acute respiratory syndrome coronavirus 2,NRW-16,,,,,,,no,,,,,HEINRICH HEINE UNIVERSITY,SRA1068104,,public,352F34641C3D5B7D0615553E3F47D31A,AA5AF63C59E85690D2C253AB92BE3800
SRR11593411,2020-04-23 05:04:00,2020-04-23 05:00:50,1005344,515460169,0,512,453,,https://sra-downloadb.be-md.ncbi.nlm.nih.gov/sos3/sra-pub-run-21/SRR11593411/SRR11593411.1,SRX8160263,NRW-17,AMPLICON,RT-PCR,VIRAL RNA,SINGLE,0,0,OXFORD_NANOPORE,MinION,SRP258006,PRJNA627229,,627229,SRS6522032,SAMN14652916,simple,2697049,Severe acute respiratory syndrome coronavirus 2,NRW-17,,,,,,,no,,,,,HEINRICH HEINE UNIVERSITY,SRA1068104,,public,44746A23E8D97956617C45EF686EF5E3,9E6D26A928179A7B7D92C762A7B4FD74
SRR11593410,2020-04-23 05:01:41,2020-04-23 05:00:10,711130,363386749,0,510,319,,https://sra-downloadb.be-md.ncbi.nlm.nih.gov/sos3/sra-pub-run-21/SRR11593410/SRR11593410.1,SRX8160264,NRW-18,AMPLICON,RT-PCR,VIRAL RNA,SINGLE,0,0,OXFORD_NANOPORE,MinION,SRP258006,PRJNA627229,,627229,SRS6522033,SAMN14652917,simple,2697049,Severe acute respiratory syndrome coronavirus 2,NRW-18,,,,,,,no,,,,,HEINRICH HEINE UNIVERSITY,SRA1068104,,public,5CCEFBE62887C5F1D6BDD2DD4C2D5B30,C3745B0FA542035F67ABE5CD7C8C7C8D
SRR11593409,2020-04-23 05:01:41,2020-04-23 05:00:11,755755,386967455,0,512,340,,https://sra-downloadb.be-md.ncbi.nlm.nih.gov/sos3/sra-pub-run-20/SRR11593409/SRR11593409.1,SRX8160265,NRW-19,AMPLICON,RT-PCR,VIRAL RNA,SINGLE,0,0,OXFORD_NANOPORE,MinION,SRP258006,PRJNA627229,,627229,SRS6522034,SAMN14652918,simple,2697049,Severe acute respiratory syndrome coronavirus 2,NRW-19,,,,,,,no,,,,,HEINRICH HEINE UNIVERSITY,SRA1068104,,public,72F20BC6249C1744FFCEA368C5AC9503,A420B9AFA1F8A1072040F037EC078A7B
SRR11593408,2020-04-23 05:04:00,2020-04-23 05:00:37,728358,374007632,0,513,328,,https://sra-downloadb.be-md.ncbi.nlm.nih.gov/sos3/sra-pub-run-20/SRR11593408/SRR11593408.1,SRX8160266,NRW-20,AMPLICON,RT-PCR,VIRAL RNA,SINGLE,0,0,OXFORD_NANOPORE,MinION,SRP258006,PRJNA627229,,627229,SRS6522035,SAMN14652919,simple,2697049,Severe acute respiratory syndrome coronavirus 2,NRW-20,,,,,,,no,,,,,HEINRICH HEINE UNIVERSITY,SRA1068104,,public,286FDC534F714D2D6EDE3754C476B436,4D81C1619583E91B8B39A07C15532E8E
SRR11593406,2020-04-23 05:01:41,2020-04-23 05:00:01,517851,264939446,0,511,232,,https://sra-downloadb.be-md.ncbi.nlm.nih.gov/sos3/sra-pub-run-21/SRR11593406/SRR11593406.1,SRX8160268,NRW-21,AMPLICON,RT-PCR,VIRAL RNA,SINGLE,0,0,OXFORD_NANOPORE,MinION,SRP258006,PRJNA627229,,627229,SRS6522037,SAMN14652920,simple,2697049,Severe acute respiratory syndrome coronavirus 2,NRW-21,,,,,,,no,,,,,HEINRICH HEINE UNIVERSITY,SRA1068104,,public,B2903C3C6EBF8821279DAC952CF195CA,9F06364D5F2C5FEB87245992029BEB78
SRR11593405,2020-04-23 05:04:00,2020-04-23 05:00:17,830757,425213726,0,511,374,,https://sra-downloadb.be-md.ncbi.nlm.nih.gov/sos3/sra-pub-run-19/SRR11593405/SRR11593405.1,SRX8160269,NRW-22,AMPLICON,RT-PCR,VIRAL RNA,SINGLE,0,0,OXFORD_NANOPORE,MinION,SRP258006,PRJNA627229,,627229,SRS6522038,SAMN14652921,simple,2697049,Severe acute respiratory syndrome coronavirus 2,NRW-22,,,,,,,no,,,,,HEINRICH HEINE UNIVERSITY,SRA1068104,,public,90961E4BE672A06A6879092A610ECDBD,D5855ABEBC715465CF604F054761D827
SRR11593404,2020-04-23 05:01:41,2020-04-23 04:59:59,598733,306359385,0,511,269,,https://sra-downloadb.be-md.ncbi.nlm.nih.gov/sos3/sra-pub-run-20/SRR11593404/SRR11593404.1,SRX8160270,NRW-23,AMPLICON,RT-PCR,VIRAL RNA,SINGLE,0,0,OXFORD_NANOPORE,MinION,SRP258006,PRJNA627229,,627229,SRS6522039,SAMN14652922,simple,2697049,Severe acute respiratory syndrome coronavirus 2,NRW-23,,,,,,,no,,,,,HEINRICH HEINE UNIVERSITY,SRA1068104,,public,D8B71CF6754C041A121E20E223FE6F96,AAA6A96C4B69F8E9B840E742FB5DD9B6
SRR11593403,2020-04-23 05:01:41,2020-04-23 05:00:00,451335,231887558,0,513,203,,https://sra-downloadb.be-md.ncbi.nlm.nih.gov/sos3/sra-pub-run-20/SRR11593403/SRR11593403.1,SRX8160271,NRW-24,AMPLICON,RT-PCR,VIRAL RNA,SINGLE,0,0,OXFORD_NANOPORE,MinION,SRP258006,PRJNA627229,,627229,SRS6522040,SAMN14652923,simple,2697049,Severe acute respiratory syndrome coronavirus 2,NRW-24,,,,,,,no,,,,,HEINRICH HEINE UNIVERSITY,SRA1068104,,public,5A551D9C33F3BFD9525E87D87954BF05,B99A8AB85F5A73AD5FB18E686E051228
SRR11593402,2020-04-23 05:01:41,2020-04-23 04:59:55,517095,265632935,0,513,233,,https://sra-downloadb.be-md.ncbi.nlm.nih.gov/sos3/sra-pub-run-21/SRR11593402/SRR11593402.1,SRX8160272,NRW-25,AMPLICON,RT-PCR,VIRAL RNA,SINGLE,0,0,OXFORD_NANOPORE,MinION,SRP258006,PRJNA627229,,627229,SRS6522041,SAMN14652924,simple,2697049,Severe acute respiratory syndrome coronavirus 2,NRW-25,,,,,,,no,,,,,HEINRICH HEINE UNIVERSITY,SRA1068104,,public,A28C43A45D7E5ACA0A86CB15ACB7939E,64EFAD071306B87ED349A6F7AD0067F0
SRR11593401,2020-04-23 05:01:41,2020-04-23 04:59:48,464495,238655182,0,513,209,,https://sra-downloadb.be-md.ncbi.nlm.nih.gov/sos2/sra-pub-run-13/SRR11593401/SRR11593401.1,SRX8160273,NRW-26,AMPLICON,RT-PCR,VIRAL RNA,SINGLE,0,0,OXFORD_NANOPORE,MinION,SRP258006,PRJNA627229,,627229,SRS6522042,SAMN14652925,simple,2697049,Severe acute respiratory syndrome coronavirus 2,NRW-26,,,,,,,no,,,,,HEINRICH HEINE UNIVERSITY,SRA1068104,,public,D2A94D48950534DEE3F8CD2A023210E2,9F0EEBC59F16EBCEDEE3A3F51DD33430
SRR11593400,2020-04-23 05:01:41,2020-04-23 05:00:00,481678,246997580,0,512,217,,https://sra-downloadb.be-md.ncbi.nlm.nih.gov/sos3/sra-pub-run-21/SRR11593400/SRR11593400.1,SRX8160274,NRW-27,AMPLICON,RT-PCR,VIRAL RNA,SINGLE,0,0,OXFORD_NANOPORE,MinION,SRP258006,PRJNA627229,,627229,SRS6522043,SAMN14652926,simple,2697049,Severe acute respiratory syndrome coronavirus 2,NRW-27,,,,,,,no,,,,,HEINRICH HEINE UNIVERSITY,SRA1068104,,public,88147D4E1FC1007A280528BFAB26962B,88F59633D502D6D54758E0A2250F2E3B
SRR11593399,2020-04-23 05:01:41,2020-04-23 04:59:44,496300,254175731,0,512,223,,https://sra-downloadb.be-md.ncbi.nlm.nih.gov/sos3/sra-pub-run-20/SRR11593399/SRR11593399.1,SRX8160275,NRW-28,AMPLICON,RT-PCR,VIRAL RNA,SINGLE,0,0,OXFORD_NANOPORE,MinION,SRP258006,PRJNA627229,,627229,SRS6522044,SAMN14652927,simple,2697049,Severe acute respiratory syndrome coronavirus 2,NRW-28,,,,,,,no,,,,,HEINRICH HEINE UNIVERSITY,SRA1068104,,public,456C63D2C677A5AF3E60C0308938FAC1,AA82F743BC77778C6E68E3E082A69B3C
SRR11593398,2020-04-23 05:01:41,2020-04-23 04:59:47,604663,310479647,0,513,272,,https://sra-downloadb.be-md.ncbi.nlm.nih.gov/sos3/sra-pub-run-21/SRR11593398/SRR11593398.1,SRX8160276,NRW-29,AMPLICON,RT-PCR,VIRAL RNA,SINGLE,0,0,OXFORD_NANOPORE,MinION,SRP258006,PRJNA627229,,627229,SRS6522045,SAMN14652928,simple,2697049,Severe acute respiratory syndrome coronavirus 2,NRW-29,,,,,,,no,,,,,HEINRICH HEINE UNIVERSITY,SRA1068104,,public,D3B2317CF8D124A7BB5B80E48C66DC3D,13884CD76723AC54C5CA95BB39F43E3D
SRR11593397,2020-04-23 05:01:41,2020-04-23 04:59:44,516638,264815872,0,512,232,,https://sra-downloadb.be-md.ncbi.nlm.nih.gov/sos3/sra-pub-run-21/SRR11593397/SRR11593397.1,SRX8160277,NRW-30,AMPLICON,RT-PCR,VIRAL RNA,SINGLE,0,0,OXFORD_NANOPORE,MinION,SRP258006,PRJNA627229,,627229,SRS6522046,SAMN14652929,simple,2697049,Severe acute respiratory syndrome coronavirus 2,NRW-30,,,,,,,no,,,,,HEINRICH HEINE UNIVERSITY,SRA1068104,,public,C0F493FEAB39788F81CE2341A341D171,57057A431E5A26BA1DE86EAAA7AB0EDD
SRR11593395,2020-04-23 05:01:41,2020-04-23 04:59:55,636286,326755452,0,513,287,,https://sra-downloadb.be-md.ncbi.nlm.nih.gov/sos3/sra-pub-run-20/SRR11593395/SRR11593395.1,SRX8160279,NRW-31,AMPLICON,RT-PCR,VIRAL RNA,SINGLE,0,0,OXFORD_NANOPORE,MinION,SRP258006,PRJNA627229,,627229,SRS6522048,SAMN14652930,simple,2697049,Severe acute respiratory syndrome coronavirus 2,NRW-31,,,,,,,no,,,,,HEINRICH HEINE UNIVERSITY,SRA1068104,,public,6CCEFA430442857666CBDF86068BB9DB,A866C059EF820A144726578D5460B758
SRR11593368,2020-04-23 05:01:42,2020-04-23 04:57:56,90524,48656052,0,537,41,,https://sra-downloadb.be-md.ncbi.nlm.nih.gov/sos3/sra-pub-run-19/SRR11593368/SRR11593368.1,SRX8160306,NRW-31-repeat,AMPLICON,RT-PCR,VIRAL RNA,SINGLE,0,0,OXFORD_NANOPORE,MinION,SRP258006,PRJNA627229,,627229,SRS6522048,SAMN14652930,simple,2697049,Severe acute respiratory syndrome coronavirus 2,NRW-31,,,,,,,no,,,,,HEINRICH HEINE UNIVERSITY,SRA1068104,,public,B5855422D8EB6FC1F490061A85988179,BAFDE5622FC08FCDB44D804FB18E92F5
SRR11593394,2020-04-23 05:01:41,2020-04-23 04:59:53,496709,255356410,0,514,224,,https://sra-downloadb.be-md.ncbi.nlm.nih.gov/sos3/sra-pub-run-20/SRR11593394/SRR11593394.1,SRX8160280,NRW-32,AMPLICON,RT-PCR,VIRAL RNA,SINGLE,0,0,OXFORD_NANOPORE,MinION,SRP258006,PRJNA627229,,627229,SRS6522049,SAMN14652931,simple,2697049,Severe acute respiratory syndrome coronavirus 2,NRW-32,,,,,,,no,,,,,HEINRICH HEINE UNIVERSITY,SRA1068104,,public,0E4001C5F3650E0DE801EFF97AFEA280,BEE5221FA1FAE4C7C70C294296B48EF9
SRR11593393,2020-04-23 05:01:41,2020-04-23 04:59:55,521757,267995621,0,513,235,,https://sra-downloadb.be-md.ncbi.nlm.nih.gov/sos3/sra-pub-run-19/SRR11593393/SRR11593393.1,SRX8160281,NRW-33,AMPLICON,RT-PCR,VIRAL RNA,SINGLE,0,0,OXFORD_NANOPORE,MinION,SRP258006,PRJNA627229,,627229,SRS6522050,SAMN14652932,simple,2697049,Severe acute respiratory syndrome coronavirus 2,NRW-33,,,,,,,no,,,,,HEINRICH HEINE UNIVERSITY,SRA1068104,,public,B4B9ED96DF015CA3AC8E293702193AD8,022B7581B6625F02FDB9346DE2E5E82B
SRR11593392,2020-04-23 05:01:41,2020-04-23 04:59:59,610459,313526004,0,513,275,,https://sra-downloadb.be-md.ncbi.nlm.nih.gov/sos3/sra-pub-run-19/SRR11593392/SRR11593392.1,SRX8160282,NRW-34,AMPLICON,RT-PCR,VIRAL RNA,SINGLE,0,0,OXFORD_NANOPORE,MinION,SRP258006,PRJNA627229,,627229,SRS6522051,SAMN14652933,simple,2697049,Severe acute respiratory syndrome coronavirus 2,NRW-34,,,,,,,no,,,,,HEINRICH HEINE UNIVERSITY,SRA1068104,,public,EAA0D878AFEADF6D625CB9191D341C34,3DDC8001E8C25A87B871C0ABCCB45824
SRR11593391,2020-04-23 05:01:41,2020-04-23 04:59:42,397514,203822538,0,512,179,,https://sra-downloadb.be-md.ncbi.nlm.nih.gov/sos3/sra-pub-run-19/SRR11593391/SRR11593391.1,SRX8160283,NRW-35,AMPLICON,RT-PCR,VIRAL RNA,SINGLE,0,0,OXFORD_NANOPORE,MinION,SRP258006,PRJNA627229,,627229,SRS6522052,SAMN14652934,simple,2697049,Severe acute respiratory syndrome coronavirus 2,NRW-35,,,,,,,no,,,,,HEINRICH HEINE UNIVERSITY,SRA1068104,,public,C17DCE82139663A7C14252D9C188A807,D37712BADF3E064B3F58DA3663A0AE27
SRR11593390,2020-04-23 05:01:41,2020-04-23 04:59:46,72035,36975150,0,513,32,,https://sra-downloadb.be-md.ncbi.nlm.nih.gov/sos3/sra-pub-run-19/SRR11593390/SRR11593390.1,SRX8160284,NRW-36,AMPLICON,RT-PCR,VIRAL RNA,SINGLE,0,0,OXFORD_NANOPORE,MinION,SRP258006,PRJNA627229,,627229,SRS6522053,SAMN14652935,simple,2697049,Severe acute respiratory syndrome coronavirus 2,NRW-36,,,,,,,no,,,,,HEINRICH HEINE UNIVERSITY,SRA1068104,,public,F6ACA2723519218A46C650145D41715A,D32C928E08289ADD6F7039FEE52A0AE9
SRR11593389,2020-04-23 05:01:41,2020-04-23 04:57:54,108386,55604931,0,513,48,,https://sra-downloadb.be-md.ncbi.nlm.nih.gov/sos3/sra-pub-run-19/SRR11593389/SRR11593389.1,SRX8160285,NRW-37,AMPLICON,RT-PCR,VIRAL RNA,SINGLE,0,0,OXFORD_NANOPORE,MinION,SRP258006,PRJNA627229,,627229,SRS6522054,SAMN14652936,simple,2697049,Severe acute respiratory syndrome coronavirus 2,NRW-37,,,,,,,no,,,,,HEINRICH HEINE UNIVERSITY,SRA1068104,,public,C9865B0D104147C38770BD9A6E753D8E,8A952B5D9CAF63B5F2357FD536291F31
SRR11593388,2020-04-23 05:01:41,2020-04-23 04:57:59,98175,50342269,0,512,44,,https://sra-downloadb.be-md.ncbi.nlm.nih.gov/sos3/sra-pub-run-20/SRR11593388/SRR11593388.1,SRX8160286,NRW-38,AMPLICON,RT-PCR,VIRAL RNA,SINGLE,0,0,OXFORD_NANOPORE,MinION,SRP258006,PRJNA627229,,627229,SRS6522055,SAMN14652937,simple,2697049,Severe acute respiratory syndrome coronavirus 2,NRW-38,,,,,,,no,,,,,HEINRICH HEINE UNIVERSITY,SRA1068104,,public,899F09D3A615260B0A879BD5F1F1A38E,A2D1D9084569322EABF3131E35A9849E
SRR11593387,2020-04-23 05:01:41,2020-04-23 04:57:55,98145,50231771,0,511,44,,https://sra-downloadb.be-md.ncbi.nlm.nih.gov/sos3/sra-pub-run-19/SRR11593387/SRR11593387.1,SRX8160287,NRW-39,AMPLICON,RT-PCR,VIRAL RNA,SINGLE,0,0,OXFORD_NANOPORE,MinION,SRP258006,PRJNA627229,,627229,SRS6522056,SAMN14652938,simple,2697049,Severe acute respiratory syndrome coronavirus 2,NRW-39,,,,,,,no,,,,,HEINRICH HEINE UNIVERSITY,SRA1068104,,public,CD4737919C061AAE20EEC3E1D35D486F,2B7F5F555E959FD9BA578DA12302A55D
SRR11593366,2020-04-23 05:01:42,2020-04-23 04:57:55,12639,12081980,0,955,10,,https://sra-downloadb.be-md.ncbi.nlm.nih.gov/sos3/sra-pub-run-20/SRR11593366/SRR11593366.1,SRX8160308,NRW-39-direct-cDNA-20-artic-primers,WGS,cDNA,VIRAL RNA,SINGLE,0,0,OXFORD_NANOPORE,MinION,SRP258006,PRJNA627229,,627229,SRS6522056,SAMN14652938,simple,2697049,Severe acute respiratory syndrome coronavirus 2,NRW-39,,,,,,,no,,,,,HEINRICH HEINE UNIVERSITY,SRA1068104,,public,598541F6D59DD4E03D22055BFF0FFEC4,84752842D5EC17266C386208E11F217B
SRR11593367,2020-04-23 05:01:42,2020-04-23 04:57:27,674,557452,0,827,0,,https://sra-download.ncbi.nlm.nih.gov/traces/sra74/SRR/011321/SRR11593367,SRX8160307,NRW-39-direct-cDNA-random-hexamers,WGS,cDNA,VIRAL RNA,SINGLE,0,0,OXFORD_NANOPORE,MinION,SRP258006,PRJNA627229,,627229,SRS6522056,SAMN14652938,simple,2697049,Severe acute respiratory syndrome coronavirus 2,NRW-39,,,,,,,no,,,,,HEINRICH HEINE UNIVERSITY,SRA1068104,,public,435E487D9F9718CC97FF239C89B9D9CB,8EC37CB1B4F720B5EA478FCC0836A36F
SRR11593386,2020-04-23 05:01:41,2020-04-23 04:57:54,113206,57932619,0,511,50,,https://sra-downloadb.be-md.ncbi.nlm.nih.gov/sos3/sra-pub-run-20/SRR11593386/SRR11593386.1,SRX8160288,NRW-40,AMPLICON,RT-PCR,VIRAL RNA,SINGLE,0,0,OXFORD_NANOPORE,MinION,SRP258006,PRJNA627229,,627229,SRS6522057,SAMN14652939,simple,2697049,Severe acute respiratory syndrome coronavirus 2,NRW-40,,,,,,,no,,,,,HEINRICH HEINE UNIVERSITY,SRA1068104,,public,A425566B189B3C1ED407C0A03CD3A9A2,A33B09A2DDD99DCC38CEAEF971AA855A
SRR11593384,2020-04-23 05:01:41,2020-04-23 04:57:58,154677,79391941,0,513,69,,https://sra-downloadb.st-va.ncbi.nlm.nih.gov/sos1/sra-pub-run-18/SRR11593384/SRR11593384.1,SRX8160290,NRW-41,AMPLICON,RT-PCR,VIRAL RNA,SINGLE,0,0,OXFORD_NANOPORE,MinION,SRP258006,PRJNA627229,,627229,SRS6522059,SAMN14652940,simple,2697049,Severe acute respiratory syndrome coronavirus 2,NRW-41,,,,,,,no,,,,,HEINRICH HEINE UNIVERSITY,SRA1068104,,public,B6B3547D55059D7DED8DC6408A450ED3,5D37EA98585495C1901C4C5C5D3D80C1
SRR11593383,2020-04-23 05:01:41,2020-04-23 04:57:56,126943,64975995,0,511,57,,https://sra-downloadb.be-md.ncbi.nlm.nih.gov/sos3/sra-pub-run-21/SRR11593383/SRR11593383.1,SRX8160291,NRW-42,AMPLICON,RT-PCR,VIRAL RNA,SINGLE,0,0,OXFORD_NANOPORE,MinION,SRP258006,PRJNA627229,,627229,SRS6522060,SAMN14652941,simple,2697049,Severe acute respiratory syndrome coronavirus 2,NRW-42,,,,,,,no,,,,,HEINRICH HEINE UNIVERSITY,SRA1068104,,public,039458DEAA84CD32BA0C1215D335C4EB,605328800C98D75997E9FF7D3CF1C7A3
SRR11593382,2020-04-23 05:01:42,2020-04-23 04:57:56,103527,53089127,0,512,46,,https://sra-downloadb.be-md.ncbi.nlm.nih.gov/sos3/sra-pub-run-20/SRR11593382/SRR11593382.1,SRX8160292,NRW-43,AMPLICON,RT-PCR,VIRAL RNA,SINGLE,0,0,OXFORD_NANOPORE,MinION,SRP258006,PRJNA627229,,627229,SRS6522061,SAMN14652942,simple,2697049,Severe acute respiratory syndrome coronavirus 2,NRW-43,,,,,,,no,,,,,HEINRICH HEINE UNIVERSITY,SRA1068104,,public,582DDCD3887B8E2DBA7120A89414D6AF,6021A1EA807D2AB0DB90102C38BBD510
SRR11593381,2020-04-23 05:01:42,2020-04-23 04:57:56,107433,55172089,0,513,48,,https://sra-downloadb.be-md.ncbi.nlm.nih.gov/sos3/sra-pub-run-20/SRR11593381/SRR11593381.1,SRX8160293,NRW-44,AMPLICON,RT-PCR,VIRAL RNA,SINGLE,0,0,OXFORD_NANOPORE,MinION,SRP258006,PRJNA627229,,627229,SRS6522062,SAMN14652943,simple,2697049,Severe acute respiratory syndrome coronavirus 2,NRW-44,,,,,,,no,,,,,HEINRICH HEINE UNIVERSITY,SRA1068104,,public,912920AD8B1C793AB3FBEC4D32D2D2C6,A22B734F5E072016333B2F19DDB35DEB
SRR11593378,2020-04-23 05:01:42,2020-04-23 04:57:55,75181,38592331,0,513,33,,https://sra-downloadb.be-md.ncbi.nlm.nih.gov/sos3/sra-pub-run-21/SRR11593378/SRR11593378.1,SRX8160296,NRW-45,AMPLICON,RT-PCR,VIRAL RNA,SINGLE,0,0,OXFORD_NANOPORE,MinION,SRP258006,PRJNA627229,,627229,SRS6522065,SAMN14652946,simple,2697049,Severe acute respiratory syndrome coronavirus 2,NRW-45,,,,,,,no,,,,,HEINRICH HEINE UNIVERSITY,SRA1068104,,public,654D65F02E1CD97F3265AEEBCC9E641D,FC7C82FA0082F2EBF805F53F6257A507
SRR11593377,2020-04-23 05:01:42,2020-04-23 04:57:56,94090,48236977,0,512,42,,https://sra-downloadb.be-md.ncbi.nlm.nih.gov/sos3/sra-pub-run-19/SRR11593377/SRR11593377.1,SRX8160297,NRW-46,AMPLICON,RT-PCR,VIRAL RNA,SINGLE,0,0,OXFORD_NANOPORE,MinION,SRP258006,PRJNA627229,,627229,SRS6522066,SAMN14652947,simple,2697049,Severe acute respiratory syndrome coronavirus 2,NRW-46,,,,,,,no,,,,,HEINRICH HEINE UNIVERSITY,SRA1068104,,public,7AD07B0ACCCC3ADF41F6DB3067F457CA,965CA1ABEF6D972AE199C901C17A7AF9
SRR11593376,2020-04-23 05:01:42,2020-04-23 04:57:57,85085,43612169,0,512,38,,https://sra-downloadb.be-md.ncbi.nlm.nih.gov/sos3/sra-pub-run-21/SRR11593376/SRR11593376.1,SRX8160298,NRW-47,AMPLICON,RT-PCR,VIRAL RNA,SINGLE,0,0,OXFORD_NANOPORE,MinION,SRP258006,PRJNA627229,,627229,SRS6522067,SAMN14652948,simple,2697049,Severe acute respiratory syndrome coronavirus 2,NRW-47,,,,,,,no,,,,,HEINRICH HEINE UNIVERSITY,SRA1068104,,public,2723E92F74E6F817A92B6C5C80B5B443,7FD20F7DB7910A57F7EA14BDD4572D0F
SRR11593375,2020-04-23 05:01:42,2020-04-23 04:58:01,115910,59315700,0,511,52,,https://sra-downloadb.be-md.ncbi.nlm.nih.gov/sos3/sra-pub-run-19/SRR11593375/SRR11593375.1,SRX8160299,NRW-48,AMPLICON,RT-PCR,VIRAL RNA,SINGLE,0,0,OXFORD_NANOPORE,MinION,SRP258006,PRJNA627229,,627229,SRS6522068,SAMN14652949,simple,2697049,Severe acute respiratory syndrome coronavirus 2,NRW-48,,,,,,,no,,,,,HEINRICH HEINE UNIVERSITY,SRA1068104,,public,3FE209EC1356CB3A7675ED77E0C2F278,C9E9AB4AF6022D68BE603D56F7307C25
SRR11593373,2020-04-23 05:01:42,2020-04-23 04:57:56,71899,36877170,0,512,32,,https://sra-downloadb.be-md.ncbi.nlm.nih.gov/sos3/sra-pub-run-21/SRR11593373/SRR11593373.1,SRX8160301,NRW-49,AMPLICON,RT-PCR,VIRAL RNA,SINGLE,0,0,OXFORD_NANOPORE,MinION,SRP258006,PRJNA627229,,627229,SRS6522070,SAMN14652950,simple,2697049,Severe acute respiratory syndrome coronavirus 2,NRW-49,,,,,,,no,,,,,HEINRICH HEINE UNIVERSITY,SRA1068104,,public,62B1BB5FAF2767B51CBEB339D89DC6C0,304164673AB46B1D6F375B83B88C49CD
SRR11593372,2020-04-23 05:01:42,2020-04-23 04:57:54,82365,42215402,0,512,37,,https://sra-downloadb.be-md.ncbi.nlm.nih.gov/sos3/sra-pub-run-20/SRR11593372/SRR11593372.1,SRX8160302,NRW-50,AMPLICON,RT-PCR,VIRAL RNA,SINGLE,0,0,OXFORD_NANOPORE,MinION,SRP258006,PRJNA627229,,627229,SRS6522071,SAMN14652951,simple,2697049,Severe acute respiratory syndrome coronavirus 2,NRW-50,,,,,,,no,,,,,HEINRICH HEINE UNIVERSITY,SRA1068104,,public,24942C7A6D6F67A85D85B833416A144C,E21FDDFBE2F0B3E01F99E1060E78AF67
SRR11593371,2020-04-23 05:01:42,2020-04-23 04:57:54,80863,41480783,0,512,36,,https://sra-downloadb.be-md.ncbi.nlm.nih.gov/sos3/sra-pub-run-21/SRR11593371/SRR11593371.1,SRX8160303,NRW-51,AMPLICON,RT-PCR,VIRAL RNA,SINGLE,0,0,OXFORD_NANOPORE,MinION,SRP258006,PRJNA627229,,627229,SRS6522072,SAMN14652952,simple,2697049,Severe acute respiratory syndrome coronavirus 2,NRW-51,,,,,,,no,,,,,HEINRICH HEINE UNIVERSITY,SRA1068104,,public,A80A6DC5463CCA32F51ABB3A0E0884B5,D3228B0B2642A43CF5F53BFAF0A46C2A
SRR11593370,2020-04-23 05:01:42,2020-04-23 04:57:56,111428,57153289,0,512,50,,https://sra-downloadb.be-md.ncbi.nlm.nih.gov/sos3/sra-pub-run-19/SRR11593370/SRR11593370.1,SRX8160304,NRW-52,AMPLICON,RT-PCR,VIRAL RNA,SINGLE,0,0,OXFORD_NANOPORE,MinION,SRP258006,PRJNA627229,,627229,SRS6522073,SAMN14652953,simple,2697049,Severe acute respiratory syndrome coronavirus 2,NRW-52,,,,,,,no,,,,,HEINRICH HEINE UNIVERSITY,SRA1068104,,public,A75DB9758A73A75EB1BC8F6F55BE9F22,8BC5022C1274C99A3F22A444C8CDA0FE
SRR11593369,2020-04-23 05:01:42,2020-04-23 04:57:44,61213,31363503,0,512,27,,https://sra-downloadb.be-md.ncbi.nlm.nih.gov/sos2/sra-pub-run-13/SRR11593369/SRR11593369.1,SRX8160305,NRW-53,AMPLICON,RT-PCR,VIRAL RNA,SINGLE,0,0,OXFORD_NANOPORE,MinION,SRP258006,PRJNA627229,,627229,SRS6522074,SAMN14652954,simple,2697049,Severe acute respiratory syndrome coronavirus 2,NRW-53,,,,,,,no,,,,,HEINRICH HEINE UNIVERSITY,SRA1068104,,public,B29A5C14094EC0958CA448B400E679F5,93E286C3697AB79D238B008E35C16102
SRR11593380,2020-04-23 05:01:42,2020-04-23 04:57:49,63942,32798685,0,512,28,,https://sra-downloadb.be-md.ncbi.nlm.nih.gov/sos3/sra-pub-run-21/SRR11593380/SRR11593380.1,SRX8160294,NRW-54,AMPLICON,RT-PCR,VIRAL RNA,SINGLE,0,0,OXFORD_NANOPORE,MinION,SRP258006,PRJNA627229,,627229,SRS6522063,SAMN14652944,simple,2697049,Severe acute respiratory syndrome coronavirus 2,NRW-54,,,,,,,no,,,,,HEINRICH HEINE UNIVERSITY,SRA1068104,,public,3AB0B25E3432C85545843CD0D7EF41EC,96848871691368738CCE6CD44D51AAF9
SRR11593379,2020-04-23 05:01:42,2020-04-23 04:57:58,80512,41278297,0,512,36,,https://sra-downloadb.be-md.ncbi.nlm.nih.gov/sos3/sra-pub-run-19/SRR11593379/SRR11593379.1,SRX8160295,NRW-55,AMPLICON,RT-PCR,VIRAL RNA,SINGLE,0,0,OXFORD_NANOPORE,MinION,SRP258006,PRJNA627229,,627229,SRS6522064,SAMN14652945,simple,2697049,Severe acute respiratory syndrome coronavirus 2,NRW-55,,,,,,,no,,,,,HEINRICH HEINE UNIVERSITY,SRA1068104,,public,3C70601E807AA88B830037F1014E1409,F30061839ABDFA263425CF3225AB12BB

