Run,ReleaseDate,LoadDate,spots,bases,spots_with_mates,avgLength,size_MB,AssemblyName,download_path,Experiment,LibraryName,LibraryStrategy,LibrarySelection,LibrarySource,LibraryLayout,InsertSize,InsertDev,Platform,Model,SRAStudy,BioProject,Study_Pubmed_id,ProjectID,Sample,BioSample,SampleType,TaxID,ScientificName,SampleName,g1k_pop_code,source,g1k_analysis_group,Subject_ID,Sex,Disease,Tumor,Affection_Status,Analyte_Type,Histological_Type,Body_Site,CenterName,Submission,dbgap_study_accession,Consent,RunHash,ReadHash
SRR11476445,2020-04-05 04:06:30,2020-04-05 04:05:23,1558167,925626913,1558167,594,463,,https://sra-downloadb.be-md.ncbi.nlm.nih.gov/sos3/sra-pub-run-21/SRR11476445/SRR11476445.1,SRX8052698,SEQ2847,AMPLICON,RT-PCR,VIRAL RNA,PAIRED,0,0,ILLUMINA,Illumina MiSeq,SRP255151,PRJNA622817,3,622817,SRS6422657,SAMN14530228,simple,2697049,Severe acute respiratory syndrome coronavirus 2,P200013,,,,,,,no,,,,,CDC-PDD,SRA1062089,,public,CF24AD2962DF19840B755B98DBEAA870,B0DBA9D7C76CC7E57920E44A7D5D1CCD
SRR11476446,2020-04-05 05:06:31,2020-04-05 04:19:35,2025706,1205762116,2025706,595,602,,https://sra-downloadb.be-md.ncbi.nlm.nih.gov/sos3/sra-pub-run-19/SRR11476446/SRR11476446.1,SRX8052697,SEQ2846,AMPLICON,RT-PCR,VIRAL RNA,PAIRED,0,0,ILLUMINA,Illumina MiSeq,SRP255151,PRJNA622817,3,622817,SRS6422657,SAMN14530228,simple,2697049,Severe acute respiratory syndrome coronavirus 2,P200013,,,,,,,no,,,,,CDC-PDD,SRA1062089,,public,69FFB8F33FEFD1B302BA43DA05FF804A,C3C10F03A53183F61A1FA4C48D37C4D1
SRR11476447,2020-04-05 04:22:24,2020-04-05 04:17:55,1211826,719945368,1211826,594,365,,https://sra-downloadb.be-md.ncbi.nlm.nih.gov/sos3/sra-pub-run-19/SRR11476447/SRR11476447.1,SRX8052696,SEQ2845,AMPLICON,RT-PCR,VIRAL RNA,PAIRED,0,0,ILLUMINA,Illumina MiSeq,SRP255151,PRJNA622817,3,622817,SRS6422657,SAMN14530228,simple,2697049,Severe acute respiratory syndrome coronavirus 2,P200013,,,,,,,no,,,,,CDC-PDD,SRA1062089,,public,CB23A92AF70272725411357E9347EC4A,860909DA36A43744BFDE804454D0DD79
SRR11476448,2020-04-05 04:18:26,2020-04-05 03:58:55,1250999,743077098,1250999,593,400,,https://sra-downloadb.be-md.ncbi.nlm.nih.gov/sos3/sra-pub-run-19/SRR11476448/SRR11476448.1,SRX8052695,SEQ2844,AMPLICON,RT-PCR,VIRAL RNA,PAIRED,0,0,ILLUMINA,Illumina MiSeq,SRP255151,PRJNA622817,3,622817,SRS6422657,SAMN14530228,simple,2697049,Severe acute respiratory syndrome coronavirus 2,P200013,,,,,,,no,,,,,CDC-PDD,SRA1062089,,public,80CB01002940B1A2363F2D112C6B7F40,F033B2F417DBD280F600F0BAC1021932
SRR11476449,2020-04-05 05:16:29,2020-04-05 05:02:10,1039042,620869099,1039042,597,310,,https://sra-downloadb.be-md.ncbi.nlm.nih.gov/sos3/sra-pub-run-20/SRR11476449/SRR11476449.1,SRX8052694,SEQ2843,AMPLICON,RT-PCR,VIRAL RNA,PAIRED,0,0,ILLUMINA,Illumina MiSeq,SRP255151,PRJNA622817,3,622817,SRS6422657,SAMN14530228,simple,2697049,Severe acute respiratory syndrome coronavirus 2,P200013,,,,,,,no,,,,,CDC-PDD,SRA1062089,,public,02216842E418DDF50D8FDABE7B21FF49,B50D576CBF5B0E4B49CF65D3C1AC7F10
SRR11476450,2020-04-05 03:59:41,2020-04-05 03:53:03,366992,298002280,0,812,225,,https://sra-downloadb.be-md.ncbi.nlm.nih.gov/sos3/sra-pub-run-21/SRR11476450/SRR11476450.1,SRX8052693,E0133_BC41,AMPLICON,RT-PCR,VIRAL RNA,SINGLE,0,0,OXFORD_NANOPORE,MinION,SRP255151,PRJNA622817,3,622817,SRS6422657,SAMN14530228,simple,2697049,Severe acute respiratory syndrome coronavirus 2,P200013,,,,,,,no,,,,,CDC-PDD,SRA1062089,,public,9FCE6D8E0C070EE71C1C0C485620422C,DDD896F9170D3A7F4FF9C2836219994F
SRR11476451,2020-04-05 05:17:38,2020-04-05 05:05:50,713569,585769569,0,820,442,,https://sra-downloadb.be-md.ncbi.nlm.nih.gov/sos3/sra-pub-run-21/SRR11476451/SRR11476451.1,SRX8052692,E0133_BC40,AMPLICON,RT-PCR,VIRAL RNA,SINGLE,0,0,OXFORD_NANOPORE,MinION,SRP255151,PRJNA622817,3,622817,SRS6422657,SAMN14530228,simple,2697049,Severe acute respiratory syndrome coronavirus 2,P200013,,,,,,,no,,,,,CDC-PDD,SRA1062089,,public,6174FC56676405306978FFED99E334E1,FA1F7B4A41D07AD4363CCD7E6726A438
SRR11476452,2020-04-05 05:10:18,2020-04-05 04:55:09,1733115,910527911,1733115,525,489,,https://sra-downloadb.be-md.ncbi.nlm.nih.gov/sos3/sra-pub-run-20/SRR11476452/SRR11476452.1,SRX8052691,SEQ2860,AMPLICON,RT-PCR,VIRAL RNA,PAIRED,0,0,ILLUMINA,Illumina MiSeq,SRP255151,PRJNA622817,3,622817,SRS6422657,SAMN14530228,simple,2697049,Severe acute respiratory syndrome coronavirus 2,P200013,,,,,,,no,,,,,CDC-PDD,SRA1062089,,public,3CF84795E0890C336EF7E538BF5599A7,DF78FEC59FCB79DC93B21AFA19F6CD9F
SRR11476453,2020-04-05 04:53:24,2020-04-05 04:14:27,1754169,933173309,1754169,531,537,,https://sra-download.ncbi.nlm.nih.gov/traces/sra63/SRR/011207/SRR11476453,SRX8052690,SEQ2859,AMPLICON,RT-PCR,VIRAL RNA,PAIRED,0,0,ILLUMINA,Illumina MiSeq,SRP255151,PRJNA622817,3,622817,SRS6422657,SAMN14530228,simple,2697049,Severe acute respiratory syndrome coronavirus 2,P200013,,,,,,,no,,,,,CDC-PDD,SRA1062089,,public,632478175504C71312B0D75ABCBA7F63,CDFEBB1A2A198B088C6D299415CAB420
SRR11476454,2020-04-05 03:39:13,2020-04-05 03:37:26,1593316,910272238,1593316,571,515,,https://sra-downloadb.be-md.ncbi.nlm.nih.gov/sos3/sra-pub-run-20/SRR11476454/SRR11476454.1,SRX8052689,SEQ2858,AMPLICON,RT-PCR,VIRAL RNA,PAIRED,0,0,ILLUMINA,Illumina MiSeq,SRP255151,PRJNA622817,3,622817,SRS6422657,SAMN14530228,simple,2697049,Severe acute respiratory syndrome coronavirus 2,P200013,,,,,,,no,,,,,CDC-PDD,SRA1062089,,public,E63A5137CC61F112F18B6341600DABAF,39C0801A4A425B19AA6ADDFFD7B7752B
SRR11476455,2020-04-05 04:08:28,2020-04-05 04:04:56,428530,351192199,0,819,265,,https://sra-downloadb.be-md.ncbi.nlm.nih.gov/sos3/sra-pub-run-20/SRR11476455/SRR11476455.1,SRX8052688,E0133_BC39,AMPLICON,RT-PCR,VIRAL RNA,SINGLE,0,0,OXFORD_NANOPORE,MinION,SRP255151,PRJNA622817,3,622817,SRS6422657,SAMN14530228,simple,2697049,Severe acute respiratory syndrome coronavirus 2,P200013,,,,,,,no,,,,,CDC-PDD,SRA1062089,,public,F213F34C0833D90827130CD201F85888,C6FD3CF514E657B1488C9912F3E9A54A
SRR11476456,2020-04-05 04:02:53,2020-04-05 04:00:15,1201863,705548363,1201863,587,362,,https://sra-downloadb.be-md.ncbi.nlm.nih.gov/sos3/sra-pub-run-21/SRR11476456/SRR11476456.1,SRX8052687,SEQ2857,AMPLICON,RT-PCR,VIRAL RNA,PAIRED,0,0,ILLUMINA,Illumina MiSeq,SRP255151,PRJNA622817,3,622817,SRS6422657,SAMN14530228,simple,2697049,Severe acute respiratory syndrome coronavirus 2,P200013,,,,,,,no,,,,,CDC-PDD,SRA1062089,,public,84E757D08C08927E80704A925B208EC9,6D444015D2A5949A6BF881F25BF07E23
SRR11476457,2020-04-05 04:16:40,2020-04-05 03:46:11,1676026,987013304,1676026,588,533,,https://sra-downloadb.be-md.ncbi.nlm.nih.gov/sos3/sra-pub-run-19/SRR11476457/SRR11476457.1,SRX8052686,SEQ2856,AMPLICON,RT-PCR,VIRAL RNA,PAIRED,0,0,ILLUMINA,Illumina MiSeq,SRP255151,PRJNA622817,3,622817,SRS6422657,SAMN14530228,simple,2697049,Severe acute respiratory syndrome coronavirus 2,P200013,,,,,,,no,,,,,CDC-PDD,SRA1062089,,public,32DBC86EFF9A9CFA55A8FE2941BE0959,F6E7A157331E89F73862E2756B87EF97
SRR11476458,2020-04-05 04:27:44,2020-04-05 04:13:36,1550225,900766803,1550225,581,481,,https://sra-downloadb.be-md.ncbi.nlm.nih.gov/sos3/sra-pub-run-21/SRR11476458/SRR11476458.1,SRX8052685,SEQ2855,AMPLICON,RT-PCR,VIRAL RNA,PAIRED,0,0,ILLUMINA,Illumina MiSeq,SRP255151,PRJNA622817,3,622817,SRS6422657,SAMN14530228,simple,2697049,Severe acute respiratory syndrome coronavirus 2,P200013,,,,,,,no,,,,,CDC-PDD,SRA1062089,,public,4CFE5E225DEA11FC3A5755F0A5B5F33E,EF141656CA86F1376F501BDDFC271700
SRR11476459,2020-04-05 04:08:28,2020-04-05 04:05:34,1626194,943640152,1626194,580,505,,https://sra-downloadb.be-md.ncbi.nlm.nih.gov/sos3/sra-pub-run-21/SRR11476459/SRR11476459.1,SRX8052684,SEQ2854,AMPLICON,RT-PCR,VIRAL RNA,PAIRED,0,0,ILLUMINA,Illumina MiSeq,SRP255151,PRJNA622817,3,622817,SRS6422657,SAMN14530228,simple,2697049,Severe acute respiratory syndrome coronavirus 2,P200013,,,,,,,no,,,,,CDC-PDD,SRA1062089,,public,B81B28FAE5C16755793F58913CFD9069,7E02CACE88894CE76B781F140997CB59
SRR11476460,2020-04-05 04:27:44,2020-04-05 04:21:49,1302265,746925799,1302265,573,390,,https://sra-downloadb.be-md.ncbi.nlm.nih.gov/sos3/sra-pub-run-20/SRR11476460/SRR11476460.1,SRX8052683,SEQ2853,AMPLICON,RT-PCR,VIRAL RNA,PAIRED,0,0,ILLUMINA,Illumina MiSeq,SRP255151,PRJNA622817,3,622817,SRS6422657,SAMN14530228,simple,2697049,Severe acute respiratory syndrome coronavirus 2,P200013,,,,,,,no,,,,,CDC-PDD,SRA1062089,,public,33D2264A3934C4D1286E4250BB97C683,5B6CDF1A043E40D50D80F54FCDF570F5
SRR11476461,2020-04-05 05:39:43,2020-04-05 05:19:48,1519670,854859562,1519670,562,454,,https://sra-downloadb.be-md.ncbi.nlm.nih.gov/sos3/sra-pub-run-19/SRR11476461/SRR11476461.1,SRX8052682,SEQ2852,AMPLICON,RT-PCR,VIRAL RNA,PAIRED,0,0,ILLUMINA,Illumina MiSeq,SRP255151,PRJNA622817,3,622817,SRS6422657,SAMN14530228,simple,2697049,Severe acute respiratory syndrome coronavirus 2,P200013,,,,,,,no,,,,,CDC-PDD,SRA1062089,,public,DBD4B5C3F7804CDDA31B47F3B78461E7,C8E7AC5A416FF166409E248B016DE701
SRR11476462,2020-04-05 04:03:40,2020-04-05 04:02:36,1160368,688788850,1160368,593,340,,https://sra-downloadb.be-md.ncbi.nlm.nih.gov/sos3/sra-pub-run-19/SRR11476462/SRR11476462.1,SRX8052681,SEQ2851,AMPLICON,RT-PCR,VIRAL RNA,PAIRED,0,0,ILLUMINA,Illumina MiSeq,SRP255151,PRJNA622817,3,622817,SRS6422657,SAMN14530228,simple,2697049,Severe acute respiratory syndrome coronavirus 2,P200013,,,,,,,no,,,,,CDC-PDD,SRA1062089,,public,7BD295CF1FF7CDFA3725BAD4AA325607,57AF4916BF5829DD1FADAA3135ED7997
SRR11476463,2020-04-05 04:10:03,2020-04-05 04:07:07,1635539,942399492,1635539,576,475,,https://sra-downloadb.be-md.ncbi.nlm.nih.gov/sos3/sra-pub-run-20/SRR11476463/SRR11476463.1,SRX8052680,SEQ2850,AMPLICON,RT-PCR,VIRAL RNA,PAIRED,0,0,ILLUMINA,Illumina MiSeq,SRP255151,PRJNA622817,3,622817,SRS6422657,SAMN14530228,simple,2697049,Severe acute respiratory syndrome coronavirus 2,P200013,,,,,,,no,,,,,CDC-PDD,SRA1062089,,public,8C11340782B0A162EDEF9343CBBC2049,FFF51BAAD54F9C6BA332E306CADD053F
SRR11476464,2020-04-05 04:18:26,2020-04-05 04:07:55,1263331,746716196,1263331,591,371,,https://sra-downloadb.be-md.ncbi.nlm.nih.gov/sos3/sra-pub-run-19/SRR11476464/SRR11476464.1,SRX8052679,SEQ2849,AMPLICON,RT-PCR,VIRAL RNA,PAIRED,0,0,ILLUMINA,Illumina MiSeq,SRP255151,PRJNA622817,3,622817,SRS6422657,SAMN14530228,simple,2697049,Severe acute respiratory syndrome coronavirus 2,P200013,,,,,,,no,,,,,CDC-PDD,SRA1062089,,public,C8EF227CA230E315B468B60672DAE6CB,59E9CE8EC8362FB6716D9316E708330C
SRR11476465,2020-04-05 03:54:10,2020-04-05 03:44:19,1376948,818077186,1376948,594,407,,https://sra-downloadb.be-md.ncbi.nlm.nih.gov/sos3/sra-pub-run-21/SRR11476465/SRR11476465.1,SRX8052678,SEQ2848,AMPLICON,RT-PCR,VIRAL RNA,PAIRED,0,0,ILLUMINA,Illumina MiSeq,SRP255151,PRJNA622817,3,622817,SRS6422657,SAMN14530228,simple,2697049,Severe acute respiratory syndrome coronavirus 2,P200013,,,,,,,no,,,,,CDC-PDD,SRA1062089,,public,100BA52939D4CD03466B302EEF65C1FB,F0BAE40A3DC7EEDA6A59BCF9CAB0B924
SRR11476467,2020-04-05 04:18:26,2020-04-05 04:09:47,498711,587275578,0,1177,442,,https://sra-downloadb.be-md.ncbi.nlm.nih.gov/sos3/sra-pub-run-19/SRR11476467/SRR11476467.1,SRX8052676,E0133_BC37,AMPLICON,RT-PCR,VIRAL RNA,SINGLE,0,0,OXFORD_NANOPORE,MinION,SRP255151,PRJNA622817,3,622817,SRS6422657,SAMN14530228,simple,2697049,Severe acute respiratory syndrome coronavirus 2,P200013,,,,,,,no,,,,,CDC-PDD,SRA1062089,,public,0905060343216DDC2A4C341E578BA318,9A7295CB148F4842A69A36C539DAE4AA
SRR11476466,2020-04-05 04:02:53,2020-04-05 04:00:06,526809,619827806,0,1176,467,,https://sra-downloadb.be-md.ncbi.nlm.nih.gov/sos3/sra-pub-run-21/SRR11476466/SRR11476466.1,SRX8052677,E0133_BC38,AMPLICON,RT-PCR,VIRAL RNA,SINGLE,0,0,OXFORD_NANOPORE,MinION,SRP255151,PRJNA622817,3,622817,SRS6422658,SAMN14530229,simple,2697049,Severe acute respiratory syndrome coronavirus 2,P200016,,,,,,,no,,,,,CDC-PDD,SRA1062089,,public,F7E58DC20B055FC9F582B6657D970D8F,BD82F206383DB08C4EA90C4A96EBF5D6

