Run,ReleaseDate,LoadDate,spots,bases,spots_with_mates,avgLength,size_MB,AssemblyName,download_path,Experiment,LibraryName,LibraryStrategy,LibrarySelection,LibrarySource,LibraryLayout,InsertSize,InsertDev,Platform,Model,SRAStudy,BioProject,Study_Pubmed_id,ProjectID,Sample,BioSample,SampleType,TaxID,ScientificName,SampleName,g1k_pop_code,source,g1k_analysis_group,Subject_ID,Sex,Disease,Tumor,Affection_Status,Analyte_Type,Histological_Type,Body_Site,CenterName,Submission,dbgap_study_accession,Consent,RunHash,ReadHash
SRR11445486,2020-03-29 22:39:27,2020-03-29 22:36:43,73101,34238618,0,468,30,,https://sra-downloadb.be-md.ncbi.nlm.nih.gov/sos3/sra-pub-run-21/SRR11445486/SRR11445486.1,SRX8023306,EPI_ISL_417917,AMPLICON,PCR,VIRAL RNA,SINGLE,0,0,OXFORD_NANOPORE,MinION,SRP254488,PRJNA616147,,616147,SRS6395995,SAMN14483189,simple,2697049,Severe acute respiratory syndrome coronavirus 2,EPI_ISL_417917,,,,,,,no,,,,,UNIVERSITY MALAYA,SRA1060312,,public,111CFE324D11C3334BCEF2F66F5B64DB,36B61D80136890768667479859276E08
SRR11514750,2020-04-14 12:10:08,2020-04-10 13:48:50,947580,161748802,947580,170,54,,https://sra-downloadb.be-md.ncbi.nlm.nih.gov/sos3/sra-pub-run-19/SRR11514750/SRR11514750.1,SRX8086360,LK1,AMPLICON,RANDOM,VIRAL RNA,PAIRED,0,0,ILLUMINA,Illumina iSeq 100,SRP254488,PRJNA616147,,616147,SRS6395995,SAMN14483189,simple,2697049,Severe acute respiratory syndrome coronavirus 2,EPI_ISL_417917,,,,,,,no,,,,,UNIVERSITY MALAYA,SRA1064092,,public,538DC4F384FFB5026FB05F615FA0BFFD,2BDBDC6AEE1B9473C51B88C4FE0EAE09
SRR11514749,2020-04-14 12:16:59,2020-04-10 13:44:16,1028510,174500672,1028510,169,59,,https://sra-downloadb.be-md.ncbi.nlm.nih.gov/sos3/sra-pub-run-20/SRR11514749/SRR11514749.1,SRX8086361,S2,AMPLICON,RANDOM,VIRAL RNA,PAIRED,0,0,ILLUMINA,Illumina iSeq 100,SRP254488,PRJNA616147,,616147,SRS6395996,SAMN14483190,simple,2697049,Severe acute respiratory syndrome coronavirus 2,EPI_ISL_417918,,,,,,,no,,,,,UNIVERSITY MALAYA,SRA1064092,,public,986464604596C46DBF9CA1BDFCE4A5CF,A7B4684B9447375F61A94009E1E88B77
SRR11445485,2020-03-29 22:39:27,2020-03-29 22:36:50,156267,73760203,0,472,64,,https://sra-downloadb.be-md.ncbi.nlm.nih.gov/sos3/sra-pub-run-21/SRR11445485/SRR11445485.1,SRX8023307,EPI_ISL_417918,AMPLICON,PCR,VIRAL RNA,SINGLE,0,0,OXFORD_NANOPORE,MinION,SRP254488,PRJNA616147,,616147,SRS6395996,SAMN14483190,simple,2697049,Severe acute respiratory syndrome coronavirus 2,EPI_ISL_417918,,,,,,,no,,,,,UNIVERSITY MALAYA,SRA1060312,,public,6A89B3FC07CB535DBE03A0D3DEC815E1,475831D2D65BBADECB3BC4A0ECEE835F
SRR11542244,2020-04-14 21:13:31,2020-04-14 21:10:26,733611,118456321,733611,161,40,,https://sra-downloadb.be-md.ncbi.nlm.nih.gov/sos3/sra-pub-run-21/SRR11542244/SRR11542244.1,SRX8112341,I3,AMPLICON,PCR,VIRAL RNA,PAIRED,0,0,ILLUMINA,Illumina iSeq 100,SRP254488,PRJNA616147,,616147,SRS6477427,SAMN14596408,simple,2697049,Severe acute respiratory syndrome coronavirus 2,EPI_ISL_417919,,,,,,,no,,,,,UNIVERSITY MALAYA,SRA1064996,,public,C31B6F1726A78B323B295428AE3BC87B,F3DC724E3FB0AAB0B8D6614830E7848E
SRR11547279,2020-04-14 23:47:18,2020-04-14 23:44:22,73928,49737705,0,672,43,,https://sra-downloadb.be-md.ncbi.nlm.nih.gov/sos3/sra-pub-run-19/SRR11547279/SRR11547279.1,SRX8117329,N3,AMPLICON,PCR,VIRAL RNA,SINGLE,0,0,OXFORD_NANOPORE,MinION,SRP254488,PRJNA616147,,616147,SRS6477427,SAMN14596408,simple,2697049,Severe acute respiratory syndrome coronavirus 2,EPI_ISL_417919,,,,,,,no,,,,,UNIVERSITY MALAYA,SRA1065498,,public,198A621DADD11A142CE882D96F984835,497B07C0EBBB1CF0BA77045FD268B5AF
SRR11542243,2020-04-14 21:13:31,2020-04-14 21:10:30,898380,153868630,898380,171,52,,https://sra-downloadb.be-md.ncbi.nlm.nih.gov/sos3/sra-pub-run-21/SRR11542243/SRR11542243.1,SRX8112342,I4,AMPLICON,PCR,VIRAL RNA,PAIRED,0,0,ILLUMINA,Illumina iSeq 100,SRP254488,PRJNA616147,,616147,SRS6477428,SAMN14596409,simple,2697049,Severe acute respiratory syndrome coronavirus 2,EPI_ISL_417920,,,,,,,no,,,,,UNIVERSITY MALAYA,SRA1064996,,public,ADAA07008549FFEA77A5FAF3E4491F5B,3EE5FEF18C040434BBF349EDC0B37BB0

